通用码,全历史模式,最优区间模式,最终采用模式,模式漂移,最优区间长度,零值比(全历史),零值比(最优区间),CV(全历史),CV(最优区间),趋势(全历史),趋势(最优区间),MASE,最优方法,是否V6新增方法
CF3300320001,sparse,sparse,sparse,否,13,0.8431,0.9231,0.866,0.0,none,none,0.0299,croston,是
CF3300350593,lumpy,trending,trending,是,22,0.7255,0.6818,0.9769,0.7289,none,increasing,0.0,ma_3,否
CF3300350594,trending,trending,trending,否,22,0.7255,0.6818,0.7308,0.7289,increasing,increasing,0.0,ma_3,否
CF3300350595,lumpy,trending,trending,是,22,0.7255,0.6818,0.7024,0.7289,none,increasing,0.0,ma_3,否
CF3300350596,lumpy,trending,trending,是,22,0.7255,0.6818,0.7024,0.7289,none,increasing,0.0,ma_3,否
CJ1010002556,intermittent,intermittent,intermittent,否,13,0.7647,0.6923,0.4491,0.4738,none,none,0.0,median_5,否
CJ1010003287,seasonal,intermittent,intermittent,是,21,0.6078,0.2857,0.5609,0.3808,increasing,none,0.0031,adida,是
CJ1010003584,intermittent,intermittent,intermittent,否,18,0.549,0.5,0.6846,0.5292,none,none,0.0672,optimized_ses,否
CJ1010003803,sparse,intermittent,intermittent,是,13,0.8039,0.7692,0.4817,0.3536,none,none,0.0175,weighted_ma_5,是
CJ1010003846,intermittent,intermittent,intermittent,否,24,0.6471,0.7083,0.6582,0.4489,none,none,0.0921,winsorized,是
CJ1010003857,trending,seasonal,seasonal,是,22,0.6863,0.8182,0.4112,0.1208,decreasing,none,0.0168,ma_3,否
CJ1010003867,stable,stable,stable,否,25,0.0784,0.08,0.4865,0.3881,none,none,0.0607,optimized_hw,是
CJ1010003937,trending,sparse,sparse,是,13,0.6863,0.8462,0.7831,0.2,decreasing,none,0.0,median_5,否
CJ1010003958,intermittent,seasonal,seasonal,是,25,0.451,0.48,0.6136,0.5642,none,none,0.0467,theta,是
CJ1010004051,intermittent,intermittent,intermittent,否,24,0.2745,0.25,0.5382,0.5022,none,none,0.4473,winsorized,是
CJ1010004074,intermittent,intermittent,intermittent,否,13,0.4118,0.6154,0.5216,0.2578,none,none,0.0131,theta,是
CJ1010004086,lumpy,sparse,sparse,是,19,0.7843,0.9474,1.076,0.0,none,none,0.0,median_5,否
CJ1010004169,seasonal,seasonal,seasonal,否,14,0.3725,0.2143,1.0255,0.8695,none,none,0.0427,seasonal_naive,否
CJ1010004170,trending,trending,trending,否,19,0.7451,0.7895,0.6145,0.4724,decreasing,decreasing,0.0,optimized_des,否
CJ1010004439,seasonal,seasonal,seasonal,否,14,0.8039,0.8571,0.5933,0.8182,none,none,0.0,seasonal_naive,否
CJ1010004510,seasonal,intermittent,intermittent,是,19,0.3137,0.4211,0.9103,0.5612,decreasing,none,0.1079,theta,是
CJ1010004675,seasonal,stable,stable,是,14,0.098,0.1429,0.8364,0.6461,decreasing,none,0.0106,ma_3,否
CJ1010004676,seasonal,stable,stable,是,23,0.1569,0.2174,1.1031,0.6779,decreasing,none,0.0141,theta,是
CJ1010004903,seasonal,intermittent,intermittent,是,26,0.4706,0.5769,0.4893,0.5173,decreasing,none,0.0,ma_5,否
CJ1010004973,lumpy,intermittent,intermittent,是,13,0.7843,0.6923,0.9158,0.6434,none,none,0.3304,interval_based,否
CJ1010004974,stable,stable,stable,否,18,0.1765,0.1111,0.5365,0.5414,none,none,0.0097,interval_based,否
CJ1010005169,sparse,sparse,sparse,否,20,0.8235,0.85,0.6009,0.5401,none,none,0.0136,winsorized,是
CJ1010005251,seasonal,seasonal,seasonal,否,21,0.7059,0.8571,0.6261,0.202,decreasing,none,0.0,seasonal_naive,否
CJ1010005351,lumpy,lumpy,lumpy,否,13,0.5098,0.3846,1.767,0.7582,none,none,0.1211,theta,是
CJ1010005371,trending,sparse,sparse,是,22,0.7451,0.9545,0.4904,0.0,decreasing,none,0.1384,adida,是
CJ1010005477,seasonal,intermittent,intermittent,是,26,0.7255,0.7692,0.8085,0.4518,none,none,0.0,median_5,否
CJ1010005478,erratic,seasonal,seasonal,是,22,0.1765,0.0,0.7682,1.0036,none,decreasing,0.0975,optimized_des,否
CJ1010005505,intermittent,intermittent,intermittent,否,14,0.4902,0.5714,0.6148,0.4037,none,none,0.0,ma_5,否
CJ1010005517,seasonal,intermittent,intermittent,是,26,0.6471,0.7308,0.4835,0.559,none,none,0.0,ma_5,否
CJ1010005522,seasonal,intermittent,intermittent,是,24,0.4902,0.5417,0.6314,0.5092,none,none,0.0,median_5,否
CJ1010005528,trending,stable,stable,是,13,0.0196,0.0,0.3692,0.3484,decreasing,none,0.4315,optimized_hw,是
CJ1010005530,trending,seasonal,seasonal,是,26,0.4902,0.6154,0.5356,0.4404,decreasing,decreasing,0.0095,theta,是
CJ1010005533,seasonal,seasonal,seasonal,否,16,0.1373,0.3125,0.5676,0.3747,decreasing,none,0.013,theta,是
CJ1010005539,trending,seasonal,seasonal,是,26,0.0,0.0,0.5584,0.5456,decreasing,none,0.173,median_5,否
CJ1010005550,trending,sparse,sparse,是,13,0.8039,0.9231,0.5313,0.0,decreasing,none,0.0,median_5,否
CJ1010005576,trending,intermittent,intermittent,是,13,0.6078,0.7692,0.693,0.3536,decreasing,none,0.0216,interval_based,否
CJ1010005588,stable,stable,stable,否,13,0.1961,0.1538,0.5859,0.2628,none,none,0.0523,optimized_hw,是
CJ1010005594,lumpy,lumpy,lumpy,否,25,0.3725,0.28,0.9546,0.7062,none,none,0.0,median_5,否
CJ1010005601,stable,trending,trending,是,23,0.0588,0.0,0.6531,0.7343,none,decreasing,0.0297,seasonal_naive,否
CJ1010005611,seasonal,sparse,sparse,是,14,0.8235,0.9286,1.0936,0.0,none,none,2.6931,interval_based,否
CJ1010005632,lumpy,sparse,sparse,是,18,0.7647,0.8889,0.8629,0.9143,none,none,0.1946,croston,是
CJ1010005639,lumpy,sparse,sparse,是,13,0.6471,0.8462,1.0181,0.5,none,none,0.0,median_5,否
CJ1010005640,seasonal,seasonal,seasonal,否,19,0.7451,0.7895,0.5196,0.7778,none,none,0.0,seasonal_naive,否
CJ1010005660,trending,stable,stable,是,20,0.2157,0.0,0.5932,0.5277,increasing,none,0.0135,optimized_des,否
CJ1010005668,lumpy,intermittent,intermittent,是,26,0.5294,0.5385,0.7147,0.424,none,none,0.0,median_5,否
CJ1010005671,intermittent,intermittent,intermittent,否,19,0.7647,0.6316,0.5448,0.5521,none,none,0.001,interval_based,否
CJ1010005745,seasonal,sparse,sparse,是,18,0.7059,0.9444,0.8153,0.0,decreasing,none,0.0,median_5,否
CJ1010005875,seasonal,intermittent,intermittent,是,22,0.5098,0.6364,0.5334,0.293,decreasing,none,0.0,median_5,否
CJ1010005942,trending,sparse,sparse,是,17,0.7059,0.8824,0.3432,0.2857,decreasing,none,0.0,median_5,否
CJ1010006139,intermittent,intermittent,intermittent,否,13,0.6078,0.5385,0.481,0.6311,none,none,0.1043,interval_based,否
CJ1010006199,intermittent,intermittent,intermittent,否,13,0.549,0.4615,0.5072,0.4578,none,none,0.3788,ma_3,否
CJ1010006263,seasonal,seasonal,seasonal,否,14,0.6863,0.7143,0.3493,0.1155,none,none,0.0,median_5,否
CJ1010006293,seasonal,seasonal,seasonal,否,22,0.4314,0.7273,0.5138,0.4398,decreasing,none,0.0,ma_5,否
CJ1010006374,intermittent,intermittent,intermittent,否,26,0.549,0.5769,0.4999,0.4984,none,none,0.1701,weighted_ma_5,是
CJ1010006464,intermittent,sparse,sparse,是,16,0.7843,0.8125,0.4523,0.0,none,none,1.5686,ma_3,否
CJ1010006471,sparse,sparse,sparse,否,20,0.8431,0.85,0.4738,0.4082,none,none,1.7218,croston,是
CJ1010006502,intermittent,sparse,sparse,是,13,0.7451,0.8462,0.1386,0.0,none,none,0.0,median_5,否
CJ1010006503,intermittent,all_zero,all_zero,是,13,0.6863,1.0,0.4625,0.0,none,none,0.0,ma_5,否
CJ1010006593,sparse,sparse,sparse,否,26,0.8039,0.8077,0.7177,0.7746,none,none,0.2976,adida,是
CJ1010006627,intermittent,trending,trending,是,22,0.3137,0.5,0.6587,0.6398,none,decreasing,0.0225,seasonal_naive,否
CJ1010006631,lumpy,sparse,sparse,是,19,0.7255,0.8421,0.784,0.8081,none,none,0.012,croston,是
CJ1010006642,intermittent,intermittent,intermittent,否,14,0.7843,0.6429,0.528,0.4402,none,none,0.2564,ma_5,否
CJ1010006645,intermittent,intermittent,intermittent,否,13,0.7843,0.6923,0.2635,0.0,none,none,0.0,interval_based,否
CJ1010006741,seasonal,stable,stable,是,24,0.2745,0.0833,0.5612,0.5139,increasing,none,0.0471,ma_3,否
CJ1010006743,stable,stable,stable,否,13,0.098,0.1538,0.5278,0.628,none,none,0.0104,weighted_ma_5,是
CJ1010006751,trending,sparse,sparse,是,24,0.5686,0.875,0.7043,0.5888,decreasing,none,0.0063,tsb_opt,否
CJ1010006896,seasonal,stable,stable,是,26,0.4706,0.1154,0.5716,0.5205,increasing,none,0.0954,seasonal_naive,否
CJ1010006909,trending,all_zero,all_zero,是,13,0.7255,1.0,0.3855,0.0,decreasing,none,0.0,ma_5,否
CJ1010006926,intermittent,intermittent,intermittent,否,25,0.7059,0.72,0.372,0.4082,none,none,0.0354,interval_based,否
CJ1010006958,intermittent,intermittent,intermittent,否,13,0.5882,0.6154,0.6746,0.5652,none,none,0.0087,winsorized,是
CJ1010007001,trending,intermittent,intermittent,是,25,0.7059,0.56,0.5989,0.552,increasing,none,0.202,median_5,否
CJ1010007035,trending,intermittent,intermittent,是,13,0.4314,0.4615,0.7543,0.3925,increasing,none,0.0307,adida,是
CJ1010007063,intermittent,seasonal,seasonal,是,16,0.6863,0.75,0.5889,0.4738,none,none,0.0,optimized_des,否
CJ1010007103,sparse,intermittent,intermittent,是,18,0.8039,0.7222,0.5869,0.4772,none,none,0.0,median_5,否
CJ1010007122,seasonal,intermittent,intermittent,是,18,0.5098,0.7222,0.5103,0.636,none,none,0.1003,optimized_ses,否
CJ1010007137,seasonal,seasonal,seasonal,否,26,0.6863,0.7692,0.3921,0.1697,none,none,0.0485,optimized_hw,是
CJ1010007140,seasonal,all_zero,all_zero,是,13,0.8431,1.0,0.433,0.0,none,none,0.3966,optimized_ses,否
CJ1010007156,sparse,sparse,sparse,否,13,0.8431,0.8462,0.4443,0.4286,none,none,1.2644,interval_based,否
CJ1010007191,seasonal,seasonal,seasonal,否,14,0.6667,0.7857,0.8874,0.2923,none,none,0.0581,optimized_hw,是
CJ1010007210,intermittent,seasonal,seasonal,是,25,0.7647,0.76,0.3194,0.3194,none,none,0.0,ma_5,否
CJ1010007222,sparse,intermittent,intermittent,是,21,0.8431,0.7619,0.6061,0.6603,none,none,0.0097,croston,是
CJ1010007319,intermittent,sparse,sparse,是,24,0.7843,0.8333,0.5107,0.8389,none,none,0.0495,interval_based,否
CJ1010007334,lumpy,lumpy,lumpy,否,17,0.3333,0.2941,0.7303,0.7302,none,none,0.0784,median_5,否
CJ1010007337,intermittent,stable,stable,是,13,0.3922,0.2308,0.5098,0.2727,none,none,0.0,seasonal_naive,否
CJ1010007360,intermittent,intermittent,intermittent,否,18,0.5882,0.6111,0.5642,0.5813,none,none,0.0,median_5,否
CJ1010007386,intermittent,intermittent,intermittent,否,14,0.6667,0.6429,0.3875,0.4165,none,none,0.0,median_5,否
CJ1010007390,trending,intermittent,intermittent,是,16,0.5294,0.5,0.6329,0.4982,increasing,none,0.0,ma_5,否
CJ1010007452,sparse,all_zero,all_zero,是,13,0.8039,1.0,0.185,0.0,none,none,0.0096,optimized_ses,否
CJ1010007454,intermittent,sparse,sparse,是,13,0.7451,0.9231,0.6973,0.0,none,none,0.0,median_5,否
CJ1010007548,seasonal,sparse,sparse,是,13,0.7843,0.9231,0.6936,0.0,decreasing,none,0.0,median_5,否
CJ1010007576,intermittent,intermittent,intermittent,否,26,0.451,0.4615,0.4661,0.2923,none,none,0.2315,ma_3,否
CJ1010007591,seasonal,seasonal,seasonal,否,24,0.6471,0.7917,0.6518,0.711,decreasing,decreasing,0.1029,ma_5,否
CJ1010007647,sparse,sparse,sparse,否,25,0.8235,0.84,0.5699,0.3333,none,none,0.0208,adida,是
CJ1010007687,seasonal,seasonal,seasonal,否,26,0.5294,0.7692,0.5808,0.3536,decreasing,decreasing,0.0136,optimized_hw,是
CJ1010007782,intermittent,intermittent,intermittent,否,13,0.7843,0.5385,0.2832,0.396,none,none,0.0532,adida,是
CJ1010007810,seasonal,intermittent,intermittent,是,24,0.549,0.7083,0.3423,0.1633,none,none,0.0,ma_5,否
CJ1010007843,lumpy,stable,stable,是,15,0.2549,0.2,0.7006,0.5805,none,none,0.0,ma_5,否
CJ1010007848,seasonal,stable,stable,是,13,0.0588,0.0,0.8641,0.472,increasing,none,0.172,optimized_des,否
CJ1010007850,erratic,erratic,erratic,否,13,0.2157,0.2308,0.785,0.9486,none,none,0.0101,weighted_ma_5,是
CJ1010007851,seasonal,erratic,erratic,是,13,0.2941,0.0,0.8826,0.7142,increasing,none,0.473,adida,是
CJ1010007854,sparse,sparse,sparse,否,14,0.8039,0.9286,0.6668,0.0,none,none,0.0311,croston,是
CJ1010007904,lumpy,lumpy,lumpy,否,13,0.5294,0.3846,0.9105,0.8424,none,none,0.0347,ma_3,否
CJ1010007905,intermittent,sparse,sparse,是,13,0.7843,0.9231,0.4956,0.0,none,none,0.1624,croston,是
CJ1010007928,seasonal,seasonal,seasonal,否,14,0.6471,0.5714,0.6999,0.4032,increasing,none,0.0,median_5,否
CJ1010007969,intermittent,sparse,sparse,是,24,0.7843,0.8333,0.664,0.3142,none,none,0.0,median_5,否
CJ1010007993,trending,intermittent,intermittent,是,13,0.6863,0.3077,0.6377,0.5341,increasing,none,0.099,adida,是
CJ1010007994,intermittent,intermittent,intermittent,否,15,0.6078,0.6,0.6499,0.6362,none,none,0.0,weighted_ma_5,是
CJ1010007999,seasonal,erratic,erratic,是,13,0.8039,0.2308,0.7734,0.7734,increasing,none,0.1861,tsb_opt,否
CJ1010008000,seasonal,erratic,erratic,是,21,0.1961,0.0952,1.23,0.771,increasing,none,0.0338,ma_3,否
CJ1010008037,stable,seasonal,seasonal,是,14,0.2353,0.1429,0.5663,0.5107,none,none,0.0838,seasonal_naive,否
CJ1010008038,stable,stable,stable,否,13,0.1569,0.0769,0.514,0.4519,none,none,0.0167,optimized_ses,否
CJ1010008046,intermittent,intermittent,intermittent,否,18,0.7451,0.7778,0.6297,0.6,none,none,0.0,median_5,否
CJ1010008086,seasonal,all_zero,all_zero,是,13,0.8039,1.0,0.7148,0.0,decreasing,none,0.0,ma_5,否
CJ1010008144,intermittent,seasonal,seasonal,是,13,0.7255,0.6154,0.6366,0.3062,none,none,0.0,seasonal_naive,否
CJ1010008188,sparse,trending,trending,是,13,0.8431,0.8462,0.7141,0.3333,none,decreasing,0.238,optimized_hw,是
CJ1010008196,lumpy,intermittent,intermittent,是,19,0.4706,0.6316,0.8236,0.6087,none,none,0.0623,ma_5,否
CJ1010008204,sparse,intermittent,intermittent,是,13,0.8039,0.6923,0.6,0.4738,none,none,0.0529,tsb_opt,否
CJ1010008240,lumpy,intermittent,intermittent,是,22,0.6471,0.5909,0.9371,0.4941,none,none,0.0012,optimized_ses,否
CJ1010008259,sparse,sparse,sparse,否,18,0.8039,0.8333,0.7478,0.6903,none,none,0.0,median_5,否
CJ1010008261,seasonal,seasonal,seasonal,否,15,0.2745,0.0667,0.5503,0.3692,increasing,none,0.162,weighted_ma_5,是
CJ1010008371,intermittent,seasonal,seasonal,是,14,0.5294,0.6429,0.6473,0.3529,none,none,0.0449,optimized_hw,是
CJ1010008381,seasonal,intermittent,intermittent,是,13,0.8431,0.6923,0.6538,0.3333,none,none,0.0446,winsorized,是
CJ1010008453,intermittent,intermittent,intermittent,否,14,0.6667,0.5,0.6406,0.6223,none,none,0.0029,adida,是
CJ1010008489,lumpy,sparse,sparse,是,26,0.7451,0.8077,0.8228,0.5285,none,none,0.0,median_5,否
CJ1010008533,seasonal,intermittent,intermittent,是,25,0.549,0.36,0.5668,0.4017,none,none,0.0042,winsorized,是
CJ1010008568,seasonal,seasonal,seasonal,否,13,0.6275,0.2308,0.7776,0.7983,increasing,none,0.1139,optimized_hw,是
CJ1010008616,seasonal,intermittent,intermittent,是,13,0.7255,0.7692,0.8878,0.2828,none,none,0.0901,adida,是
CJ1010008725,sparse,sparse,sparse,否,13,0.8235,0.8462,0.5026,0.0,none,none,0.0319,adida,是
CJ1010008815,lumpy,trending,trending,是,13,0.6275,0.8462,1.2471,0.48,none,decreasing,0.0421,seasonal_naive,否
CJ1010008860,seasonal,seasonal,seasonal,否,14,0.7451,0.7143,0.661,0.2474,none,decreasing,2.4849,theta,是
CJ1010008951,sparse,intermittent,intermittent,是,18,0.8235,0.6111,0.7537,0.6814,none,none,0.1932,weighted_ma_5,是
CJ1010009191,trending,lumpy,lumpy,是,13,0.8627,0.4615,0.8137,0.8137,increasing,none,0.012,croston,是
CJ1010009404,intermittent,intermittent,intermittent,否,13,0.5882,0.6923,0.372,0.0,none,none,0.0,median_5,否
CJ1010010478,sparse,intermittent,intermittent,是,21,0.8235,0.7619,0.2844,0.2981,none,none,0.0,ma_5,否
CJ1010061096,seasonal,sparse,sparse,是,15,0.7647,0.8667,0.4497,0.0,decreasing,none,0.0,median_5,否
CJ1010061301,erratic,erratic,erratic,否,22,0.1765,0.2273,0.8464,0.9812,none,none,0.0509,weighted_ma_5,是
CJ1010061352,intermittent,seasonal,seasonal,是,13,0.7843,0.8462,0.5465,0.0,none,none,0.0,seasonal_naive,否
CJ1010061355,seasonal,all_zero,all_zero,是,13,0.8039,1.0,0.7642,0.0,none,none,0.476,optimized_ses,否
CJ1010071092,seasonal,seasonal,seasonal,否,21,0.7059,0.7143,0.4708,0.1862,none,none,0.0,seasonal_naive,否
CJ1010071343,intermittent,seasonal,seasonal,是,14,0.2941,0.2143,0.5149,0.5693,none,none,0.0473,optimized_ses,否
CJ1010071355,sparse,sparse,sparse,否,13,0.8039,0.9231,0.4146,0.0,none,none,0.0,median_5,否
CJ1010071373,stable,seasonal,seasonal,是,25,0.1765,0.16,0.36,0.3637,none,none,0.2477,optimized_des,否
CJ1010071480,seasonal,stable,stable,是,21,0.1765,0.0,0.5506,0.4024,increasing,none,0.0307,ma_3,否
CJ1010101644,seasonal,all_zero,all_zero,是,13,0.8039,1.0,0.2071,0.0,decreasing,none,0.0,ma_5,否
CJ1010101786,seasonal,seasonal,seasonal,否,13,0.7843,0.5385,0.4794,0.5904,none,none,0.0,median_5,否
CJ1010101830,sparse,all_zero,all_zero,是,13,0.8039,1.0,0.2318,0.0,none,none,0.3937,optimized_ses,否
CJ1010101842,intermittent,intermittent,intermittent,否,14,0.6471,0.7143,0.3451,0.2649,none,none,0.0751,weighted_ma_5,是
CJ1010101843,intermittent,intermittent,intermittent,否,15,0.6471,0.7333,0.3114,0.2304,none,none,0.0,ma_5,否
CJ1010121214,intermittent,intermittent,intermittent,否,14,0.6078,0.6429,0.4166,0.4561,none,none,0.037,adida,是
CJ1010121304,sparse,sparse,sparse,否,17,0.8235,0.8824,0.441,0.0,none,none,0.1159,interval_based,否
CJ1010121305,intermittent,intermittent,intermittent,否,13,0.549,0.6923,0.3524,0.3032,none,none,0.0779,weighted_ma_5,是
CJ1010121317,seasonal,intermittent,intermittent,是,13,0.7255,0.7692,0.1687,0.0,none,none,0.0063,theta,是
CJ1010121357,intermittent,intermittent,intermittent,否,13,0.7647,0.7692,0.3093,0.0,none,none,0.0,ma_5,否
CJ1010121496,trending,trending,trending,否,13,0.8431,0.5385,0.4,0.3055,increasing,increasing,0.8333,seasonal_naive,否
CJ1010121509,seasonal,intermittent,intermittent,是,20,0.7059,0.7,0.333,0.1315,none,none,0.0,median_5,否
CJ1010121510,intermittent,intermittent,intermittent,否,13,0.7059,0.7692,0.1962,0.0,none,none,0.0081,adida,是
CJ1010121584,erratic,seasonal,seasonal,是,14,0.2157,0.0714,0.811,0.568,none,none,0.5098,optimized_des,否
CJ1010121663,seasonal,stable,stable,是,22,0.1176,0.0455,0.5867,0.4439,increasing,none,0.392,ma_3,否
CJ1010121688,seasonal,all_zero,all_zero,是,13,0.451,1.0,1.2784,0.0,decreasing,none,0.1221,optimized_ses,否
CJ1010121703,trending,intermittent,intermittent,是,13,0.8431,0.6154,0.5682,0.5771,increasing,none,0.3634,winsorized,是
CJ1010121804,seasonal,stable,stable,是,15,0.549,0.2,0.5594,0.5131,increasing,none,0.7163,seasonal_naive,否
CJ1010130154,intermittent,intermittent,intermittent,否,13,0.7647,0.7692,0.4713,0.4082,none,none,0.0,median_5,否
CJ1010130261,intermittent,sparse,sparse,是,26,0.7843,0.8846,0.2724,0.1969,none,none,0.0,median_5,否
CJ1010130283,intermittent,trending,trending,是,19,0.7843,0.6316,0.496,0.4082,none,increasing,0.3937,seasonal_naive,否
CJ1010130285,intermittent,intermittent,intermittent,否,17,0.5686,0.5882,0.3571,0.1633,none,none,0.0,median_5,否
CJ1010140298,erratic,intermittent,intermittent,是,24,0.2157,0.25,0.7585,0.6773,none,none,0.1203,winsorized,是
CJ1010140384,intermittent,intermittent,intermittent,否,26,0.5294,0.6538,0.2813,0.2997,none,none,0.0264,croston,是
CJ1010140414,lumpy,lumpy,lumpy,否,13,0.3529,0.5385,0.7369,0.8068,none,none,0.0216,adida,是
CJ1010160594,seasonal,seasonal,seasonal,否,26,0.5098,0.6538,0.4666,0.498,decreasing,decreasing,0.0847,optimized_hw,是
CJ1010160989,intermittent,sparse,sparse,是,21,0.7647,0.8095,0.6776,0.4546,none,none,0.0,median_5,否
CJ1010161081,erratic,erratic,erratic,否,15,0.2353,0.0667,0.8104,0.7984,none,none,0.55,ma_3,否
CJ1010161410,trending,intermittent,intermittent,是,14,0.7647,0.5714,0.5821,0.4472,increasing,none,0.0526,adida,是
CJ1010250007,intermittent,seasonal,seasonal,是,14,0.7059,0.8571,0.3491,0.0,none,none,0.0,median_5,否
CJ1010270017,seasonal,sparse,sparse,是,13,0.549,0.8462,0.5922,0.0,decreasing,none,0.0,median_5,否
CJ1010270027,trending,stable,stable,是,23,0.1176,0.1304,0.6633,0.689,decreasing,none,0.3018,optimized_des,否
CJ1010270029,lumpy,intermittent,intermittent,是,13,0.5294,0.6154,0.7217,0.3333,none,none,0.0,ma_5,否
CJ1010270032,intermittent,intermittent,intermittent,否,14,0.6667,0.6429,0.4359,0.0,none,none,0.1149,ma_3,否
CJ1010270041,stable,seasonal,seasonal,是,20,0.0,0.0,0.5075,0.4297,none,none,0.0334,median_5,否
CJ1010270046,trending,intermittent,intermittent,是,13,0.4706,0.3077,0.6149,0.5821,increasing,none,0.7083,adida,是
CJ1010270082,seasonal,stable,stable,是,13,0.0196,0.0,0.4142,0.3461,increasing,none,0.2574,optimized_des,否
CJ1010300047,sparse,all_zero,all_zero,是,13,0.8039,1.0,0.9823,0.0,none,none,0.0,ma_5,否
CJ1010420069,lumpy,lumpy,lumpy,否,13,0.6471,0.3846,1.1508,0.7954,none,none,0.0654,ma_5,否
CJ1010420301,sparse,lumpy,lumpy,是,13,0.8039,0.6154,0.7746,0.7746,none,none,0.6307,theta,是
CJ1010420404,lumpy,all_zero,all_zero,是,13,0.7647,1.0,1.1531,0.0,none,none,0.0,ma_5,否
CJ1010420444,intermittent,stable,stable,是,13,0.2941,0.1538,0.6654,0.6309,none,none,0.2262,optimized_des,否
CJ1010420445,lumpy,lumpy,lumpy,否,15,0.3529,0.5333,0.9581,0.7539,none,none,0.0227,median_5,否
CJ1010420476,intermittent,lumpy,lumpy,是,16,0.7255,0.6875,0.6235,0.7583,none,none,0.0965,croston,是
CJ1010420517,lumpy,seasonal,seasonal,是,18,0.5882,0.5556,0.9676,0.7228,none,none,0.0,seasonal_naive,否
CJ1010420522,trending,sparse,sparse,是,26,0.5882,0.8077,0.8404,0.6524,decreasing,none,0.0216,adida,是
CJ1010420523,erratic,stable,stable,是,26,0.0588,0.0,0.7781,0.6913,none,none,0.0202,theta,是
CJ1010420540,intermittent,intermittent,intermittent,否,26,0.3529,0.5,0.652,0.4412,none,none,0.0,median_5,否
CJ1010420545,erratic,erratic,erratic,否,17,0.1765,0.1765,0.8952,0.7256,none,none,0.3097,winsorized,是
CJ1010420564,sparse,seasonal,seasonal,是,16,0.8431,0.6875,0.294,0.0,none,none,2.0168,optimized_hw,是
CJ1010420618,seasonal,stable,stable,是,17,0.0392,0.0,0.6011,0.3024,increasing,none,0.4307,seasonal_naive,否
CJ1010420623,intermittent,intermittent,intermittent,否,24,0.6275,0.5417,0.433,0.3937,none,none,0.0,ma_3,否
CJ1010420627,stable,seasonal,seasonal,是,14,0.0196,0.0,0.3885,0.3464,none,none,0.0572,optimized_hw,是
CJ1010420635,seasonal,intermittent,intermittent,是,13,0.7647,0.7692,0.3536,0.3536,none,none,0.0,median_5,否
CJ1010420659,sparse,sparse,sparse,否,13,0.8039,0.9231,0.6374,0.0,none,none,0.3846,ma_5,否
CJ1010420674,lumpy,seasonal,seasonal,是,17,0.7647,0.7059,0.8129,0.3446,none,none,0.0096,optimized_des,否
CJ1010420678,intermittent,intermittent,intermittent,否,22,0.5098,0.4091,0.3678,0.3529,none,none,0.0305,adida,是
CJ1010420686,lumpy,seasonal,seasonal,是,13,0.5882,0.3846,0.7566,0.7078,none,none,0.0063,optimized_ses,否
CJ1010420692,lumpy,erratic,erratic,是,16,0.3333,0.125,0.8395,0.7586,none,none,0.5435,median_5,否
CJ1010420731,seasonal,intermittent,intermittent,是,13,0.8039,0.4615,0.749,0.5328,increasing,none,0.1944,croston,是
CJ1010420739,trending,lumpy,lumpy,是,13,0.8431,0.3846,0.781,0.781,increasing,none,0.049,winsorized,是
CJ1010420750,trending,lumpy,lumpy,是,24,0.2941,0.5417,0.7947,0.7583,decreasing,none,0.1066,median_5,否
CJ1010420751,trending,trending,trending,否,26,0.1176,0.1154,0.6118,0.6184,decreasing,decreasing,0.0316,optimized_hw,是
CJ1010420753,intermittent,intermittent,intermittent,否,16,0.6863,0.6875,0.3655,0.3062,none,none,0.0422,optimized_ses,否
CJ1010440099,seasonal,seasonal,seasonal,否,13,0.6471,0.4615,0.5207,0.3514,increasing,none,0.4888,optimized_ses,否
CJ1010480071,sparse,sparse,sparse,否,26,0.8039,0.9231,0.4505,0.2,none,none,0.0,median_5,否
CJ1010480085,trending,all_zero,all_zero,是,13,0.8039,1.0,0.9007,0.0,decreasing,none,0.0,ma_5,否
CJ1010480086,intermittent,trending,trending,是,18,0.4902,0.6111,0.4862,0.2635,none,decreasing,0.0,optimized_des,否
CJ1010480124,intermittent,sparse,sparse,是,13,0.6863,0.9231,0.6009,0.0,none,none,0.0,median_5,否
CJ1010480141,lumpy,intermittent,intermittent,是,15,0.6078,0.6667,0.7001,0.5043,none,none,0.158,optimized_ses,否
CJ1010480146,intermittent,sparse,sparse,是,13,0.7647,0.8462,0.5099,0.5,none,none,0.0,median_5,否
CJ1010480171,seasonal,sparse,sparse,是,13,0.8039,0.9231,0.3886,0.0,none,none,0.0,median_5,否
CJ1010480173,intermittent,intermittent,intermittent,否,24,0.549,0.6667,0.527,0.4903,none,none,0.0,median_5,否
CJ1010480180,intermittent,all_zero,all_zero,是,13,0.7647,1.0,0.5413,0.0,none,none,0.0,ma_5,否
CJ1010480224,seasonal,sparse,sparse,是,13,0.7451,0.9231,0.5897,0.0,none,none,0.0,median_5,否
CJ1010480232,intermittent,seasonal,seasonal,是,13,0.7255,0.8462,0.5171,0.4286,none,none,0.0,median_5,否
CJ1010480238,intermittent,sparse,sparse,是,13,0.7647,0.9231,0.4622,0.0,none,none,0.0,median_5,否
CJ1010480297,intermittent,intermittent,intermittent,否,26,0.6863,0.7692,0.5372,0.5455,none,none,0.0,median_5,否
CJ1010480366,seasonal,all_zero,all_zero,是,13,0.8039,1.0,0.3333,0.0,decreasing,none,0.0,ma_5,否
CJ1010480368,intermittent,intermittent,intermittent,否,17,0.4902,0.7647,0.6654,0.5808,none,none,0.0,median_5,否
CJ1010480369,seasonal,sparse,sparse,是,24,0.8039,0.875,0.4699,0.3536,none,none,0.0,median_5,否
CJ1010480385,sparse,sparse,sparse,否,13,0.8039,0.8462,1.5779,0.8987,none,none,0.0,median_5,否
CJ1010480386,sparse,lumpy,lumpy,是,23,0.8039,0.7391,0.7444,0.8368,none,none,0.0,median_5,否
CJ1010480387,intermittent,intermittent,intermittent,否,18,0.7451,0.7778,0.5883,0.2551,none,none,0.035,croston,是
CJ1010480389,seasonal,seasonal,seasonal,否,15,0.4118,0.6667,0.5544,0.2885,none,decreasing,0.0,median_5,否
CJ1010480397,intermittent,intermittent,intermittent,否,24,0.5098,0.5,0.6526,0.3988,none,none,0.0,median_5,否
CJ1010480426,intermittent,seasonal,seasonal,是,15,0.6275,0.7333,0.6882,0.5493,none,decreasing,0.0,optimized_des,否
CJ1010480434,seasonal,intermittent,intermittent,是,23,0.7647,0.6957,0.6132,0.5175,none,none,0.0,median_5,否
CJ1010480454,intermittent,sparse,sparse,是,13,0.7451,0.8462,0.6905,0.3333,none,none,0.0,median_5,否
CJ1010480478,intermittent,lumpy,lumpy,是,13,0.3529,0.6154,0.6883,0.8966,none,none,0.0699,winsorized,是
CJ1010480487,intermittent,intermittent,intermittent,否,25,0.7059,0.6,0.6845,0.6044,none,none,0.0,median_5,否
CJ1010480534,sparse,intermittent,intermittent,是,13,0.8235,0.7692,0.344,0.0,none,none,0.7963,interval_based,否
CJ1010490031,lumpy,lumpy,lumpy,否,13,0.7451,0.7692,0.761,0.8411,none,none,0.0,median_5,否
CJ1010490054,trending,lumpy,lumpy,是,18,0.7059,0.5,0.7974,0.91,increasing,none,0.039,adida,是
CJ1010490077,seasonal,seasonal,seasonal,否,13,0.7451,0.5385,0.9984,0.6203,increasing,none,0.0528,optimized_ses,否
CJ1010490079,trending,lumpy,lumpy,是,13,0.8431,0.5385,0.7,0.778,increasing,none,0.0425,theta,是
CJ1010490081,seasonal,lumpy,lumpy,是,13,0.7843,0.4615,0.915,0.8004,increasing,none,0.0769,ma_3,否
CJ1010510004,trending,all_zero,all_zero,是,13,0.7647,1.0,0.6374,0.0,decreasing,none,0.0,ma_5,否
CJ1010510047,seasonal,seasonal,seasonal,否,19,0.549,0.3158,0.537,0.3529,none,none,0.5232,theta,是
CJ1010510048,seasonal,sparse,sparse,是,13,0.8431,0.9231,0.3464,0.0,none,none,0.6878,interval_based,否
CJ1010510055,intermittent,sparse,sparse,是,20,0.7843,0.8,0.3499,0.3333,none,none,0.1667,adida,是
CJ1010510056,seasonal,stable,stable,是,16,0.6078,0.1875,0.7028,0.5416,increasing,none,0.651,interval_based,否
CJ1010510063,intermittent,sparse,sparse,是,21,0.7647,0.8095,0.6888,0.6124,none,none,0.0,median_5,否
CJ1010510064,intermittent,intermittent,intermittent,否,13,0.7451,0.6923,0.3127,0.0,none,none,0.0,median_5,否
CJ1010510066,intermittent,sparse,sparse,是,13,0.7843,0.8462,0.3528,0.3333,none,none,0.0,median_5,否
CJ1010510067,seasonal,seasonal,seasonal,否,19,0.6275,0.4737,0.4865,0.4472,none,decreasing,0.0,ma_5,否
CJ1010510074,seasonal,intermittent,intermittent,是,13,0.6667,0.3077,0.639,0.6903,increasing,none,0.4343,croston,是
CJ1010510079,seasonal,intermittent,intermittent,是,24,0.2353,0.375,0.5858,0.3922,decreasing,none,0.0,ma_5,否
CJ1010510093,intermittent,intermittent,intermittent,否,14,0.4902,0.2857,0.488,0.4594,none,none,0.0407,tsb_opt,否
CJ1010510094,intermittent,stable,stable,是,13,0.2941,0.2308,0.5511,0.508,none,none,0.4857,interval_based,否
CJ1010510097,seasonal,intermittent,intermittent,是,13,0.5686,0.4615,0.5376,0.6057,none,none,0.1282,ma_3,否
CJ1010510100,seasonal,stable,stable,是,16,0.6275,0.0625,0.619,0.6181,increasing,none,0.1866,interval_based,否
CJ1010510103,trending,intermittent,intermittent,是,13,0.7059,0.4615,0.5161,0.4323,increasing,none,0.1258,theta,是
CJ1010510104,intermittent,intermittent,intermittent,否,16,0.5294,0.4375,0.4947,0.5345,none,none,0.0313,croston,是
CJ1010510111,seasonal,intermittent,intermittent,是,13,0.8235,0.3077,0.3402,0.3402,increasing,none,0.3135,croston,是
CJ1010510117,seasonal,seasonal,seasonal,否,22,0.1373,0.0,0.729,0.3002,increasing,none,0.7047,optimized_des,否
CJ1010510118,seasonal,intermittent,intermittent,是,13,0.8039,0.5385,0.2727,0.3194,increasing,none,0.2222,weighted_ma_5,是
CJ1010510127,intermittent,intermittent,intermittent,否,13,0.7059,0.6154,0.3536,0.3333,none,none,0.0,ma_5,否
CJ1010510128,intermittent,intermittent,intermittent,否,20,0.7451,0.6,0.5518,0.0,none,none,0.0115,croston,是
CJ1010510130,trending,seasonal,seasonal,是,14,0.4314,0.2143,0.4742,0.4993,increasing,none,0.0,ma_5,否
CJ1010510133,trending,trending,trending,否,13,0.2941,0.1538,0.612,0.429,increasing,decreasing,0.0914,optimized_ses,否
CJ1010510136,intermittent,intermittent,intermittent,否,26,0.6863,0.6538,0.5044,0.4742,none,none,0.0455,interval_based,否
CJ1010510140,seasonal,sparse,sparse,是,26,0.7843,0.8077,0.3264,0.0,none,none,0.9722,ma_3,否
CJ1010510141,trending,intermittent,intermittent,是,26,0.4902,0.2692,0.6667,0.536,increasing,none,0.0155,interval_based,否
CJ1010510146,sparse,intermittent,intermittent,是,13,0.8039,0.6154,0.2727,0.3333,none,none,0.0,ma_5,否
CJ1010510147,seasonal,seasonal,seasonal,否,13,0.6275,0.3077,0.4515,0.4632,increasing,none,0.0,seasonal_naive,否
CJ1010510148,intermittent,intermittent,intermittent,否,16,0.5882,0.4375,0.5048,0.4714,none,none,0.0,weighted_ma_5,是
CJ1010510151,stable,stable,stable,否,13,0.1569,0.0,0.5298,0.6495,none,none,0.0354,interval_based,否
CJ1010520098,trending,all_zero,all_zero,是,13,0.8039,1.0,0.6374,0.0,decreasing,none,0.0,ma_5,否
CJ1010520165,seasonal,stable,stable,是,15,0.3922,0.1333,0.5997,0.4714,increasing,none,0.0905,interval_based,否
CJ1010520186,intermittent,sparse,sparse,是,16,0.7451,0.8125,0.3127,0.0,none,none,0.1333,ma_3,否
CJ1010520297,intermittent,intermittent,intermittent,否,13,0.6863,0.3077,0.4238,0.3536,none,none,0.2374,theta,是
CJ1010520299,intermittent,intermittent,intermittent,否,26,0.6471,0.4615,0.4252,0.3379,none,none,0.0902,interval_based,否
CJ1010520302,seasonal,trending,trending,是,15,0.7647,0.5333,0.3464,0.3514,increasing,increasing,0.0,seasonal_naive,否
CJ1010520303,seasonal,intermittent,intermittent,是,26,0.7843,0.7692,0.3264,0.0,none,none,0.0641,tsb_opt,否
CJ1010520318,intermittent,intermittent,intermittent,否,13,0.5098,0.4615,0.3529,0.3464,none,none,0.0,median_5,否
CJ1010520319,trending,stable,stable,是,13,0.451,0.2308,0.4938,0.4972,increasing,none,0.0074,interval_based,否
CJ1010520352,intermittent,intermittent,intermittent,否,14,0.7059,0.7143,0.4513,0.0,none,none,0.0926,winsorized,是
CJ1010520384,trending,intermittent,intermittent,是,15,0.8039,0.6,0.0,0.0,increasing,none,0.1696,theta,是
CJ1010550017,seasonal,sparse,sparse,是,22,0.7059,0.8182,0.7284,0.6551,none,none,0.0,median_5,否
CJ1010550023,intermittent,trending,trending,是,22,0.7843,0.7727,0.1375,0.0,none,decreasing,0.0,ma_3,否
CJ1021050036,intermittent,seasonal,seasonal,是,16,0.4314,0.1875,0.5124,0.5897,none,none,0.6667,optimized_des,否
CJ1021050037,seasonal,stable,stable,是,13,0.2549,0.1538,0.464,0.5147,none,none,0.0036,seasonal_naive,否
CJ1021050058,intermittent,intermittent,intermittent,否,14,0.6275,0.4286,0.3267,0.2474,none,none,0.1914,adida,是
CJ1021050059,intermittent,intermittent,intermittent,否,19,0.549,0.4211,0.399,0.357,none,none,0.0725,ma_3,否
CJ1021050078,seasonal,sparse,sparse,是,13,0.5098,0.9231,0.7447,0.0,decreasing,none,0.0,median_5,否
CJ1021050080,seasonal,trending,trending,是,21,0.1569,0.0476,0.4731,0.4012,increasing,increasing,0.5435,ma_5,否
CJ1021050081,sparse,seasonal,seasonal,是,15,0.8235,0.6667,0.1951,0.0,none,none,0.1398,optimized_ses,否
CJ1021050082,seasonal,intermittent,intermittent,是,13,0.8627,0.4615,0.4511,0.4511,increasing,none,0.2337,croston,是
CJ1021050087,intermittent,sparse,sparse,是,22,0.7843,0.8182,0.6271,0.4724,none,none,0.0714,adida,是
CJ1021050115,trending,intermittent,intermittent,是,13,0.6275,0.4615,0.4227,0.5099,increasing,none,0.0093,median_5,否
CJ1021050117,intermittent,seasonal,seasonal,是,14,0.7255,0.7143,0.3078,0.0,none,none,0.0,median_5,否
CJ1021050118,intermittent,intermittent,intermittent,否,13,0.5294,0.3846,0.4479,0.378,none,none,0.0085,tsb_opt,否
CJ1021050120,stable,stable,stable,否,13,0.1765,0.0769,0.4247,0.4769,none,none,0.0,weighted_ma_5,是
CJ1021050123,intermittent,intermittent,intermittent,否,26,0.7843,0.7692,0.2859,0.3165,none,none,0.1316,ma_3,否
CJ1021050129,intermittent,intermittent,intermittent,否,13,0.7451,0.7692,0.4569,0.3807,none,none,0.0385,interval_based,否
CJ1021050131,intermittent,intermittent,intermittent,否,13,0.5294,0.4615,0.4433,0.3953,none,none,0.0988,winsorized,是
CJ1021050141,intermittent,intermittent,intermittent,否,16,0.5098,0.4375,0.4082,0.3369,none,none,0.15,adida,是
CJ1021050142,seasonal,seasonal,seasonal,否,24,0.1176,0.0417,0.466,0.453,increasing,increasing,0.0003,theta,是
CJ1021050153,seasonal,intermittent,intermittent,是,13,0.6863,0.5385,0.3899,0.1667,increasing,none,0.0091,ma_5,否
CJ1021050156,intermittent,intermittent,intermittent,否,13,0.7255,0.6923,0.3407,0.2449,none,none,0.0,median_5,否
CJ1021050161,seasonal,seasonal,seasonal,否,20,0.2549,0.15,0.4159,0.3521,increasing,increasing,0.3652,optimized_des,否
CJ1021050185,seasonal,seasonal,seasonal,否,13,0.5882,0.4615,0.4818,0.4485,increasing,none,0.0,seasonal_naive,否
CJ1021050206,trending,sparse,sparse,是,23,0.7451,0.913,0.4403,0.25,decreasing,none,0.0,median_5,否
CJ1021050212,seasonal,seasonal,seasonal,否,16,0.7451,0.6875,0.3254,0.1807,increasing,none,0.0,ma_5,否
CJ1021050214,stable,stable,stable,否,13,0.1765,0.0769,0.3824,0.4064,none,none,0.1609,optimized_des,否
CJ1021050221,intermittent,intermittent,intermittent,否,13,0.7059,0.7692,0.2339,0.3536,none,none,0.0833,winsorized,是
CJ1021050227,seasonal,intermittent,intermittent,是,13,0.8235,0.6923,0.1088,0.0,none,none,0.1923,ma_3,否
CJ1021050228,intermittent,intermittent,intermittent,否,20,0.6863,0.6,0.4148,0.2979,none,none,0.0,ma_5,否
CJ1021050231,seasonal,stable,stable,是,13,0.2157,0.0,0.5055,0.4429,increasing,none,0.0725,interval_based,否
CJ1021050235,seasonal,intermittent,intermittent,是,13,0.8431,0.5385,0.1809,0.1857,increasing,none,1.4286,median_5,否
CJ1021050249,sparse,sparse,sparse,否,13,0.8039,0.8462,0.5258,0.4545,none,none,0.1262,tsb_opt,否
CJ1021050261,sparse,intermittent,intermittent,是,21,0.8039,0.7619,0.4099,0.4279,none,none,0.033,optimized_ses,否
CJ1021050265,stable,trending,trending,是,13,0.0784,0.0,0.5019,0.5669,none,decreasing,0.0225,ma_3,否
CJ1021050274,sparse,intermittent,intermittent,是,14,0.8039,0.6429,0.2083,0.1739,none,none,0.0,median_5,否
CJ1021050291,seasonal,stable,stable,是,14,0.4314,0.0,0.4155,0.3295,increasing,none,0.0829,interval_based,否
CJ1021050318,seasonal,trending,trending,是,13,0.7843,0.6154,0.4765,0.3852,increasing,decreasing,0.0,ma_3,否
CJ1021060037,seasonal,intermittent,intermittent,是,13,0.5686,0.6154,0.4345,0.3614,none,none,0.0068,optimized_ses,否
CJ1021060073,intermittent,intermittent,intermittent,否,13,0.7843,0.6923,0.3284,0.3333,none,none,0.4738,croston,是
CJ1021060093,intermittent,seasonal,seasonal,是,16,0.7451,0.625,0.4893,0.6261,none,none,0.0,ma_5,否
CJ1021060096,intermittent,intermittent,intermittent,否,25,0.7059,0.68,0.3347,0.2802,none,none,0.0648,adida,是
CJ1021060169,intermittent,intermittent,intermittent,否,23,0.7843,0.7826,0.3237,0.295,none,none,0.1979,croston,是
CJ1021210023,intermittent,trending,trending,是,24,0.451,0.5417,0.4176,0.3195,none,decreasing,0.0,ma_3,否
CJ1021210024,intermittent,intermittent,intermittent,否,24,0.4706,0.625,0.3355,0.4714,none,none,0.0,median_5,否
CJ1022130020,intermittent,intermittent,intermittent,否,20,0.7647,0.65,0.257,0.2949,none,none,0.0097,optimized_ses,否
CJ1022130180,seasonal,intermittent,intermittent,是,14,0.5882,0.3571,0.333,0.3248,none,none,0.0405,winsorized,是
CJ1022130200,stable,seasonal,seasonal,是,15,0.1765,0.0,0.5515,0.555,none,none,0.1472,ma_5,否
CJ1022130209,seasonal,intermittent,intermittent,是,13,0.8039,0.5385,0.4505,0.4527,none,none,0.2183,theta,是
CJ1022130246,intermittent,stable,stable,是,14,0.451,0.2143,0.6271,0.6044,none,none,0.1333,ma_5,否
CJ1022130389,stable,trending,trending,是,17,0.1569,0.1765,0.6412,0.5705,none,decreasing,0.4431,theta,是
CJ1022130418,seasonal,seasonal,seasonal,否,25,0.0588,0.0,0.4808,0.3876,increasing,none,0.111,median_5,否
CJ1040200008,seasonal,seasonal,seasonal,否,26,0.2353,0.3077,0.9466,1.2072,decreasing,decreasing,0.0,optimized_hw,是
CJ1040200037,intermittent,seasonal,seasonal,是,14,0.2745,0.2143,0.6343,0.7709,none,none,0.1457,ma_5,否
CJ1040200073,seasonal,all_zero,all_zero,是,13,0.7255,1.0,0.4853,0.0,decreasing,none,0.0,ma_5,否
CJ1040200076,sparse,intermittent,intermittent,是,14,0.8039,0.7857,0.6908,0.2828,none,none,0.0,median_5,否
CJ1040200096,seasonal,sparse,sparse,是,22,0.6471,0.8182,0.5196,0.8745,decreasing,none,0.0,ma_5,否
CJ1040200156,lumpy,all_zero,all_zero,是,13,0.6471,1.0,0.7594,0.0,none,none,0.0,ma_5,否
CJ1040200162,intermittent,intermittent,intermittent,否,25,0.4902,0.44,0.6163,0.3681,none,none,0.0,ma_5,否
CJ1040200163,lumpy,lumpy,lumpy,否,15,0.4902,0.4667,1.5781,0.8788,none,none,0.0732,adida,是
CJ1040200165,lumpy,trending,trending,是,20,0.3922,0.2,0.768,0.5909,none,increasing,0.5657,optimized_ses,否
CJ1040200280,intermittent,intermittent,intermittent,否,13,0.7059,0.5385,0.6493,0.6847,none,none,0.0439,winsorized,是
CJ1040200286,lumpy,lumpy,lumpy,否,17,0.6275,0.5882,1.5198,0.9966,none,none,0.0225,ma_3,否
CJ1040200408,seasonal,intermittent,intermittent,是,13,0.7647,0.3077,1.0082,0.5154,increasing,none,0.155,ma_3,否
CJ1040200478,intermittent,stable,stable,是,14,0.2941,0.2143,0.542,0.4668,none,none,0.1094,seasonal_naive,否
CJ1040200504,intermittent,stable,stable,是,13,0.3137,0.1538,0.4856,0.4743,none,none,0.2368,seasonal_naive,否
CJ1040200821,intermittent,intermittent,intermittent,否,18,0.6471,0.4444,0.4323,0.5909,none,none,0.0123,tsb_opt,否
CJ1040200869,trending,lumpy,lumpy,是,13,0.8627,0.4615,0.7825,0.7825,increasing,none,0.0498,winsorized,是
CJ1040200922,intermittent,intermittent,intermittent,否,23,0.3137,0.3043,0.6261,0.5556,none,none,0.0293,tsb_opt,否
CJ1040200927,seasonal,trending,trending,是,13,0.8627,0.4615,0.5166,0.5166,increasing,increasing,3.7209,ma_5,否
CJ1040200936,intermittent,sparse,sparse,是,13,0.7451,0.8462,0.4884,0.2,none,none,0.0,median_5,否
CJ1040200962,erratic,intermittent,intermittent,是,13,0.2157,0.3846,0.7923,0.651,none,none,0.0769,interval_based,否
CJ1040200984,intermittent,intermittent,intermittent,否,26,0.6471,0.7308,0.5164,0.4493,none,none,0.0331,tsb_opt,否
CJ1040200995,seasonal,lumpy,lumpy,是,13,0.8431,0.3846,1.1401,1.1401,increasing,none,0.0366,ma_3,否
CJ1040201010,intermittent,seasonal,seasonal,是,25,0.6471,0.56,0.4772,0.5151,none,none,0.0,ma_5,否
CJ1040201021,sparse,sparse,sparse,否,19,0.8824,0.8947,0.4142,0.3333,none,none,2.1333,ma_3,否
CJ1040201022,intermittent,seasonal,seasonal,是,16,0.7647,0.6875,0.69,1.2014,none,none,0.1555,optimized_hw,是
CJ1040201041,trending,intermittent,intermittent,是,13,0.8627,0.7692,0.4485,0.1768,increasing,none,1.1765,ma_3,否
CJ1040201050,intermittent,intermittent,intermittent,否,25,0.7255,0.6,0.266,0.3159,none,none,0.2427,adida,是
CJ1040201081,lumpy,intermittent,intermittent,是,22,0.7451,0.7727,0.7845,0.2244,none,none,0.0,median_5,否
CJ1040201082,intermittent,intermittent,intermittent,否,13,0.3137,0.4615,0.6336,0.6052,none,none,0.2412,tsb_opt,否
CJ1040201087,trending,intermittent,intermittent,是,16,0.8235,0.6875,0.6115,0.6921,increasing,none,0.0,ma_5,否
CJ1040201159,seasonal,all_zero,all_zero,是,13,0.6667,1.0,0.4801,0.0,decreasing,none,0.0,ma_5,否
CJ1040201160,seasonal,stable,stable,是,14,0.7059,0.2143,0.5665,0.5421,increasing,none,0.5495,ma_3,否
CJ1040201169,trending,intermittent,intermittent,是,13,0.7255,0.4615,0.3605,0.3393,increasing,none,0.4127,adida,是
CJ1040201170,intermittent,intermittent,intermittent,否,13,0.549,0.3846,0.4627,0.5191,none,none,0.0,median_5,否
CJ1040201173,intermittent,intermittent,intermittent,否,13,0.6667,0.3846,0.6566,0.4283,none,none,0.8527,weighted_ma_5,是
CJ1040201180,intermittent,intermittent,intermittent,否,13,0.7647,0.6154,0.4338,0.5217,none,none,0.0,median_5,否
CJ1040201184,seasonal,stable,stable,是,18,0.5294,0.1667,0.4184,0.4567,increasing,none,0.5469,seasonal_naive,否
CJ1040201185,trending,lumpy,lumpy,是,13,0.6078,0.5385,0.999,0.8944,increasing,none,0.0,ma_5,否
CJ1040201187,stable,erratic,erratic,是,13,0.1765,0.2308,0.6329,0.9633,none,none,0.1549,winsorized,是
CJ1040201193,intermittent,seasonal,seasonal,是,15,0.4902,0.6,0.6393,0.8155,none,none,0.0,seasonal_naive,否
CJ1040201200,sparse,seasonal,seasonal,是,15,0.8039,0.5333,0.4005,0.2921,none,none,0.2381,weighted_ma_5,是
CJ1040201205,seasonal,intermittent,intermittent,是,13,0.7647,0.5385,0.5167,0.4787,none,none,0.0624,interval_based,否
CJ1040201206,lumpy,all_zero,all_zero,是,13,0.7451,1.0,0.7099,0.0,none,none,0.0,ma_5,否
CJ1040201217,intermittent,trending,trending,是,13,0.5294,0.3846,0.6458,0.5881,none,decreasing,0.403,optimized_hw,是
CJ1040201218,stable,intermittent,intermittent,是,13,0.2157,0.3077,0.5279,0.6972,none,none,0.4909,median_5,否
CJ1040201219,sparse,seasonal,seasonal,是,13,0.8039,0.6923,0.7099,0.5352,none,decreasing,0.0,optimized_hw,是
CJ1040201235,seasonal,intermittent,intermittent,是,22,0.6667,0.6818,0.233,0.2089,none,none,0.0,median_5,否
CJ1040201239,trending,all_zero,all_zero,是,13,0.7647,1.0,0.3255,0.0,decreasing,none,0.3623,optimized_ses,否
CJ1040201242,trending,seasonal,seasonal,是,15,0.0784,0.0,0.4658,0.4623,increasing,none,0.0251,optimized_hw,是
CJ1040201244,intermittent,intermittent,intermittent,否,13,0.3725,0.4615,0.5427,0.5548,none,none,0.3325,adida,是
CJ1040201248,seasonal,intermittent,intermittent,是,13,0.8235,0.3846,0.4789,0.4857,increasing,none,0.0,median_5,否
CJ1040201251,seasonal,intermittent,intermittent,是,13,0.7843,0.6154,0.429,0.4454,none,none,0.0,median_5,否
CJ1040201259,lumpy,intermittent,intermittent,是,13,0.6078,0.6923,0.7414,0.4558,none,none,0.0191,tsb_opt,否
CJ1040201341,seasonal,stable,stable,是,13,0.3529,0.0769,0.8081,0.6542,increasing,none,0.0498,theta,是
CJ1040201356,seasonal,stable,stable,是,13,0.4706,0.1538,0.6483,0.5024,increasing,none,0.1984,seasonal_naive,否
CJ1040201357,intermittent,intermittent,intermittent,否,13,0.4706,0.3846,0.6961,0.4696,none,none,0.0293,croston,是
CJ1040201368,intermittent,intermittent,intermittent,否,14,0.5686,0.5,0.4011,0.3532,none,none,0.1258,ma_3,否
CJ1040201397,trending,erratic,erratic,是,13,0.5294,0.2308,0.7866,0.8063,increasing,none,0.051,optimized_ses,否
CJ1040201402,intermittent,seasonal,seasonal,是,18,0.6471,0.5556,0.5334,0.5077,none,none,0.099,seasonal_naive,否
CJ1040201407,trending,intermittent,intermittent,是,13,0.5294,0.3077,0.6793,0.5072,increasing,none,0.0291,tsb_opt,否
CJ1040201416,intermittent,intermittent,intermittent,否,26,0.6275,0.6538,0.4887,0.328,none,none,0.0,median_5,否
CJ1040201417,seasonal,all_zero,all_zero,是,13,0.8039,1.0,0.2911,0.0,none,none,3.2722,optimized_ses,否
CJ1040201459,trending,lumpy,lumpy,是,15,0.7647,0.5333,0.9577,0.8446,increasing,none,0.1183,ma_5,否
CJ1040201480,seasonal,trending,trending,是,13,0.8627,0.4615,0.6595,0.6595,increasing,increasing,0.119,weighted_ma_5,是
CJ1040280029,intermittent,all_zero,all_zero,是,13,0.7451,1.0,0.5868,0.0,none,none,0.0,ma_5,否
CJ1040340308,trending,sparse,sparse,是,24,0.7451,0.875,0.6667,0.0,decreasing,none,0.0,median_5,否
CJ1040340312,intermittent,intermittent,intermittent,否,14,0.7647,0.7143,0.6551,0.0,none,none,0.0,median_5,否
CJ1040340330,intermittent,sparse,sparse,是,25,0.6863,0.88,0.4442,0.0,none,none,0.0,median_5,否
CJ1040340359,trending,sparse,sparse,是,20,0.6863,0.8,0.8964,0.3536,decreasing,none,0.027,tsb_opt,否
CJ1040340362,seasonal,intermittent,intermittent,是,13,0.451,0.3846,0.8843,0.3333,decreasing,none,0.3371,theta,是
CJ1040340372,seasonal,sparse,sparse,是,24,0.8039,0.9167,0.2727,0.0,decreasing,none,0.0,median_5,否
CJ1040340379,trending,sparse,sparse,是,13,0.7843,0.9231,0.4151,0.0,decreasing,none,0.0,median_5,否
CJ1040340392,intermittent,intermittent,intermittent,否,18,0.5294,0.3889,0.5699,0.3423,none,none,0.0,median_5,否
CJ1040340439,trending,intermittent,intermittent,是,14,0.2941,0.4286,0.7516,0.6917,decreasing,none,0.0,median_5,否
CJ1040340451,intermittent,intermittent,intermittent,否,13,0.7843,0.6923,0.3264,0.3464,none,none,1.0,ma_5,否
CJ1040340456,intermittent,intermittent,intermittent,否,25,0.5882,0.6,0.4818,0.4925,none,none,0.0877,weighted_ma_5,是
CJ1040340462,intermittent,sparse,sparse,是,24,0.7647,0.8333,0.4677,0.3333,none,none,0.0,median_5,否
CJ1040340474,erratic,erratic,erratic,否,19,0.2157,0.1053,0.7169,0.7421,none,none,0.2882,median_5,否
CJ1040340475,lumpy,lumpy,lumpy,否,13,0.7647,0.3077,1.614,1.356,none,none,0.0611,tsb_opt,否
CJ1040340486,sparse,sparse,sparse,否,18,0.8039,0.8889,0.2727,0.0,none,none,0.0,median_5,否
CJ1040340487,trending,all_zero,all_zero,是,13,0.7647,1.0,0.4518,0.0,decreasing,none,0.8268,optimized_ses,否
CJ1040340502,seasonal,intermittent,intermittent,是,15,0.7843,0.6667,0.2635,0.0,none,none,0.0521,interval_based,否
CJ1040340519,intermittent,intermittent,intermittent,否,13,0.4118,0.3077,0.483,0.5345,none,none,0.1449,adida,是
CJ1040340527,seasonal,seasonal,seasonal,否,13,0.4118,0.2308,0.5942,0.4283,increasing,none,0.7227,optimized_hw,是
CJ1040340529,intermittent,intermittent,intermittent,否,13,0.6863,0.5385,0.5774,0.6633,none,none,0.3846,median_5,否
CJ1040340547,intermittent,erratic,erratic,是,13,0.3137,0.1538,0.6954,0.748,none,none,1.3971,winsorized,是
CJ1040340552,stable,stable,stable,否,20,0.0196,0.0,0.4809,0.4156,none,none,0.1307,theta,是
CJ1040340567,seasonal,all_zero,all_zero,是,13,0.549,1.0,0.595,0.0,decreasing,none,0.0,ma_5,否
CJ1040340571,seasonal,seasonal,seasonal,否,26,0.3529,0.5,0.9689,0.7312,decreasing,decreasing,0.0272,optimized_hw,是
CJ1040340572,seasonal,erratic,erratic,是,13,0.1373,0.0769,0.8384,0.8006,none,none,0.0193,weighted_ma_5,是
CJ1040340574,trending,intermittent,intermittent,是,13,0.8039,0.6154,0.2727,0.3333,increasing,none,0.0037,croston,是
CJ1040340586,seasonal,stable,stable,是,13,0.1569,0.1538,0.958,0.4714,decreasing,none,0.066,optimized_hw,是
CJ1040340588,seasonal,stable,stable,是,26,0.1961,0.2308,0.7225,0.5169,none,none,0.0352,optimized_hw,是
CJ1040340589,sparse,seasonal,seasonal,是,19,0.8235,0.8421,0.3402,0.0,none,none,0.4545,seasonal_naive,否
CJ1040340596,stable,stable,stable,否,26,0.0196,0.0,0.6036,0.488,none,none,0.1382,optimized_des,否
CJ1040340597,lumpy,trending,trending,是,24,0.5098,0.2917,1.2653,0.8677,none,decreasing,0.0,ma_5,否
CJ1040340601,intermittent,intermittent,intermittent,否,15,0.7843,0.6,0.0,0.0,none,none,0.0815,optimized_ses,否
CJ1040340609,seasonal,stable,stable,是,16,0.3333,0.0625,0.6786,0.4233,increasing,none,0.0,weighted_ma_5,是
CJ1040340610,stable,stable,stable,否,26,0.0588,0.0385,0.5845,0.5196,none,none,0.0407,ma_3,否
CJ1040340615,seasonal,intermittent,intermittent,是,13,0.7843,0.3846,0.4507,0.4283,increasing,none,0.1754,ma_3,否
CJ1040340618,intermittent,intermittent,intermittent,否,19,0.451,0.5789,0.5528,0.6667,none,none,0.0521,winsorized,是
CJ1040340623,intermittent,intermittent,intermittent,否,15,0.7059,0.6,0.4528,0.3194,none,none,0.1791,interval_based,否
CJ1040340630,stable,seasonal,seasonal,是,26,0.1569,0.2308,0.602,0.6888,none,none,0.0399,optimized_hw,是
CJ1040340631,seasonal,stable,stable,是,21,0.5686,0.0952,0.5175,0.4677,increasing,none,0.0,weighted_ma_5,是
CJ1040340632,erratic,stable,stable,是,26,0.0588,0.0385,0.7055,0.5705,none,none,0.2922,optimized_des,否
CJ1040340633,seasonal,stable,stable,是,20,0.4314,0.0,0.5805,0.5014,increasing,none,0.356,ma_3,否
CJ1040340635,intermittent,intermittent,intermittent,否,21,0.7451,0.7619,0.3423,0.3333,none,none,0.194,adida,是
CJ1040340640,intermittent,intermittent,intermittent,否,24,0.5294,0.625,0.4887,0.5916,none,none,0.0,weighted_ma_5,是
CJ1040340646,seasonal,seasonal,seasonal,否,14,0.1569,0.2857,0.7778,0.6706,decreasing,none,0.005,optimized_ses,否
CJ1040340653,intermittent,intermittent,intermittent,否,13,0.5098,0.3077,0.4524,0.4742,none,none,0.0,median_5,否
CJ1040340657,seasonal,stable,stable,是,13,0.5882,0.2308,0.7346,0.6708,increasing,none,0.1429,interval_based,否
CJ1040340658,sparse,intermittent,intermittent,是,18,0.8235,0.7222,0.4632,0.3333,none,none,0.1731,croston,是
CJ1040340669,intermittent,seasonal,seasonal,是,23,0.5098,0.4783,0.4843,0.4795,none,none,0.8511,seasonal_naive,否
CJ1040340692,sparse,intermittent,intermittent,是,26,0.8039,0.7308,0.3499,0.3062,none,none,0.0,median_5,否
CJ1040340707,stable,stable,stable,否,25,0.0196,0.0,0.5666,0.5282,none,none,0.0568,optimized_hw,是
CJ1040340717,stable,stable,stable,否,26,0.0196,0.0,0.5733,0.5243,none,none,0.0,ma_5,否
CJ1040340726,lumpy,intermittent,intermittent,是,23,0.3725,0.3913,1.2916,0.4925,none,none,0.0481,weighted_ma_5,是
CJ1040340727,stable,stable,stable,否,26,0.1765,0.1154,0.6057,0.5771,none,none,0.0,ma_3,否
CJ1040340760,intermittent,trending,trending,是,13,0.7843,0.6154,0.3499,0.3499,none,increasing,0.0,seasonal_naive,否
CJ1040340819,intermittent,intermittent,intermittent,否,13,0.2941,0.3077,0.6132,0.5955,none,none,0.0519,theta,是
CJ1040340823,seasonal,stable,stable,是,13,0.6471,0.1538,0.4657,0.4763,increasing,none,0.2381,seasonal_naive,否
CJ1040340824,trending,all_zero,all_zero,是,13,0.8039,1.0,0.4472,0.0,decreasing,none,0.0,ma_5,否
CJ1040340828,stable,stable,stable,否,25,0.1569,0.08,0.5309,0.4851,none,none,0.2059,interval_based,否
CJ1040340829,lumpy,stable,stable,是,15,0.3137,0.0,1.0297,0.5124,none,none,0.0539,interval_based,否
CJ1040340831,seasonal,stable,stable,是,13,0.451,0.0,0.6837,0.4913,increasing,none,0.0094,interval_based,否
CJ1040340832,intermittent,intermittent,intermittent,否,13,0.6078,0.6923,0.6236,0.3333,none,none,0.0156,interval_based,否
CJ1040340835,seasonal,seasonal,seasonal,否,19,0.7059,0.6842,0.3491,0.3536,none,none,0.0208,optimized_ses,否
CJ1040340839,seasonal,stable,stable,是,26,0.1373,0.0,0.6074,0.2931,increasing,none,0.5185,interval_based,否
CJ1040340843,trending,trending,trending,否,26,0.1373,0.1923,0.5742,0.5028,decreasing,decreasing,0.0562,optimized_hw,是
CJ1040340848,intermittent,stable,stable,是,13,0.4118,0.0769,0.6153,0.5413,none,none,0.8788,interval_based,否
CJ1040340849,trending,sparse,sparse,是,13,0.8039,0.9231,0.2727,0.0,decreasing,none,0.0,median_5,否
CJ1040340853,seasonal,stable,stable,是,16,0.5686,0.0625,0.659,0.6708,increasing,none,0.2038,interval_based,否
CJ1040340854,trending,lumpy,lumpy,是,13,0.6471,0.4615,0.6255,0.7845,increasing,none,0.0448,adida,是
CJ1040340855,trending,intermittent,intermittent,是,13,0.8039,0.4615,0.2727,0.3062,increasing,none,0.0,ma_5,否
CJ1040340860,seasonal,stable,stable,是,13,0.0588,0.0,0.7164,0.3946,increasing,none,0.4747,optimized_des,否
CJ1040340864,trending,stable,stable,是,17,0.0588,0.0,0.3923,0.3351,increasing,none,0.3836,optimized_des,否
CJ1040340866,seasonal,stable,stable,是,13,0.3922,0.0,0.5753,0.3692,increasing,none,0.0,weighted_ma_5,是
CJ1040340873,intermittent,intermittent,intermittent,否,13,0.6863,0.7692,0.6236,0.5345,none,none,0.0106,tsb_opt,否
CJ1040340875,seasonal,intermittent,intermittent,是,16,0.5294,0.3125,0.4921,0.4304,increasing,none,0.0745,theta,是
CJ1040340880,sparse,lumpy,lumpy,是,25,0.8039,0.68,1.0901,1.1456,none,none,0.0638,croston,是
CJ1040340903,seasonal,stable,stable,是,21,0.1765,0.0,0.7253,0.5057,increasing,none,0.0566,optimized_des,否
CJ1040340911,stable,stable,stable,否,25,0.1569,0.16,0.4713,0.5819,none,none,0.0329,optimized_hw,是
CJ1040340923,intermittent,seasonal,seasonal,是,13,0.7843,0.8462,0.4714,0.0,none,none,1.2821,ma_3,否
CJ1040340925,seasonal,all_zero,all_zero,是,13,0.6863,1.0,0.5005,0.0,decreasing,none,0.0,ma_5,否
CJ1040340953,intermittent,intermittent,intermittent,否,13,0.3333,0.3077,0.6364,0.6236,none,none,0.8402,winsorized,是
CJ1040340969,trending,seasonal,seasonal,是,20,0.5098,0.65,0.5139,0.3514,decreasing,none,0.0,seasonal_naive,否
CJ1040340971,intermittent,intermittent,intermittent,否,13,0.7059,0.7692,0.5084,0.0,none,none,0.0,median_5,否
CJ1040340972,stable,stable,stable,否,26,0.0392,0.0,0.5834,0.6347,none,none,0.1623,optimized_des,否
CJ1040340973,lumpy,stable,stable,是,13,0.2941,0.0769,0.8255,0.5614,none,none,0.0,ma_5,否
CJ1040340975,seasonal,sparse,sparse,是,16,0.549,0.875,0.6204,0.0,decreasing,none,0.0357,winsorized,是
CJ1040340979,seasonal,stable,stable,是,13,0.2353,0.0,0.8307,0.5649,increasing,none,0.2837,interval_based,否
CJ1040340981,intermittent,stable,stable,是,17,0.451,0.2353,0.6612,0.5207,none,none,0.0,ma_5,否
CJ1040340983,trending,stable,stable,是,14,0.3333,0.2143,0.6248,0.5316,increasing,none,0.0995,ma_3,否
CJ1040340986,trending,stable,stable,是,16,0.098,0.0,0.5508,0.5116,increasing,none,0.0244,interval_based,否
CJ1040340989,intermittent,intermittent,intermittent,否,13,0.5686,0.3846,0.4508,0.6106,none,none,0.0,weighted_ma_5,是
CJ1040341000,trending,trending,trending,否,13,0.3333,0.1538,1.6011,0.962,increasing,decreasing,0.0862,ma_3,否
CJ1040341007,lumpy,stable,stable,是,16,0.3725,0.1875,1.2697,0.5766,none,none,0.0501,weighted_ma_5,是
CJ1040341013,seasonal,stable,stable,是,13,0.2745,0.0,0.6456,0.4482,increasing,none,0.2956,optimized_des,否
CJ1040341017,intermittent,intermittent,intermittent,否,13,0.5882,0.5385,0.5825,0.2828,none,none,0.3646,ma_3,否
CJ1040341018,seasonal,seasonal,seasonal,否,26,0.1373,0.1154,0.5887,0.543,none,none,0.0425,theta,是
CJ1040341026,intermittent,intermittent,intermittent,否,13,0.4706,0.3077,0.6929,0.3536,none,none,0.25,adida,是
CJ1040341027,trending,sparse,sparse,是,13,0.7843,0.9231,0.3264,0.0,decreasing,none,0.0,median_5,否
CJ1040341028,trending,erratic,erratic,是,13,0.0588,0.0,0.8626,0.8404,increasing,none,0.076,median_5,否
CJ1040341029,intermittent,intermittent,intermittent,否,17,0.3529,0.3529,0.4967,0.557,none,none,0.1667,adida,是
CJ1040341031,intermittent,intermittent,intermittent,否,13,0.7059,0.7692,0.603,0.0,none,none,0.0,median_5,否
CJ1040341035,stable,erratic,erratic,是,21,0.2157,0.0,0.6478,0.7194,none,none,0.1655,theta,是
CJ1040341036,seasonal,intermittent,intermittent,是,16,0.5686,0.3125,0.5762,0.6093,increasing,none,0.2099,tsb_opt,否
CJ1040341037,seasonal,intermittent,intermittent,是,26,0.3333,0.3077,0.6978,0.5437,none,none,0.0885,median_5,否
CJ1040341038,seasonal,stable,stable,是,13,0.1176,0.0,0.518,0.5142,increasing,none,0.0375,weighted_ma_5,是
CJ1040341039,seasonal,stable,stable,是,13,0.3137,0.0769,0.6186,0.3689,increasing,none,0.0973,theta,是
CJ1040341041,seasonal,intermittent,intermittent,是,13,0.7255,0.3077,0.4359,0.4742,increasing,none,0.0,ma_5,否
CJ1040341042,intermittent,sparse,sparse,是,16,0.7843,0.875,0.3499,0.3333,none,none,0.0512,croston,是
CJ1040341043,seasonal,all_zero,all_zero,是,13,0.8039,1.0,0.6986,0.0,decreasing,none,0.0,ma_5,否
CJ1040341047,intermittent,stable,stable,是,18,0.2941,0.2222,0.4343,0.2422,none,none,0.0,ma_5,否
CJ1040341048,sparse,seasonal,seasonal,是,20,0.8039,0.7,0.3333,0.3194,none,none,0.0,median_5,否
CJ1040341052,intermittent,intermittent,intermittent,否,13,0.4902,0.3077,0.6997,0.0,none,none,0.0,ma_5,否
CJ1040341053,stable,seasonal,seasonal,是,26,0.2353,0.0769,0.6737,0.4194,none,none,0.0877,median_5,否
CJ1040341061,trending,seasonal,seasonal,是,20,0.8039,0.65,0.3525,0.3062,increasing,none,1.4286,median_5,否
CJ1040341065,intermittent,intermittent,intermittent,否,13,0.7059,0.7692,0.5496,0.5345,none,none,0.8289,interval_based,否
CJ1040341072,sparse,sparse,sparse,否,13,0.8235,0.8462,0.3402,0.3333,none,none,0.7576,ma_3,否
CJ1040341081,intermittent,intermittent,intermittent,否,13,0.5098,0.4615,0.6537,0.0,none,none,0.0,ma_5,否
CJ1040341083,trending,stable,stable,是,14,0.1765,0.0714,0.6443,0.5175,increasing,none,0.0,ma_3,否
CJ1040341091,sparse,intermittent,intermittent,是,13,0.8039,0.7692,0.0,0.0,none,none,0.0,ma_5,否
CJ1040341093,trending,intermittent,intermittent,是,13,0.6078,0.3077,0.4239,0.3536,increasing,none,0.1749,adida,是
CJ1040341097,seasonal,stable,stable,是,13,0.0392,0.0,0.4646,0.2694,increasing,none,1.2445,optimized_des,否
CJ1040341100,seasonal,seasonal,seasonal,否,13,0.6863,0.0769,0.8179,0.7042,increasing,none,0.6602,optimized_ses,否
CJ1040341106,sparse,intermittent,intermittent,是,22,0.8235,0.7727,0.6617,0.3333,none,none,0.0,ma_5,否
CJ1040341111,stable,erratic,erratic,是,13,0.098,0.0769,0.5782,0.7003,none,none,0.0463,median_5,否
CJ1040341112,lumpy,intermittent,intermittent,是,14,0.2549,0.2857,0.8395,0.4817,none,none,0.0766,weighted_ma_5,是
CJ1040341120,trending,intermittent,intermittent,是,18,0.7843,0.5556,0.3264,0.3464,increasing,none,0.2143,adida,是
CJ1040341122,trending,stable,stable,是,14,0.0588,0.0,0.486,0.3248,increasing,none,0.3861,optimized_des,否
CJ1040341126,trending,intermittent,intermittent,是,26,0.549,0.7308,0.4091,0.3514,decreasing,none,0.0037,optimized_ses,否
CJ1040341127,seasonal,intermittent,intermittent,是,13,0.7647,0.7692,0.6024,0.3536,none,none,0.0036,optimized_ses,否
CJ1040341128,seasonal,seasonal,seasonal,否,15,0.6667,0.4667,0.5276,0.3464,none,none,0.2632,seasonal_naive,否
CJ1040341129,lumpy,sparse,sparse,是,13,0.6471,0.9231,0.7255,0.0,none,none,0.0,median_5,否
CJ1040341130,sparse,intermittent,intermittent,是,23,0.8235,0.7826,0.3902,0.4157,none,none,0.0489,interval_based,否
CJ1040341137,seasonal,intermittent,intermittent,是,22,0.6275,0.5,0.4539,0.4151,increasing,none,0.0083,adida,是
CJ1040341144,intermittent,intermittent,intermittent,否,14,0.6275,0.5714,0.5738,0.3333,none,none,0.3343,interval_based,否
CJ1040341145,seasonal,all_zero,all_zero,是,13,0.7647,1.0,0.3114,0.0,decreasing,none,0.0,ma_5,否
CJ1040341149,seasonal,intermittent,intermittent,是,17,0.5686,0.2941,0.589,0.5909,increasing,none,0.0725,ma_3,否
CJ1040341171,seasonal,seasonal,seasonal,否,13,0.1961,0.1538,0.6623,0.5083,increasing,increasing,0.3093,seasonal_naive,否
CJ1040341181,intermittent,intermittent,intermittent,否,25,0.4706,0.4,0.4619,0.4032,none,none,0.1258,weighted_ma_5,是
CJ1040341183,intermittent,intermittent,intermittent,否,24,0.4314,0.4583,0.5179,0.3795,none,none,0.6897,weighted_ma_5,是
CJ1040341185,intermittent,trending,trending,是,24,0.6863,0.7083,0.5044,0.4635,none,decreasing,0.0,seasonal_naive,否
CJ1040341192,seasonal,stable,stable,是,17,0.549,0.2353,0.6255,0.5883,increasing,none,0.0,seasonal_naive,否
CJ1040341197,trending,seasonal,seasonal,是,17,0.7059,0.4706,0.7184,0.7583,increasing,none,0.2128,median_5,否
CJ1040341198,trending,trending,trending,否,16,0.6078,0.5625,0.5375,0.2999,increasing,increasing,1.2121,seasonal_naive,否
CJ1040341204,seasonal,all_zero,all_zero,是,13,0.6863,1.0,0.4298,0.0,decreasing,none,0.0,ma_5,否
CJ1040341208,intermittent,intermittent,intermittent,否,20,0.6471,0.6,0.6633,0.4843,none,none,0.025,winsorized,是
CJ1040341215,seasonal,stable,stable,是,13,0.7451,0.2308,0.6801,0.6161,increasing,none,1.5385,seasonal_naive,否
CJ1040341218,trending,intermittent,intermittent,是,23,0.6275,0.3913,0.6063,0.4619,increasing,none,0.0047,adida,是
CJ1040341223,sparse,lumpy,lumpy,是,13,0.8039,0.6154,0.6547,0.75,none,none,0.0,ma_5,否
CJ1040341230,seasonal,intermittent,intermittent,是,15,0.5882,0.2667,0.5784,0.5568,increasing,none,0.0901,ma_3,否
CJ1040341234,seasonal,stable,stable,是,14,0.6471,0.2143,0.5549,0.5568,increasing,none,0.5581,interval_based,否
CJ1040341243,lumpy,intermittent,intermittent,是,23,0.5882,0.5652,0.9656,0.3333,none,none,0.0,median_5,否
CJ1040341246,intermittent,intermittent,intermittent,否,13,0.7451,0.4615,0.5714,0.6009,none,none,0.163,croston,是
CJ1040341247,sparse,intermittent,intermittent,是,13,0.8235,0.6923,0.5,0.4738,none,none,0.0,ma_5,否
CJ1040341251,trending,intermittent,intermittent,是,13,0.2549,0.3077,1.2253,0.4899,decreasing,none,0.0,weighted_ma_5,是
CJ1040341254,sparse,seasonal,seasonal,是,16,0.8039,0.6875,0.3499,0.3499,none,none,0.0333,theta,是
CJ1040341258,seasonal,stable,stable,是,13,0.451,0.0,0.6253,0.4651,increasing,none,0.0236,interval_based,否
CJ1040341262,seasonal,stable,stable,是,13,0.2941,0.0,0.5399,0.602,increasing,none,0.0448,ma_3,否
CJ1040341263,seasonal,stable,stable,是,13,0.4118,0.0,0.6843,0.3655,increasing,none,0.8616,interval_based,否
CJ1040341270,seasonal,stable,stable,是,22,0.549,0.2273,0.6195,0.5272,increasing,none,0.1725,interval_based,否
CJ1040341287,trending,intermittent,intermittent,是,13,0.8627,0.6154,0.4082,0.4157,increasing,none,0.0614,croston,是
CJ1040341291,seasonal,trending,trending,是,26,0.1373,0.0385,0.585,0.4324,increasing,increasing,0.538,optimized_des,否
CJ1040341292,trending,intermittent,intermittent,是,13,0.8235,0.6154,0.3402,0.0,increasing,none,0.026,adida,是
CJ1040341295,intermittent,intermittent,intermittent,否,17,0.7647,0.7059,0.2551,0.3333,none,none,0.0,median_5,否
CJ1040341299,seasonal,seasonal,seasonal,否,26,0.3137,0.0385,0.6453,0.6097,increasing,increasing,0.226,optimized_des,否
CJ1040341307,seasonal,intermittent,intermittent,是,13,0.7255,0.3077,0.5942,0.4763,increasing,none,0.3185,croston,是
CJ1040341325,seasonal,seasonal,seasonal,否,13,0.7059,0.1538,0.5741,0.5624,increasing,none,0.303,seasonal_naive,否
CJ1040341332,seasonal,intermittent,intermittent,是,13,0.8431,0.5385,0.3521,0.3333,increasing,none,0.0,ma_5,否
CJ1040341380,seasonal,lumpy,lumpy,是,15,0.8627,0.6667,0.8452,0.8814,increasing,none,0.1587,ma_3,否
CJ1040341397,stable,seasonal,seasonal,是,14,0.1765,0.0714,0.5519,0.5822,none,none,0.112,optimized_hw,是
CJ1040341398,seasonal,stable,stable,是,15,0.4314,0.0667,0.6458,0.5286,increasing,none,0.0,ma_5,否
CJ1040341399,lumpy,intermittent,intermittent,是,13,0.6863,0.7692,0.7125,0.0,none,none,0.0,ma_5,否
CJ1040341404,seasonal,seasonal,seasonal,否,19,0.3333,0.1053,0.7248,0.5164,increasing,increasing,0.0302,theta,是
CJ1040341459,seasonal,stable,stable,是,13,0.0392,0.0,0.73,0.3514,increasing,none,0.3416,seasonal_naive,否
CJ1040341460,trending,intermittent,intermittent,是,17,0.5294,0.4118,0.8337,0.6411,increasing,none,0.2068,croston,是
CJ1040341526,seasonal,seasonal,seasonal,否,26,0.1373,0.0385,0.699,0.5126,increasing,increasing,0.0018,optimized_des,否
CJ1040341536,sparse,intermittent,intermittent,是,15,0.8235,0.7333,0.2828,0.0,none,none,0.625,winsorized,是
CJ1040341538,seasonal,stable,stable,是,13,0.0588,0.0,0.5984,0.4258,increasing,none,0.1095,seasonal_naive,否
CJ1040341628,seasonal,stable,stable,是,13,0.6863,0.0,0.4862,0.4632,increasing,none,0.4762,seasonal_naive,否
CJ1040760105,intermittent,intermittent,intermittent,否,13,0.6078,0.6154,0.0,0.0,none,none,0.2196,ma_3,否
CJ1040760108,intermittent,intermittent,intermittent,否,15,0.6863,0.5333,0.4337,0.3739,none,none,0.7754,interval_based,否
CJ1040760154,sparse,sparse,sparse,否,15,0.8627,0.8667,0.2635,0.0,none,none,1.3889,winsorized,是
CJ1040760172,intermittent,intermittent,intermittent,否,13,0.6667,0.5385,0.4426,0.2529,none,none,0.1106,winsorized,是
CJ1111051073,trending,intermittent,intermittent,是,14,0.7647,0.5,0.6653,0.5926,increasing,none,0.3511,croston,是
CJ1111051075,trending,intermittent,intermittent,是,15,0.7843,0.5333,0.4714,0.3571,increasing,none,0.1695,median_5,否
CJ1111051123,trending,intermittent,intermittent,是,13,0.8235,0.5385,0.5778,0.5838,increasing,none,0.1108,adida,是
CJ1111051141,lumpy,lumpy,lumpy,否,13,0.7059,0.3846,1.6337,1.6354,none,none,0.0382,winsorized,是
CJ1111051217,lumpy,seasonal,seasonal,是,14,0.7843,0.5714,1.3595,0.6929,none,none,0.0,median_5,否
CJ1111051221,seasonal,intermittent,intermittent,是,16,0.7451,0.375,0.456,0.4658,increasing,none,0.0362,tsb_opt,否
CJ1111051228,seasonal,trending,trending,是,21,0.7059,0.4286,0.3727,0.2128,increasing,increasing,2.5796,optimized_ses,否
CJ1111100030,sparse,intermittent,intermittent,是,15,0.8039,0.6667,0.7878,0.4895,none,none,0.0,median_5,否
CJ1111220109,trending,lumpy,lumpy,是,14,0.7647,0.3571,0.7099,0.7243,increasing,none,0.1221,adida,是
CJ1111220110,trending,intermittent,intermittent,是,15,0.7647,0.5333,0.8322,0.5906,increasing,none,0.289,median_5,否
CJ1212030698,intermittent,intermittent,intermittent,否,23,0.5686,0.6522,0.6546,0.4709,none,none,0.0099,theta,是
CJ1212030818,intermittent,sparse,sparse,是,25,0.7647,0.84,0.2859,0.1429,none,none,0.0085,winsorized,是
CJ1212031226,seasonal,seasonal,seasonal,否,20,0.8431,0.9,0.5343,0.25,none,none,0.1454,optimized_hw,是
CJ1212031361,lumpy,sparse,sparse,是,14,0.7255,0.9286,0.7038,0.0,none,none,0.0107,tsb_opt,否
CJ1212031372,lumpy,intermittent,intermittent,是,26,0.549,0.4615,0.8274,0.5952,none,none,0.4005,adida,是
CJ1212031378,lumpy,intermittent,intermittent,是,13,0.5882,0.3846,0.7561,0.6126,none,none,0.6835,adida,是
CJ1212031399,intermittent,intermittent,intermittent,否,13,0.6667,0.6154,0.4679,0.439,none,none,0.021,interval_based,否
CJ1212031529,trending,sparse,sparse,是,13,0.7451,0.9231,0.6323,0.0,decreasing,none,0.0349,tsb_opt,否
CJ1212031552,intermittent,intermittent,intermittent,否,18,0.6667,0.7222,0.5846,0.6509,none,none,0.2207,theta,是
CJ1212031895,intermittent,intermittent,intermittent,否,24,0.7843,0.75,0.6307,0.4472,none,none,0.1429,ma_5,否
CJ1212031913,seasonal,lumpy,lumpy,是,25,0.4902,0.6,0.6587,0.7347,decreasing,none,0.1948,median_5,否
CJ1212031940,seasonal,sparse,sparse,是,20,0.7451,0.85,0.8162,0.3271,decreasing,none,0.0,median_5,否
CJ1212031949,intermittent,intermittent,intermittent,否,13,0.7451,0.6923,0.5332,0.4403,none,none,0.0402,winsorized,是
CJ1212031968,intermittent,intermittent,intermittent,否,13,0.7843,0.6154,0.5014,0.3931,none,none,0.0543,winsorized,是
CJ1212031981,intermittent,intermittent,intermittent,否,16,0.7451,0.625,0.5301,0.5428,none,none,0.0,median_5,否
CJ1212031988,seasonal,intermittent,intermittent,是,17,0.7059,0.5882,0.714,0.583,none,none,0.003,theta,是
CJ1212031995,trending,intermittent,intermittent,是,20,0.3725,0.55,0.6638,0.374,decreasing,none,0.0741,median_5,否
CJ1212031997,lumpy,sparse,sparse,是,13,0.5882,0.9231,0.8146,0.0,none,none,0.3212,tsb_opt,否
CJ1212032036,trending,trending,trending,否,26,0.0588,0.1154,0.5903,0.4873,decreasing,decreasing,0.0082,ma_3,否
CJ1212032040,seasonal,sparse,sparse,是,15,0.8039,0.8667,0.4896,0.0,none,none,0.0,ma_5,否
CJ1212032064,seasonal,intermittent,intermittent,是,22,0.7059,0.7273,0.5141,0.4657,none,none,0.0619,median_5,否
CJ1212032078,stable,stable,stable,否,13,0.1176,0.2308,0.627,0.6534,none,none,0.0917,optimized_hw,是
CJ1212032086,seasonal,intermittent,intermittent,是,13,0.5686,0.5385,0.6048,0.5345,none,none,0.0698,median_5,否
CJ1212032088,intermittent,intermittent,intermittent,否,14,0.6275,0.6429,0.571,0.4216,none,none,0.0,median_5,否
CJ1212032097,intermittent,sparse,sparse,是,25,0.7843,0.92,0.5413,0.3333,none,none,0.0707,tsb_opt,否
CJ1212032104,stable,seasonal,seasonal,是,20,0.2157,0.2,0.6004,0.6387,none,none,0.0137,optimized_hw,是
CJ1212032149,lumpy,intermittent,intermittent,是,13,0.7647,0.7692,0.7937,0.3742,none,none,0.161,optimized_ses,否
CJ1212032194,seasonal,intermittent,intermittent,是,24,0.3529,0.375,0.7425,0.5963,none,none,0.0,ma_5,否
CJ1212032201,seasonal,all_zero,all_zero,是,13,0.7059,1.0,0.7726,0.0,none,none,0.0826,optimized_ses,否
CJ1212032203,seasonal,all_zero,all_zero,是,13,0.6275,1.0,0.5846,0.0,decreasing,none,0.0,ma_5,否
CJ1212032216,stable,stable,stable,否,13,0.2157,0.2308,0.6704,0.4607,none,none,0.0,seasonal_naive,否
CJ1212032235,intermittent,trending,trending,是,20,0.6471,0.65,0.6693,0.6152,none,increasing,0.0156,weighted_ma_5,是
CJ1212032238,intermittent,intermittent,intermittent,否,14,0.7059,0.5714,0.4631,0.4861,none,none,0.1397,ma_3,否
CJ1212032250,intermittent,trending,trending,是,13,0.7451,0.5385,0.6199,0.3055,none,decreasing,0.286,optimized_hw,是
CJ1212032251,sparse,sparse,sparse,否,13,0.8039,0.8462,0.7087,0.5,none,none,0.0,median_5,否
CJ1212032263,seasonal,seasonal,seasonal,否,18,0.7451,0.8889,0.8129,0.0,decreasing,none,0.0521,optimized_hw,是
CJ1212032264,sparse,intermittent,intermittent,是,13,0.8039,0.7692,0.7797,0.2828,none,none,0.188,winsorized,是
CJ1212032273,seasonal,seasonal,seasonal,否,25,0.2941,0.44,0.8294,0.6333,decreasing,decreasing,0.0156,theta,是
CJ1212032287,sparse,sparse,sparse,否,24,0.8039,0.875,0.5197,0.5141,none,none,0.0381,winsorized,是
CJ1212032291,intermittent,seasonal,seasonal,是,14,0.451,0.5,0.6783,0.5676,none,none,0.0031,optimized_ses,否
CJ1212032307,lumpy,seasonal,seasonal,是,16,0.7451,0.8125,0.7515,0.1969,none,none,0.4082,ma_5,否
CJ1212032371,intermittent,sparse,sparse,是,26,0.7647,0.8462,0.6656,0.7286,none,none,0.0415,winsorized,是
CJ1212032376,intermittent,intermittent,intermittent,否,14,0.4314,0.5,0.6094,0.4791,none,none,0.1071,median_5,否
CJ1212032399,trending,seasonal,seasonal,是,19,0.7647,0.8947,0.8234,0.3333,decreasing,none,0.0,ma_5,否
CJ1212032417,seasonal,sparse,sparse,是,13,0.4118,0.8462,0.6209,0.2,decreasing,none,0.0092,tsb_opt,否
CJ1212032425,lumpy,intermittent,intermittent,是,13,0.6078,0.6154,0.8581,0.6479,none,none,0.1836,ma_3,否
CJ1212032426,seasonal,all_zero,all_zero,是,13,0.6471,1.0,0.631,0.0,decreasing,none,0.0,ma_5,否
CJ1212032428,sparse,sparse,sparse,否,26,0.8039,0.8846,0.6482,0.3536,none,none,0.0,median_5,否
CJ1212032436,sparse,seasonal,seasonal,是,22,0.8039,0.7727,0.9632,0.8394,none,none,0.1938,ma_3,否
CJ1212032443,seasonal,all_zero,all_zero,是,13,0.7647,1.0,0.4964,0.0,decreasing,none,0.0,ma_5,否
CJ1212032444,intermittent,intermittent,intermittent,否,26,0.6471,0.5769,0.4484,0.438,none,none,0.2356,interval_based,否
CJ1212032446,intermittent,seasonal,seasonal,是,25,0.6863,0.72,0.4132,0.4323,none,none,0.0244,optimized_hw,是
CJ1212032449,intermittent,intermittent,intermittent,否,21,0.6275,0.5714,0.6212,0.5126,none,none,0.0856,median_5,否
CJ1212032452,intermittent,intermittent,intermittent,否,21,0.5294,0.7619,0.613,0.4896,none,none,0.0709,tsb_opt,否
CJ1212032501,intermittent,sparse,sparse,是,15,0.7451,0.9333,0.5258,0.0,none,none,0.0,median_5,否
CJ1212032503,lumpy,intermittent,intermittent,是,13,0.5686,0.5385,0.8434,0.6758,none,none,0.1161,theta,是
CJ1212032515,sparse,sparse,sparse,否,16,0.8039,0.8125,0.3333,0.2828,none,none,0.0,median_5,否
CJ1212032521,stable,stable,stable,否,20,0.1373,0.0,0.5623,0.5771,none,none,0.0046,interval_based,否
CJ1212032523,intermittent,seasonal,seasonal,是,14,0.7647,0.5,0.6474,0.4526,none,none,0.0797,ma_3,否
CJ1212032536,lumpy,lumpy,lumpy,否,24,0.7255,0.7917,0.8053,0.7586,none,none,0.0,median_5,否
CJ1212032538,intermittent,seasonal,seasonal,是,15,0.4902,0.5333,0.4611,0.3937,none,none,0.0292,ma_3,否
CJ1212032548,intermittent,intermittent,intermittent,否,15,0.7255,0.6667,0.5077,0.6197,none,none,0.0917,median_5,否
CJ1212032576,intermittent,intermittent,intermittent,否,20,0.7255,0.75,0.5421,0.5555,none,none,0.0521,theta,是
CJ1212032581,intermittent,sparse,sparse,是,26,0.7451,0.8846,0.3869,0.3536,none,none,0.0,median_5,否
CJ1212032597,intermittent,sparse,sparse,是,13,0.7843,0.8462,0.6163,0.0,none,none,0.0751,weighted_ma_5,是
CJ1212032615,intermittent,seasonal,seasonal,是,13,0.7451,0.7692,0.5652,1.0607,none,none,0.0062,theta,是
CJ1212032672,lumpy,intermittent,intermittent,是,25,0.6275,0.76,0.7882,0.5538,none,none,0.0125,weighted_ma_5,是
CJ1212032684,intermittent,intermittent,intermittent,否,26,0.6471,0.6923,0.3092,0.2062,none,none,0.0,median_5,否
CJ1212032708,intermittent,sparse,sparse,是,15,0.7843,0.9333,0.4714,0.0,none,none,0.0,median_5,否
CJ1212032722,lumpy,seasonal,seasonal,是,24,0.5294,0.5833,0.7769,0.361,none,none,0.0,seasonal_naive,否
CJ1212032727,seasonal,all_zero,all_zero,是,13,0.7647,1.0,0.5411,0.0,none,none,0.0067,optimized_ses,否
CJ1212032728,intermittent,intermittent,intermittent,否,24,0.4706,0.4167,0.5697,0.5322,none,none,0.5733,winsorized,是
CJ1212032729,seasonal,intermittent,intermittent,是,13,0.3137,0.3077,0.6223,0.4905,decreasing,none,0.1042,weighted_ma_5,是
CJ1212032799,sparse,sparse,sparse,否,13,0.8235,0.8462,0.6221,0.2593,none,none,0.07,tsb_opt,否
CJ1212032943,seasonal,trending,trending,是,13,0.6863,0.8462,0.9304,0.2,decreasing,decreasing,0.0,optimized_des,否
CJ1212032946,seasonal,lumpy,lumpy,是,13,0.5686,0.3077,0.7398,0.7794,increasing,none,0.0762,ma_3,否
CJ1212032958,intermittent,intermittent,intermittent,否,13,0.451,0.5385,0.5948,0.6149,none,none,0.1742,median_5,否
CJ1212032959,intermittent,lumpy,lumpy,是,13,0.7059,0.6154,0.6772,0.8388,none,none,1.2454,tsb_opt,否
CJ1212032972,lumpy,seasonal,seasonal,是,23,0.6275,0.5652,0.789,0.3525,none,none,0.0,median_5,否
CJ1212033035,intermittent,intermittent,intermittent,否,26,0.5686,0.7308,0.6294,0.344,none,none,0.0951,median_5,否
CJ1212033036,seasonal,all_zero,all_zero,是,13,0.6863,1.0,0.4604,0.0,decreasing,none,0.0,ma_5,否
CJ1212033042,intermittent,intermittent,intermittent,否,21,0.451,0.4762,0.6023,0.4256,none,none,0.1418,weighted_ma_5,是
CJ1212033079,seasonal,all_zero,all_zero,是,13,0.8235,1.0,0.6042,0.0,decreasing,none,0.2039,optimized_ses,否
CJ1212033089,trending,sparse,sparse,是,26,0.7451,0.8846,0.6763,0.3536,decreasing,none,0.0,median_5,否
CJ1212033111,seasonal,stable,stable,是,13,0.5882,0.0769,0.6273,0.4225,increasing,none,0.7809,interval_based,否
CJ1212033182,intermittent,sparse,sparse,是,13,0.6667,0.9231,0.3423,0.0,none,none,0.0,median_5,否
CJ1212033334,seasonal,trending,trending,是,23,0.1961,0.087,0.6801,0.6842,none,decreasing,0.0557,seasonal_naive,否
CJ1212033343,seasonal,intermittent,intermittent,是,16,0.6667,0.5,0.25,0.1556,increasing,none,0.0275,croston,是
CJ1212033395,lumpy,intermittent,intermittent,是,15,0.5686,0.4667,0.7768,0.5068,none,none,0.1951,ma_5,否
CJ1212033409,intermittent,seasonal,seasonal,是,13,0.6275,0.6154,0.6143,0.343,none,none,0.2362,seasonal_naive,否
CJ1212033435,stable,lumpy,lumpy,是,24,0.1961,0.25,0.633,0.7255,none,none,0.0743,theta,是
CJ1212033462,intermittent,intermittent,intermittent,否,13,0.7647,0.6154,0.518,0.4581,none,none,0.0219,optimized_ses,否
CJ1212033463,intermittent,intermittent,intermittent,否,21,0.7255,0.7143,0.4515,0.4743,none,none,0.7405,interval_based,否
CJ1212033622,seasonal,seasonal,seasonal,否,13,0.8039,0.8462,0.3873,0.0,none,none,0.0,seasonal_naive,否
CJ1212033765,intermittent,sparse,sparse,是,13,0.7843,0.8462,0.6756,0.3333,none,none,1.0582,interval_based,否
CJ1212033786,sparse,intermittent,intermittent,是,13,0.8627,0.6923,0.4323,0.3333,none,none,0.098,ma_3,否
CJ1212033790,intermittent,sparse,sparse,是,13,0.7255,0.9231,0.577,0.0,none,none,0.1416,tsb_opt,否
CJ1212033791,trending,intermittent,intermittent,是,13,0.8039,0.3077,0.6261,0.6285,increasing,none,0.024,adida,是
CJ1212033792,stable,erratic,erratic,是,13,0.2353,0.0769,0.5988,0.7465,none,none,0.2011,winsorized,是
CJ1212033793,seasonal,stable,stable,是,19,0.4902,0.1053,0.6364,0.5326,increasing,none,0.5747,ma_3,否
CJ1212033794,intermittent,seasonal,seasonal,是,14,0.2549,0.2143,0.6569,0.6336,none,none,0.0436,optimized_ses,否
CJ1212033795,intermittent,intermittent,intermittent,否,26,0.5686,0.6538,0.5965,0.6285,none,none,0.7791,adida,是
CJ1212033813,trending,stable,stable,是,26,0.2157,0.1154,0.5707,0.5291,increasing,none,0.585,ma_5,否
CJ1212033818,intermittent,intermittent,intermittent,否,13,0.7255,0.6154,0.5,0.5376,none,none,0.019,tsb_opt,否
CJ1212033820,seasonal,trending,trending,是,22,0.8039,0.6364,0.6167,0.6909,none,decreasing,0.2381,seasonal_naive,否
CJ1212033827,sparse,seasonal,seasonal,是,13,0.8235,0.7692,0.7246,0.8081,none,none,0.0758,seasonal_naive,否
CJ1212033858,intermittent,intermittent,intermittent,否,14,0.7647,0.7143,0.5856,0.4724,none,none,0.0,median_5,否
CJ1212033861,seasonal,stable,stable,是,14,0.0588,0.0,0.7457,0.3944,increasing,none,0.9777,seasonal_naive,否
CJ1212033873,lumpy,lumpy,lumpy,否,16,0.6275,0.5625,0.8429,0.7958,none,none,0.0844,winsorized,是
CJ1212033936,sparse,sparse,sparse,否,13,0.8235,0.9231,0.6686,0.0,none,none,0.1385,tsb_opt,否
CJ1212033963,trending,intermittent,intermittent,是,13,0.3333,0.3077,0.8422,0.5195,increasing,none,0.4545,ma_5,否
CJ1212033968,intermittent,intermittent,intermittent,否,13,0.7059,0.5385,0.6013,0.3117,none,none,0.0,ma_3,否
CJ1212033974,lumpy,lumpy,lumpy,否,23,0.6667,0.6522,0.7303,0.8983,none,none,0.0,median_5,否
CJ1212033977,intermittent,intermittent,intermittent,否,14,0.7843,0.7857,0.4714,0.3742,none,none,0.0238,interval_based,否
CJ1212034103,intermittent,intermittent,intermittent,否,13,0.4706,0.6154,0.6797,0.4472,none,none,0.137,croston,是
CJ1212034109,intermittent,intermittent,intermittent,否,16,0.7255,0.6875,0.4993,0.3062,none,none,0.0076,adida,是
CJ1212034140,sparse,sparse,sparse,否,13,0.8039,0.8462,0.4099,0.1111,none,none,0.0,median_5,否
CJ1212034141,lumpy,seasonal,seasonal,是,22,0.7451,0.7273,0.8013,0.3946,none,none,0.0,median_5,否
CJ1212034152,intermittent,seasonal,seasonal,是,15,0.7451,0.6667,0.4567,0.3651,none,none,0.0,median_5,否
CJ1212034176,intermittent,intermittent,intermittent,否,25,0.5882,0.64,0.5646,0.3891,none,none,0.0429,weighted_ma_5,是
CJ1212034193,seasonal,sparse,sparse,是,13,0.7255,0.8462,0.7705,0.0476,none,none,0.7752,ma_3,否
CJ1212034223,seasonal,seasonal,seasonal,否,21,0.2549,0.4762,0.5599,0.9441,decreasing,decreasing,0.0072,optimized_ses,否
CJ1212034266,sparse,sparse,sparse,否,20,0.8039,0.8,0.5218,0.4724,none,none,0.0,median_5,否
CJ1212034275,stable,stable,stable,否,17,0.0784,0.0588,0.5902,0.5554,none,none,0.1166,optimized_des,否
CJ1212034276,lumpy,lumpy,lumpy,否,13,0.3137,0.3846,0.9034,0.8711,none,none,0.0199,adida,是
CJ1212034277,stable,stable,stable,否,13,0.2353,0.1538,0.6647,0.6124,none,none,0.2225,optimized_des,否
CJ1212034278,intermittent,seasonal,seasonal,是,18,0.7451,0.8333,0.4567,0.5657,none,none,0.0,seasonal_naive,否
CJ1212034279,stable,stable,stable,否,25,0.0784,0.0,0.5585,0.5227,none,none,0.2399,ma_3,否
CJ1212034282,sparse,sparse,sparse,否,21,0.8039,0.8571,0.5903,0.4702,none,none,0.0,median_5,否
CJ1212034284,lumpy,trending,trending,是,21,0.4902,0.4762,0.8934,0.6428,none,decreasing,0.102,optimized_hw,是
CJ1212034302,trending,seasonal,seasonal,是,15,0.6471,0.3333,0.7514,0.8195,increasing,none,0.8197,seasonal_naive,否
CJ1212034303,trending,stable,stable,是,13,0.0196,0.0,0.5221,0.4939,decreasing,none,0.0382,weighted_ma_5,是
CJ1212034328,seasonal,intermittent,intermittent,是,13,0.3529,0.3077,0.6447,0.5847,none,none,0.0369,interval_based,否
CJ1212034348,intermittent,seasonal,seasonal,是,24,0.7647,0.8333,0.6731,0.5787,none,none,0.0226,optimized_ses,否
CJ1212034443,sparse,sparse,sparse,否,13,0.8235,0.9231,0.655,0.0,none,none,0.044,tsb_opt,否
CJ1212034464,intermittent,seasonal,seasonal,是,23,0.7059,0.6957,0.4513,0.3062,none,decreasing,0.0712,weighted_ma_5,是
CJ1212034485,trending,intermittent,intermittent,是,26,0.6667,0.5,0.4751,0.4155,increasing,none,0.0,ma_5,否
CJ1212034672,intermittent,seasonal,seasonal,是,15,0.7255,0.8,0.5859,0.0,none,none,0.0108,optimized_ses,否
CJ1212034674,intermittent,intermittent,intermittent,否,16,0.6275,0.5625,0.512,0.3532,none,none,0.0,median_5,否
CJ1212034703,lumpy,lumpy,lumpy,否,13,0.5098,0.3846,1.0037,1.2023,none,none,0.0335,winsorized,是
CJ1212034709,intermittent,intermittent,intermittent,否,18,0.5294,0.5,0.6814,0.6639,none,none,0.0454,croston,是
CJ1212034718,lumpy,sparse,sparse,是,26,0.7843,0.8462,0.747,0.4843,none,none,0.0324,weighted_ma_5,是
CJ1212034772,seasonal,intermittent,intermittent,是,25,0.7255,0.56,0.5467,0.3758,none,none,0.3225,croston,是
CJ1212034797,intermittent,intermittent,intermittent,否,26,0.6667,0.6923,0.6675,0.5519,none,none,0.0341,adida,是
CJ1212034804,intermittent,trending,trending,是,20,0.4706,0.4,0.6365,0.4979,none,decreasing,0.0901,optimized_hw,是
CJ1212060185,trending,intermittent,intermittent,是,13,0.5882,0.6923,0.5366,0.4853,decreasing,none,0.0919,adida,是
CJ1212060288,seasonal,sparse,sparse,是,13,0.8039,0.9231,0.5336,0.0,decreasing,none,0.0,median_5,否
CJ1212060318,intermittent,intermittent,intermittent,否,13,0.6471,0.7692,0.4507,0.2176,none,none,0.0,median_5,否
CJ2070550057,seasonal,trending,trending,是,15,0.6863,0.2,0.3708,0.361,increasing,increasing,0.1979,seasonal_naive,否
CJ2070550064,seasonal,stable,stable,是,13,0.1373,0.0,0.5276,0.4914,increasing,none,0.7763,interval_based,否
CJ2070550069,seasonal,seasonal,seasonal,否,13,0.8431,0.4615,0.4178,0.4323,increasing,none,0.0,median_5,否
CJ2070550077,intermittent,intermittent,intermittent,否,13,0.6667,0.5385,0.3469,0.3536,none,none,0.0,ma_5,否
CJ2121020027,trending,intermittent,intermittent,是,13,0.6471,0.4615,0.6164,0.3745,increasing,none,0.0,ma_5,否
CJ2121020032,trending,intermittent,intermittent,是,13,0.6667,0.4615,0.5321,0.4223,increasing,none,0.2389,theta,是
CJ2121040300,stable,stable,stable,否,26,0.1961,0.1154,0.43,0.3977,none,none,0.0592,theta,是
CJ2121040457,trending,seasonal,seasonal,是,15,0.2353,0.0667,0.4674,0.3761,increasing,none,0.0,weighted_ma_5,是
CJ2121041464,seasonal,intermittent,intermittent,是,13,0.6471,0.3077,0.493,0.3013,increasing,none,0.0,ma_5,否
CJ2121041586,seasonal,seasonal,seasonal,否,13,0.7059,0.6154,0.3922,0.2041,none,none,0.0466,optimized_hw,是
CJ2121050051,seasonal,intermittent,intermittent,是,13,0.7451,0.6154,0.1831,0.2222,none,none,0.0032,theta,是
CJ2121050251,intermittent,intermittent,intermittent,否,26,0.6471,0.6923,0.1586,0.2402,none,none,0.0038,interval_based,否
CJ2121050358,intermittent,sparse,sparse,是,16,0.7647,0.8125,0.3464,0.0,none,none,0.0,median_5,否
CJ2121050359,sparse,intermittent,intermittent,是,21,0.8039,0.7619,0.4328,0.0907,none,none,0.1185,croston,是
CJ2121050500,seasonal,seasonal,seasonal,否,14,0.5882,0.4286,0.4742,0.3802,increasing,none,0.3512,optimized_ses,否
CJ2121050514,intermittent,intermittent,intermittent,否,14,0.549,0.5,0.3311,0.3287,none,none,0.2875,ma_3,否
CJ2121050565,seasonal,seasonal,seasonal,否,23,0.3137,0.6522,0.3264,0.2782,decreasing,decreasing,0.0,theta,是
CJ2121050605,seasonal,intermittent,intermittent,是,21,0.3529,0.2857,0.3423,0.2932,none,none,0.0,ma_5,否
CJ2121050621,intermittent,intermittent,intermittent,否,13,0.7255,0.7692,0.4102,0.3536,none,none,0.0,median_5,否
CJ2121050630,seasonal,intermittent,intermittent,是,20,0.4706,0.3,0.4245,0.3054,increasing,none,0.067,optimized_ses,否
CJ2121050631,intermittent,intermittent,intermittent,否,13,0.7843,0.6923,0.6664,0.3333,none,none,0.0088,adida,是
CJ2121050635,intermittent,intermittent,intermittent,否,13,0.6275,0.4615,0.3373,0.3792,none,none,0.1096,interval_based,否
CJ2121050642,sparse,seasonal,seasonal,是,15,0.8039,0.7333,0.0,0.0,none,none,0.0,seasonal_naive,否
CJ2121050645,seasonal,intermittent,intermittent,是,16,0.451,0.3125,0.4807,0.3674,increasing,none,0.2348,interval_based,否
CJ2121050654,seasonal,trending,trending,是,23,0.1765,0.0,0.3943,0.4105,none,decreasing,0.3387,ma_5,否
CJ2121050678,seasonal,seasonal,seasonal,否,20,0.7647,0.65,0.3434,0.3469,increasing,none,0.0,ma_5,否
CJ2121050685,seasonal,stable,stable,是,13,0.0196,0.0,0.6074,0.4044,increasing,none,0.246,theta,是
CJ2121050705,sparse,intermittent,intermittent,是,13,0.8235,0.7692,0.417,0.3536,none,none,0.1515,ma_3,否
CJ2121050720,intermittent,intermittent,intermittent,否,24,0.5882,0.5833,0.3784,0.3328,none,none,0.074,adida,是
CJ2121060387,intermittent,seasonal,seasonal,是,20,0.3725,0.4,0.398,0.3242,none,decreasing,0.0234,theta,是
CJ2121060433,intermittent,seasonal,seasonal,是,14,0.7059,0.8571,0.2999,0.0,none,none,0.0,optimized_des,否
CJ2121060465,intermittent,intermittent,intermittent,否,19,0.6471,0.6842,0.4399,0.3172,none,none,0.0,median_5,否
CJ2121080021,intermittent,intermittent,intermittent,否,21,0.451,0.4762,0.4726,0.4297,none,none,0.0495,interval_based,否
CJ2121080094,stable,intermittent,intermittent,是,13,0.2157,0.3077,0.4526,0.5183,none,none,0.2193,adida,是
CJ2121080680,seasonal,intermittent,intermittent,是,13,0.7843,0.4615,0.3264,0.3514,increasing,none,0.0713,optimized_ses,否
CJ2121080953,intermittent,intermittent,intermittent,否,13,0.3922,0.3846,0.4083,0.3197,none,none,0.0499,ma_3,否
CJ2121081227,seasonal,intermittent,intermittent,是,13,0.6863,0.4615,0.4641,0.3514,increasing,none,0.0,ma_5,否
CJ2121090013,intermittent,intermittent,intermittent,否,16,0.5098,0.5,0.4134,0.406,none,none,0.0717,interval_based,否
CJ2121090050,stable,stable,stable,否,19,0.1961,0.1579,0.5161,0.6113,none,none,0.1772,optimized_hw,是
CJ2121090635,seasonal,trending,trending,是,13,0.8039,0.5385,0.2727,0.3194,increasing,increasing,0.7143,ma_5,否
CJ2121090901,intermittent,intermittent,intermittent,否,13,0.4118,0.4615,0.5105,0.344,none,none,0.0229,winsorized,是
CJ2121091171,seasonal,seasonal,seasonal,否,18,0.7059,0.5,0.2966,0.3333,increasing,none,0.0223,optimized_hw,是
CJ2122140016,stable,seasonal,seasonal,是,22,0.1176,0.0909,0.5292,0.6264,none,none,0.0,weighted_ma_5,是
CJ2222120092,sparse,seasonal,seasonal,是,22,0.8824,0.7727,0.8145,0.884,none,none,0.6801,ma_5,否
CJ2222120130,sparse,lumpy,lumpy,是,13,0.8235,0.5385,1.3413,1.4176,none,none,0.9431,croston,是
CJ2222120135,lumpy,trending,trending,是,26,0.6667,0.5,1.0404,0.5882,none,decreasing,0.0496,optimized_des,否
CJ2222120138,seasonal,intermittent,intermittent,是,13,0.8235,0.6154,0.8728,0.4,increasing,none,0.197,croston,是
CJ2222120174,trending,intermittent,intermittent,是,22,0.7843,0.6818,0.4882,0.2653,increasing,none,0.7424,adida,是
CJ2222120177,intermittent,intermittent,intermittent,否,23,0.7843,0.6522,0.6957,0.6325,none,none,0.0571,winsorized,是
CJ2222120204,trending,lumpy,lumpy,是,13,0.8627,0.4615,0.772,0.772,increasing,none,0.1897,weighted_ma_5,是
CJ2222130377,stable,stable,stable,否,13,0.1373,0.0769,0.4633,0.4583,none,none,0.0189,ma_3,否
CJ2222130415,sparse,sparse,sparse,否,26,0.8039,0.9231,0.3541,0.3333,none,none,0.0,median_5,否
CJ2222130416,seasonal,seasonal,seasonal,否,26,0.4314,0.5385,0.7281,0.8571,decreasing,decreasing,0.0,optimized_hw,是
CJ2222130522,intermittent,intermittent,intermittent,否,15,0.6471,0.3333,0.2175,0.2727,none,none,0.0241,winsorized,是
CJ2222130718,intermittent,intermittent,intermittent,否,17,0.7059,0.6471,0.4528,0.0,none,none,0.0,ma_5,否
CJ2222130724,intermittent,seasonal,seasonal,是,16,0.7451,0.625,0.2491,0.0,none,none,0.0,ma_5,否
CJ2222130794,intermittent,intermittent,intermittent,否,14,0.7843,0.7143,0.6124,0.0,none,none,0.0,ma_5,否
CJ2222130798,lumpy,seasonal,seasonal,是,20,0.4902,0.6,0.9351,0.0,none,none,0.1235,seasonal_naive,否
CJ2222140077,intermittent,intermittent,intermittent,否,13,0.7451,0.4615,0.4632,0.5099,none,none,0.0223,winsorized,是
CJ2222140171,intermittent,seasonal,seasonal,是,16,0.5686,0.5625,0.407,0.3062,none,none,0.0,seasonal_naive,否
CJ2222200062,stable,lumpy,lumpy,是,13,0.2353,0.3846,0.586,0.8849,none,none,0.0,median_5,否
CJ2222200075,intermittent,intermittent,intermittent,否,24,0.7843,0.7083,0.5483,0.4609,none,none,0.0138,interval_based,否
CJ2222200215,intermittent,seasonal,seasonal,是,14,0.7451,0.7143,0.3127,0.0,none,none,0.1239,theta,是
CJ2222280036,intermittent,intermittent,intermittent,否,13,0.4314,0.3077,0.5459,0.3927,none,none,0.2712,ma_3,否
CJ2222280037,intermittent,intermittent,intermittent,否,13,0.451,0.3846,0.3661,0.294,none,none,0.065,interval_based,否
CJ2222280038,seasonal,stable,stable,是,14,0.1765,0.0,0.5189,0.3781,none,none,0.7583,optimized_hw,是
CJ2222280039,seasonal,stable,stable,是,14,0.1765,0.0,0.5195,0.4005,none,none,0.8266,optimized_hw,是
CJ2222280040,intermittent,intermittent,intermittent,否,13,0.6863,0.5385,0.3367,0.1457,none,none,0.0465,ma_3,否
CJ2222280041,intermittent,intermittent,intermittent,否,13,0.3922,0.3077,0.3172,0.3072,none,none,0.4153,ma_3,否
CJ2222280042,intermittent,intermittent,intermittent,否,13,0.4118,0.3077,0.2909,0.2491,none,none,0.2654,interval_based,否
CJ2222280048,intermittent,seasonal,seasonal,是,14,0.3333,0.2143,0.6473,0.5399,none,none,0.0,median_5,否
CJ2222280049,intermittent,seasonal,seasonal,是,14,0.3333,0.2143,0.6419,0.5538,none,none,0.0213,optimized_ses,否
CJ2222280067,lumpy,intermittent,intermittent,是,13,0.7059,0.7692,0.8165,0.6419,none,none,0.2381,ma_5,否
CJ2222280080,seasonal,intermittent,intermittent,是,24,0.7451,0.7083,0.8455,0.6329,none,none,0.0126,ma_5,否
CJ2222280081,seasonal,intermittent,intermittent,是,24,0.7451,0.7083,0.8455,0.6329,none,none,0.0126,ma_5,否
CJ2222280084,seasonal,seasonal,seasonal,否,13,0.6863,0.2308,0.7428,0.6021,increasing,none,0.1046,theta,是
CJ2222280085,seasonal,seasonal,seasonal,否,13,0.6863,0.2308,0.7428,0.6021,increasing,none,0.1046,theta,是
CJ2222280086,seasonal,seasonal,seasonal,否,13,0.6863,0.2308,0.7428,0.6021,increasing,none,0.1046,theta,是
CJ2222280087,seasonal,intermittent,intermittent,是,24,0.7843,0.7083,0.7094,0.651,none,none,0.0126,ma_5,否
CJ4040030089,sparse,seasonal,seasonal,是,13,0.8627,0.7692,0.4743,0.4041,none,increasing,0.101,weighted_ma_5,是
CJ4040090319,sparse,sparse,sparse,否,26,0.8235,0.8462,0.5274,0.5492,none,none,0.0883,winsorized,是
CJ4040090320,sparse,sparse,sparse,否,26,0.8039,0.8077,0.604,0.702,none,none,0.158,winsorized,是
CJ4040090397,seasonal,seasonal,seasonal,否,14,0.2549,0.0714,0.8823,0.6006,increasing,none,0.3695,weighted_ma_5,是
CJ4040090398,seasonal,seasonal,seasonal,否,14,0.2549,0.0714,0.867,0.5705,increasing,none,0.3662,weighted_ma_5,是
CJ4040090417,lumpy,seasonal,seasonal,是,23,0.7843,0.6087,1.0435,0.9719,none,none,0.0,median_5,否
CJ4040090418,lumpy,lumpy,lumpy,否,23,0.7843,0.6087,0.9901,0.9631,none,none,0.114,tsb_opt,否
CJ4040090419,trending,trending,trending,否,16,0.5294,0.4375,0.793,0.6145,increasing,increasing,0.2222,weighted_ma_5,是
CJ4040090420,trending,trending,trending,否,16,0.5098,0.375,0.8106,0.6611,increasing,increasing,0.6818,weighted_ma_5,是
CJ4040090427,trending,seasonal,seasonal,是,18,0.2745,0.1667,0.775,0.6736,increasing,none,0.0376,theta,是
CJ4040090428,trending,seasonal,seasonal,是,18,0.2549,0.1111,0.7908,0.7204,increasing,none,0.0182,theta,是
CJ4040090433,seasonal,intermittent,intermittent,是,13,0.4118,0.3077,0.9681,0.5328,increasing,none,0.0043,croston,是
CJ4040090434,seasonal,intermittent,intermittent,是,13,0.4118,0.3077,1.0077,0.6025,increasing,none,0.0135,croston,是
CJ4040090435,lumpy,sparse,sparse,是,18,0.7843,0.8333,1.0829,0.3742,none,none,0.108,winsorized,是
CJ4040090436,lumpy,sparse,sparse,是,18,0.7843,0.8333,1.0829,0.3742,none,none,0.108,winsorized,是
CJ4040090439,intermittent,intermittent,intermittent,否,21,0.7451,0.6667,0.4853,0.4485,none,none,0.0784,optimized_ses,否
CJ4040090440,intermittent,intermittent,intermittent,否,21,0.7647,0.7143,0.5821,0.4896,none,none,0.0769,adida,是
CJ4040090459,seasonal,seasonal,seasonal,否,13,0.6471,0.6923,1.0432,0.3371,increasing,none,0.3922,ma_3,否
CJ4040090460,seasonal,seasonal,seasonal,否,14,0.6471,0.7143,1.0369,0.3749,increasing,none,0.3876,ma_3,否
CJ4040090467,intermittent,seasonal,seasonal,是,20,0.6667,0.55,0.4249,0.3536,none,none,1.2378,optimized_des,否
CJ4040090468,intermittent,seasonal,seasonal,是,20,0.6667,0.55,0.4249,0.3536,none,none,1.2378,optimized_des,否
CJ4040190307,trending,all_zero,all_zero,是,13,0.5686,1.0,0.4142,0.0,decreasing,none,0.0,ma_5,否
CJ4040190308,trending,all_zero,all_zero,是,13,0.5686,1.0,0.4142,0.0,decreasing,none,0.0,ma_5,否
CJ4040190309,trending,all_zero,all_zero,是,13,0.5686,1.0,0.4142,0.0,decreasing,none,0.0,ma_5,否
CJ4040190310,intermittent,all_zero,all_zero,是,13,0.7843,1.0,0.2635,0.0,none,none,0.0,ma_5,否
CJ4040190311,sparse,sparse,sparse,否,13,0.8039,0.8462,0.3333,0.0,none,none,0.0,median_5,否
CJ4040190377,intermittent,all_zero,all_zero,是,13,0.7451,1.0,0.3529,0.0,none,none,0.0529,optimized_ses,否
CJ4040200656,intermittent,intermittent,intermittent,否,13,0.7843,0.6154,0.4461,0.1265,none,none,0.0,ma_5,否
CJ4040500080,intermittent,sparse,sparse,是,23,0.7843,0.8261,0.4451,0.5824,none,none,0.0,median_5,否
CJ4040500162,intermittent,intermittent,intermittent,否,13,0.7451,0.6154,0.4639,0.4153,none,none,0.0,median_5,否
CJ4040500163,intermittent,intermittent,intermittent,否,13,0.7255,0.6154,0.4699,0.194,none,none,0.1359,median_5,否
CJ4040500178,seasonal,seasonal,seasonal,否,13,0.8039,0.7692,0.3588,0.268,none,none,0.0,ma_5,否
CJ4040500180,intermittent,intermittent,intermittent,否,14,0.7843,0.7143,0.5192,0.4558,none,none,0.4545,ma_5,否
CJ4040500205,intermittent,seasonal,seasonal,是,14,0.7255,0.6429,0.539,0.5751,none,none,0.1226,optimized_hw,是
CJ4040560322,trending,trending,trending,否,22,0.7255,0.6818,0.6919,0.7289,increasing,increasing,0.0,ma_3,否
CJ4040560323,intermittent,trending,trending,是,22,0.7255,0.6818,0.6903,0.6325,none,increasing,0.303,ma_3,否
CJ4040880026,intermittent,seasonal,seasonal,是,15,0.3922,0.5333,0.6353,0.3715,none,none,1.0909,seasonal_naive,否
CJ4040880027,lumpy,intermittent,intermittent,是,19,0.7059,0.7368,0.9522,0.3128,none,none,0.0689,tsb_opt,否
CJ4040880028,intermittent,seasonal,seasonal,是,15,0.3922,0.5333,0.6353,0.3715,none,none,1.0909,seasonal_naive,否
CJ4141010124,intermittent,intermittent,intermittent,否,17,0.7843,0.7059,0.2916,0.3651,none,none,0.0,median_5,否
CJ4141010125,sparse,seasonal,seasonal,是,26,0.8039,0.8077,0.2854,0.3868,none,none,0.0,median_5,否
CJ4141010126,seasonal,seasonal,seasonal,否,26,0.8039,0.8077,0.4176,0.3868,none,none,0.0,median_5,否
CJ4141070086,sparse,all_zero,all_zero,是,13,0.8039,1.0,0.4896,0.0,none,none,0.0,ma_5,否
CJ4141070101,intermittent,intermittent,intermittent,否,20,0.5294,0.6,0.6217,0.543,none,none,0.0063,weighted_ma_5,是
CJ4141100494,intermittent,intermittent,intermittent,否,25,0.6863,0.6,0.5439,0.6191,none,none,0.0826,median_5,否
CJ4141100498,seasonal,trending,trending,是,26,0.7059,0.6923,0.3666,0.1505,none,decreasing,0.0,optimized_des,否
CJ4141100502,intermittent,intermittent,intermittent,否,13,0.6275,0.5385,0.6137,0.3022,none,none,0.0,median_5,否
CJ4141110017,intermittent,intermittent,intermittent,否,20,0.7059,0.6,0.6843,0.433,none,none,0.041,winsorized,是
CJ4141120416,seasonal,trending,trending,是,14,0.6667,0.7857,0.2915,0.0,none,decreasing,0.0,ma_3,否
CJ4141150756,seasonal,intermittent,intermittent,是,14,0.8039,0.4286,0.4058,0.1571,increasing,none,0.1173,croston,是
CJ4141150757,seasonal,intermittent,intermittent,是,13,0.7843,0.3077,0.4868,0.4257,increasing,none,0.3268,croston,是
CJ4141150758,seasonal,intermittent,intermittent,是,14,0.7647,0.3571,0.4455,0.087,increasing,none,0.4737,adida,是
CJ4141150833,seasonal,intermittent,intermittent,是,22,0.6667,0.5909,0.5382,0.3085,none,none,0.019,winsorized,是
CJ4141150840,trending,intermittent,intermittent,是,13,0.6863,0.3846,0.5824,0.5766,increasing,none,0.1156,adida,是
CJ4141150866,intermittent,lumpy,lumpy,是,15,0.7451,0.7333,0.6929,0.8246,none,none,0.1717,croston,是
CJ4141150881,seasonal,lumpy,lumpy,是,17,0.6275,0.3529,0.7705,0.7378,increasing,none,0.7379,adida,是
CJ4141150900,intermittent,all_zero,all_zero,是,13,0.7843,1.0,0.4062,0.0,none,none,0.0,ma_5,否
CJ4141150905,lumpy,sparse,sparse,是,26,0.6667,0.8462,1.3115,0.7286,none,none,0.0108,tsb_opt,否
CJ4141150910,intermittent,intermittent,intermittent,否,18,0.549,0.6667,0.3839,0.4082,none,none,0.1786,weighted_ma_5,是
CJ4141150911,intermittent,intermittent,intermittent,否,26,0.5294,0.6154,0.5203,0.5375,none,none,0.3718,croston,是
CJ4141150914,intermittent,seasonal,seasonal,是,13,0.7647,0.7692,0.4518,0.3536,none,none,0.0,ma_5,否
CJ4141150920,sparse,intermittent,intermittent,是,26,0.8039,0.7692,0.7006,0.5632,none,none,0.0,median_5,否
CJ4141150948,seasonal,intermittent,intermittent,是,13,0.8039,0.4615,0.578,0.5512,increasing,none,0.4588,adida,是
CJ4141150986,trending,intermittent,intermittent,是,20,0.5098,0.55,0.7507,0.41,increasing,none,0.0,median_5,否
CJ4141150987,sparse,trending,trending,是,13,0.8235,0.7692,0.835,0.6042,none,increasing,0.0,ma_5,否
CJ4141150988,seasonal,seasonal,seasonal,否,23,0.6471,0.4783,0.8475,1.0059,none,none,0.2688,ma_3,否
CJ4141150992,intermittent,intermittent,intermittent,否,13,0.5686,0.4615,0.5727,0.5745,none,none,0.3226,median_5,否
CJ4141150995,sparse,lumpy,lumpy,是,13,0.8039,0.6923,1.3134,0.8053,none,none,0.0,median_5,否
CJ4141150997,sparse,intermittent,intermittent,是,18,0.8039,0.7778,0.5285,0.3578,none,none,0.0,median_5,否
CJ4141150998,seasonal,all_zero,all_zero,是,13,0.7451,1.0,0.688,0.0,decreasing,none,10.2901,optimized_ses,否
CJ4141151001,lumpy,sparse,sparse,是,13,0.7843,0.9231,0.8851,0.0,none,none,0.0,median_5,否
CJ4141151004,seasonal,intermittent,intermittent,是,13,0.3137,0.3077,0.8548,0.3712,increasing,none,0.0,median_5,否
CJ4141151007,lumpy,lumpy,lumpy,否,13,0.6078,0.6923,1.7456,0.9971,none,none,0.4065,weighted_ma_5,是
CJ4141151008,seasonal,lumpy,lumpy,是,20,0.5882,0.5,0.8678,0.7941,increasing,none,0.0606,theta,是
CJ4141151013,lumpy,intermittent,intermittent,是,21,0.5686,0.6667,0.7648,0.4312,none,none,0.0926,ma_5,否
CJ4141151026,trending,stable,stable,是,18,0.4314,0.2222,0.6708,0.6733,increasing,none,0.7353,seasonal_naive,否
CJ4141151028,sparse,intermittent,intermittent,是,13,0.8235,0.7692,0.2828,0.3536,none,none,2.5,ma_5,否
CJ4141151029,seasonal,seasonal,seasonal,否,13,0.5882,0.3077,1.0267,0.6033,increasing,increasing,1.4815,seasonal_naive,否
CJ4141180013,seasonal,all_zero,all_zero,是,13,0.7843,1.0,0.9439,0.0,decreasing,none,0.0,ma_5,否
CJ4141200252,intermittent,intermittent,intermittent,否,18,0.6471,0.6111,0.4897,0.4635,none,none,0.0725,weighted_ma_5,是
CJ4141230015,seasonal,intermittent,intermittent,是,14,0.7647,0.6429,0.519,0.2222,increasing,none,0.1394,croston,是
CJ4141240143,intermittent,intermittent,intermittent,否,16,0.7647,0.5625,0.4585,0.3396,none,none,0.1323,interval_based,否
CJ4141240147,intermittent,sparse,sparse,是,13,0.7843,0.9231,0.6629,0.0,none,none,0.0,median_5,否
CJ4141240148,intermittent,intermittent,intermittent,否,24,0.7647,0.7083,0.5209,0.4468,none,none,0.0,median_5,否
CJ4141240149,sparse,intermittent,intermittent,是,13,0.8039,0.7692,0.7287,0.6374,none,none,0.0543,croston,是
CJ4141240173,intermittent,intermittent,intermittent,否,23,0.5882,0.4783,0.4776,0.4468,none,none,0.7644,interval_based,否
CJ4141240179,intermittent,intermittent,intermittent,否,24,0.6667,0.4583,0.5078,0.5033,none,none,0.098,median_5,否
CJ4141240183,lumpy,seasonal,seasonal,是,26,0.7647,0.6923,1.0252,0.4283,none,decreasing,0.6481,ma_3,否
CJ4141240199,lumpy,intermittent,intermittent,是,14,0.7059,0.5714,0.7521,0.4528,none,none,0.1382,interval_based,否
CJ4141240205,intermittent,intermittent,intermittent,否,13,0.5882,0.4615,0.5222,0.2293,none,none,0.114,theta,是
CJ4141240210,intermittent,seasonal,seasonal,是,23,0.5882,0.6522,0.2817,0.3107,none,decreasing,0.0,optimized_des,否
CJ4141240228,trending,stable,stable,是,13,0.3725,0.2308,1.0596,0.6328,increasing,none,0.0,seasonal_naive,否
CJ4141240229,intermittent,intermittent,intermittent,否,13,0.7059,0.7692,0.4869,0.2339,none,none,0.0,median_5,否
CJ4141240232,intermittent,intermittent,intermittent,否,26,0.5686,0.7308,0.6999,0.4772,none,none,0.0,median_5,否
CJ4141240233,intermittent,intermittent,intermittent,否,22,0.7843,0.6818,0.6722,0.559,none,none,0.0,winsorized,是
CJ4141240236,trending,all_zero,all_zero,是,13,0.5686,1.0,0.5273,0.0,decreasing,none,0.0,ma_5,否
CJ4141240237,seasonal,intermittent,intermittent,是,13,0.4902,0.6154,0.8433,0.5615,increasing,none,0.9138,adida,是
CJ4141240239,intermittent,seasonal,seasonal,是,15,0.5294,0.4667,0.6204,0.5249,none,none,0.0958,ma_3,否
CJ4141240241,trending,lumpy,lumpy,是,25,0.6863,0.64,0.7958,0.7497,increasing,none,0.0424,winsorized,是
CJ4141240244,intermittent,intermittent,intermittent,否,24,0.5098,0.5833,0.4434,0.3123,none,none,0.7917,adida,是
CJ4141240245,intermittent,all_zero,all_zero,是,13,0.7647,1.0,0.4341,0.0,none,none,0.0,ma_5,否
CJ4141240246,sparse,sparse,sparse,否,20,0.8039,0.85,0.6425,0.5443,none,none,0.2232,winsorized,是
CJ4141240248,seasonal,intermittent,intermittent,是,13,0.6078,0.3846,0.6233,0.4232,increasing,none,0.2116,croston,是
CJ4141240250,seasonal,trending,trending,是,13,0.4314,0.0769,0.6431,0.6007,increasing,increasing,1.2658,seasonal_naive,否
CJ4141240252,trending,seasonal,seasonal,是,18,0.3529,0.1667,0.66,0.5382,increasing,none,0.6757,seasonal_naive,否
CJ4141240256,trending,intermittent,intermittent,是,13,0.3529,0.3077,1.1178,0.6547,increasing,none,0.8599,adida,是
CJ4141240257,seasonal,intermittent,intermittent,是,25,0.5882,0.64,0.5869,0.5773,none,none,0.1734,croston,是
CJ4141240259,lumpy,intermittent,intermittent,是,14,0.549,0.3571,0.834,0.5714,none,none,0.1639,median_5,否
CJ4141240260,intermittent,seasonal,seasonal,是,25,0.4902,0.64,0.626,0.6465,none,none,0.0,optimized_des,否
CJ4141240261,seasonal,intermittent,intermittent,是,13,0.7255,0.3846,0.4899,0.2598,increasing,none,0.7172,adida,是
CJ4141240262,intermittent,intermittent,intermittent,否,13,0.6275,0.4615,0.5024,0.3138,none,none,0.0,median_5,否
CJ4141240264,trending,seasonal,seasonal,是,17,0.4118,0.2353,0.4734,0.4387,increasing,none,0.1791,optimized_hw,是
CJ4141240265,seasonal,intermittent,intermittent,是,25,0.6863,0.72,0.5349,0.3963,none,none,0.0871,adida,是
CJ4141240266,trending,intermittent,intermittent,是,16,0.7255,0.5625,0.3963,0.344,increasing,none,0.1042,adida,是
CJ4141240268,intermittent,sparse,sparse,是,13,0.7451,0.9231,0.5714,0.0,none,none,0.0,median_5,否
CJ4141240271,seasonal,seasonal,seasonal,否,13,0.5686,0.4615,1.2006,0.7041,increasing,none,0.2008,weighted_ma_5,是
CJ4141240272,trending,intermittent,intermittent,是,15,0.8039,0.7333,0.4372,0.3685,increasing,none,0.0,ma_5,否
CJ4141240273,sparse,intermittent,intermittent,是,26,0.8039,0.7692,0.4738,0.559,none,none,0.0,median_5,否
CJ4141240278,intermittent,sparse,sparse,是,13,0.7451,0.8462,0.3514,0.0,none,none,0.2778,ma_3,否
CJ4141240279,seasonal,seasonal,seasonal,否,21,0.7647,0.619,0.4301,0.3731,none,none,0.2357,theta,是
CJ4141240282,sparse,sparse,sparse,否,26,0.8431,0.8077,0.8137,0.8971,none,none,0.1628,interval_based,否
CJ4141240289,intermittent,intermittent,intermittent,否,25,0.7647,0.6,0.676,0.525,none,none,0.0,median_5,否
CJ4141240293,seasonal,intermittent,intermittent,是,13,0.8235,0.4615,0.559,0.4312,increasing,none,1.2903,median_5,否
CJ4141260073,seasonal,all_zero,all_zero,是,13,0.6667,1.0,0.537,0.0,decreasing,none,0.0,ma_5,否
CJ4141260079,intermittent,intermittent,intermittent,否,24,0.3725,0.3333,0.4894,0.5528,none,none,0.4,ma_5,否
CJ4141260084,seasonal,seasonal,seasonal,否,13,0.549,0.6154,0.3229,0.3333,none,none,0.0,median_5,否
CJ4141260098,seasonal,sparse,sparse,是,13,0.6078,0.9231,0.5122,0.0,none,none,0.2255,adida,是
CJ4141360735,sparse,trending,trending,是,13,0.8039,0.8462,0.0,0.0,none,decreasing,0.0,optimized_des,否
CJ4141410133,sparse,trending,trending,是,23,0.8627,0.7826,1.1205,0.4513,none,increasing,0.0,ma_5,否
CJ4141410136,trending,intermittent,intermittent,是,24,0.7647,0.5417,0.4805,0.3383,increasing,none,0.0,median_5,否
CJ4141410137,trending,intermittent,intermittent,是,24,0.7451,0.5,0.5217,0.3354,increasing,none,0.393,median_5,否
CJ4141410172,intermittent,intermittent,intermittent,否,25,0.7647,0.76,0.5949,0.4811,none,none,0.0129,tsb_opt,否
CJ4141410173,intermittent,intermittent,intermittent,否,25,0.7647,0.76,0.5957,0.4194,none,none,0.0197,winsorized,是
CJ4141410210,trending,intermittent,intermittent,是,18,0.7647,0.5,0.4969,0.5333,increasing,none,0.0202,adida,是
CJ4141410211,seasonal,intermittent,intermittent,是,16,0.8039,0.625,0.6008,0.6292,none,none,0.0053,tsb_opt,否
CJ4141640173,intermittent,intermittent,intermittent,否,13,0.6275,0.4615,0.6912,0.0,none,none,0.1952,interval_based,否
CJ4141670290,intermittent,seasonal,seasonal,是,17,0.7843,0.7647,0.5663,0.3578,none,none,0.0,median_5,否
CJ4141670314,seasonal,all_zero,all_zero,是,13,0.7255,1.0,0.6856,0.0,decreasing,none,0.0,ma_5,否
CJ4141670383,intermittent,sparse,sparse,是,20,0.5686,0.8,0.4945,0.7435,none,none,0.1783,croston,是
CJ4141670399,seasonal,seasonal,seasonal,否,26,0.2157,0.2692,0.9668,1.2158,decreasing,decreasing,0.0,optimized_des,否
CJ4141670447,trending,intermittent,intermittent,是,13,0.4118,0.6154,0.6025,0.5244,decreasing,none,0.0,median_5,否
CJ4141670498,trending,lumpy,lumpy,是,15,0.5882,0.4,1.1774,0.8711,increasing,none,0.0855,adida,是
CJ4141670499,lumpy,lumpy,lumpy,否,15,0.6667,0.5333,1.0831,0.7309,none,none,0.0235,weighted_ma_5,是
CJ4141670606,intermittent,all_zero,all_zero,是,13,0.7059,1.0,0.4109,0.0,none,none,0.0,ma_5,否
CJ4141670665,stable,intermittent,intermittent,是,13,0.1765,0.3077,0.6763,0.4956,none,none,0.2,median_5,否
CJ4141670668,lumpy,lumpy,lumpy,否,13,0.2549,0.3077,0.7571,1.3025,none,none,0.2247,ma_3,否
CJ4141670717,stable,stable,stable,否,17,0.2353,0.2353,0.6606,0.6898,none,none,0.0193,theta,是
CJ4141670719,intermittent,intermittent,intermittent,否,13,0.5294,0.6154,0.543,0.4157,none,none,0.0,ma_5,否
CJ4141670727,sparse,sparse,sparse,否,13,0.8235,0.8462,0.3021,0.5,none,none,0.4715,croston,是
CJ4141670733,seasonal,all_zero,all_zero,是,13,0.7843,1.0,0.357,0.0,decreasing,none,0.0,ma_5,否
CJ4141670763,seasonal,lumpy,lumpy,是,18,0.7647,0.6111,0.9354,0.9301,none,none,0.0,median_5,否
CJ4141670784,trending,intermittent,intermittent,是,13,0.8039,0.5385,0.5607,0.6926,increasing,none,0.0,ma_5,否
CJ4141670785,intermittent,intermittent,intermittent,否,26,0.4118,0.4231,0.5206,0.5238,none,none,0.1199,ma_3,否
CJ4141670796,intermittent,intermittent,intermittent,否,16,0.7647,0.75,0.3464,0.3464,none,none,0.0816,interval_based,否
CJ4141670805,intermittent,stable,stable,是,26,0.2941,0.2308,0.4522,0.5201,none,none,0.5862,seasonal_naive,否
CJ4141670828,trending,stable,stable,是,13,0.098,0.0,0.549,0.4487,increasing,none,0.0383,ma_5,否
CJ4141670830,trending,all_zero,all_zero,是,13,0.7059,1.0,0.6194,0.0,decreasing,none,0.0,ma_5,否
CJ4141670833,intermittent,sparse,sparse,是,23,0.7843,0.8261,0.3561,0.3074,none,none,0.0,weighted_ma_5,是
CJ4141670837,trending,stable,stable,是,18,0.4314,0.1667,0.3799,0.3142,increasing,none,0.5066,seasonal_naive,否
CJ4141670850,intermittent,intermittent,intermittent,否,13,0.7451,0.6154,0.4767,0.5301,none,none,0.2051,median_5,否
CJ4141670852,intermittent,seasonal,seasonal,是,13,0.4118,0.1538,0.6684,0.6778,none,decreasing,0.0245,optimized_ses,否
CJ4141670853,intermittent,seasonal,seasonal,是,13,0.3922,0.1538,0.6924,0.6778,none,decreasing,0.0533,optimized_ses,否
CJ4141670864,seasonal,stable,stable,是,13,0.2549,0.0769,0.7208,0.2551,decreasing,none,0.9098,interval_based,否
CJ4141670865,lumpy,intermittent,intermittent,是,13,0.7059,0.6154,0.7086,0.3333,none,none,0.0525,theta,是
CJ4141670866,intermittent,stable,stable,是,26,0.3529,0.2308,0.6079,0.4472,none,none,0.0357,optimized_des,否
CJ4141670873,lumpy,sparse,sparse,是,18,0.7843,0.8333,1.1743,1.0424,none,none,0.0388,croston,是
CJ4141670879,intermittent,seasonal,seasonal,是,19,0.5294,0.4211,0.513,0.5148,none,none,0.1587,weighted_ma_5,是
CJ4141670881,seasonal,stable,stable,是,13,0.7451,0.2308,0.3563,0.3521,increasing,none,0.7039,weighted_ma_5,是
CJ4141670883,intermittent,intermittent,intermittent,否,14,0.5882,0.5714,0.5098,0.5092,none,none,0.0283,optimized_ses,否
CJ4141670892,seasonal,intermittent,intermittent,是,16,0.5294,0.625,0.4303,0.4082,none,none,0.0097,optimized_ses,否
CJ4141670916,intermittent,intermittent,intermittent,否,26,0.451,0.4231,0.5524,0.483,none,none,0.2381,median_5,否
CJ4141670917,intermittent,intermittent,intermittent,否,13,0.6863,0.6154,0.5119,0.0,none,none,0.1508,median_5,否
CJ4141670918,seasonal,all_zero,all_zero,是,13,0.3529,1.0,0.5861,0.0,decreasing,none,0.0,ma_5,否
CJ4141670930,seasonal,intermittent,intermittent,是,13,0.7059,0.4615,0.6066,0.6563,increasing,none,0.0,median_5,否
CJ4141670931,intermittent,trending,trending,是,20,0.2941,0.5,0.5598,0.7028,none,decreasing,0.1764,optimized_des,否
CJ4141670932,intermittent,intermittent,intermittent,否,13,0.6667,0.4615,0.5676,0.4619,none,none,0.0,median_5,否
CJ4141670934,seasonal,stable,stable,是,18,0.6471,0.1667,0.6346,0.6903,increasing,none,0.8303,seasonal_naive,否
CJ4141670941,trending,stable,stable,是,18,0.451,0.2222,0.423,0.4341,increasing,none,0.0021,interval_based,否
CJ4141670944,trending,intermittent,intermittent,是,16,0.6275,0.4375,0.4256,0.3536,increasing,none,0.0344,adida,是
CJ4141670946,trending,stable,stable,是,26,0.0588,0.0769,0.4913,0.4526,increasing,none,0.0324,interval_based,否
CJ4141670947,lumpy,all_zero,all_zero,是,13,0.7059,1.0,1.3069,0.0,none,none,0.0,ma_5,否
CJ4141670952,intermittent,intermittent,intermittent,否,22,0.4314,0.4545,0.6953,0.6618,none,none,0.0,median_5,否
CJ4141670958,intermittent,intermittent,intermittent,否,26,0.6471,0.7308,0.4209,0.3062,none,none,0.0,median_5,否
CJ4141670962,lumpy,intermittent,intermittent,是,13,0.5294,0.6154,0.7573,0.5329,none,none,0.0,median_5,否
CJ4141670965,seasonal,sparse,sparse,是,13,0.6275,0.9231,0.3578,0.0,none,none,0.0,median_5,否
CJ4141670988,lumpy,all_zero,all_zero,是,13,0.6471,1.0,0.7028,0.0,none,none,0.0,ma_5,否
CJ4141670989,intermittent,sparse,sparse,是,13,0.5882,0.9231,0.5848,0.0,none,none,0.0,median_5,否
CJ4141671001,seasonal,seasonal,seasonal,否,13,0.7843,0.5385,0.7668,0.5416,increasing,none,0.0,median_5,否
CJ4141671002,intermittent,trending,trending,是,13,0.7451,0.5385,0.5313,0.4796,none,increasing,0.0337,theta,是
CJ4141671005,intermittent,sparse,sparse,是,13,0.7255,0.8462,0.5914,0.5556,none,none,1.0714,ma_3,否
CJ4141671012,intermittent,all_zero,all_zero,是,13,0.5294,1.0,0.5931,0.0,none,none,0.0,ma_5,否
CJ4141671013,intermittent,intermittent,intermittent,否,16,0.7255,0.625,0.5463,0.4303,none,none,0.0,median_5,否
CJ4141671014,seasonal,intermittent,intermittent,是,13,0.6863,0.6923,0.6189,0.4513,none,none,0.0,weighted_ma_5,是
CJ4141671018,lumpy,sparse,sparse,是,13,0.7843,0.8462,1.072,0.3333,none,none,0.0,median_5,否
CJ4141671021,seasonal,intermittent,intermittent,是,14,0.5686,0.4286,0.8017,0.3407,increasing,none,0.0228,interval_based,否
CJ4141671022,seasonal,intermittent,intermittent,是,14,0.5686,0.4286,0.8287,0.3689,increasing,none,0.0425,optimized_ses,否
CJ4141671025,intermittent,intermittent,intermittent,否,13,0.5686,0.6154,0.5833,0.329,none,none,0.141,adida,是
CJ4141671047,intermittent,all_zero,all_zero,是,13,0.7451,1.0,0.6529,0.0,none,none,2.4532,optimized_ses,否
CJ4141671048,intermittent,all_zero,all_zero,是,13,0.7451,1.0,0.5477,0.0,none,none,0.0,ma_5,否
CJ4141671049,sparse,sparse,sparse,否,13,0.8627,0.9231,0.5099,0.0,none,none,4.3704,interval_based,否
CJ4141671056,intermittent,intermittent,intermittent,否,25,0.7647,0.72,0.6014,0.5099,none,none,0.0,median_5,否
CJ4141671072,seasonal,seasonal,seasonal,否,16,0.7843,0.625,0.8761,0.9476,increasing,none,0.0,seasonal_naive,否
CJ4141671127,seasonal,seasonal,seasonal,否,13,0.902,0.6154,0.9143,0.9143,increasing,increasing,3.3177,optimized_ses,否
CJ4141760055,intermittent,intermittent,intermittent,否,13,0.4314,0.5385,0.4981,0.4142,none,none,0.0,ma_5,否
CJ4141760096,intermittent,intermittent,intermittent,否,14,0.3922,0.5714,0.5482,0.3748,none,none,0.1062,adida,是
CJ4141760097,seasonal,seasonal,seasonal,否,14,0.549,0.6429,0.4962,0.3275,none,none,0.0,ma_5,否
CJ4141760098,intermittent,trending,trending,是,17,0.7059,0.6471,0.4449,0.4472,none,increasing,0.0394,optimized_hw,是
CJ4141760101,intermittent,intermittent,intermittent,否,22,0.5686,0.4545,0.3721,0.3233,none,none,0.1882,interval_based,否
CJ4141760135,intermittent,sparse,sparse,是,13,0.549,0.9231,0.4301,0.0,none,none,0.0978,interval_based,否
CJ4141760136,trending,intermittent,intermittent,是,13,0.8235,0.4615,0.4452,0.4581,increasing,none,0.1263,interval_based,否
CJ4141820036,lumpy,seasonal,seasonal,是,14,0.6078,0.7143,1.3563,0.8973,none,increasing,0.0369,ma_3,否
CJ4141820055,seasonal,intermittent,intermittent,是,14,0.4118,0.5,1.7989,0.5103,none,none,0.2144,theta,是
CJ4142110047,trending,seasonal,seasonal,是,13,0.5098,0.3077,0.7569,0.7255,increasing,none,0.0161,theta,是
CJ4142110054,lumpy,lumpy,lumpy,否,18,0.4314,0.3333,0.9881,1.1674,none,none,0.2727,ma_3,否
CJ4142430082,seasonal,stable,stable,是,13,0.6275,0.1538,0.5192,0.4787,increasing,none,0.0267,ma_3,否
CJ4142430104,seasonal,intermittent,intermittent,是,13,0.5294,0.6154,0.7342,0.5152,none,none,0.0321,tsb_opt,否
CJ4142430113,seasonal,stable,stable,是,22,0.4314,0.0909,0.6289,0.6411,increasing,none,0.0011,interval_based,否
CJ4142430127,sparse,trending,trending,是,19,0.8039,0.7368,0.8932,0.4454,none,decreasing,0.0,ma_3,否
CJ4142430154,seasonal,lumpy,lumpy,是,13,0.8235,0.3077,0.8552,0.8552,increasing,none,0.1002,ma_5,否
CJ4142430200,sparse,intermittent,intermittent,是,13,0.8235,0.6923,0.4114,0.3464,none,none,0.9931,croston,是
CJ4142430230,seasonal,stable,stable,是,13,0.549,0.2308,0.7233,0.682,increasing,none,0.536,ma_5,否
CJ4142430239,trending,intermittent,intermittent,是,13,0.8235,0.4615,0.5212,0.3622,increasing,none,0.0591,croston,是
CJ4142470022,seasonal,trending,trending,是,19,0.6667,0.4737,0.7533,0.2761,none,decreasing,0.0,ma_3,否
CJ4142470023,trending,intermittent,intermittent,是,16,0.7451,0.4375,0.4443,0.4993,increasing,none,0.1768,ma_5,否
CJ4142470039,seasonal,intermittent,intermittent,是,13,0.8235,0.4615,0.4046,0.4112,increasing,none,0.0382,weighted_ma_5,是
CJ5010060070,lumpy,intermittent,intermittent,是,13,0.6863,0.7692,0.9216,0.4714,none,none,0.0,median_5,否
CJ5050000501,seasonal,all_zero,all_zero,是,13,0.6667,1.0,0.5345,0.0,decreasing,none,0.226,optimized_ses,否
CJ5050000719,stable,stable,stable,否,18,0.1961,0.2222,0.391,0.4017,none,none,0.0958,weighted_ma_5,是
CJ5050000735,intermittent,intermittent,intermittent,否,13,0.7255,0.7692,0.4211,0.0,none,none,0.1255,croston,是
CJ5050000765,stable,seasonal,seasonal,是,18,0.2353,0.2778,0.3646,0.3126,none,none,0.0131,ma_5,否
CJ5050000784,intermittent,intermittent,intermittent,否,26,0.549,0.5,0.4762,0.4887,none,none,0.0858,ma_3,否
CJ5050000794,seasonal,intermittent,intermittent,是,18,0.6667,0.2778,0.609,0.5828,increasing,none,0.0069,adida,是
CJ5050000802,seasonal,trending,trending,是,13,0.8039,0.4615,0.6019,0.4404,none,increasing,0.5527,optimized_hw,是
CJ5050000869,trending,seasonal,seasonal,是,13,0.8627,0.4615,0.9996,0.9996,increasing,none,0.0,median_5,否
CJ5050000871,seasonal,lumpy,lumpy,是,13,0.8627,0.4615,0.8089,0.8089,increasing,none,0.0606,weighted_ma_5,是
CJ5050000881,seasonal,all_zero,all_zero,是,13,0.7255,1.0,0.5344,0.0,none,none,0.0,ma_5,否
CJ5050000889,trending,seasonal,seasonal,是,13,0.7647,0.3077,0.8231,0.621,increasing,none,0.5069,median_5,否
CJ5050000897,intermittent,intermittent,intermittent,否,26,0.7451,0.6923,0.5488,0.6365,none,none,0.5828,median_5,否
CJ5050000919,seasonal,erratic,erratic,是,13,0.7647,0.2308,0.7039,0.7942,increasing,none,0.0466,croston,是
CJ5050000999,seasonal,stable,stable,是,26,0.2941,0.2308,0.5318,0.1694,none,none,0.0938,ma_5,否
CJ5050001005,seasonal,trending,trending,是,16,0.7843,0.5,0.7502,0.7192,increasing,decreasing,0.0,ma_3,否
CJ5050001013,seasonal,intermittent,intermittent,是,14,0.7647,0.2857,0.5909,0.547,increasing,none,0.3214,adida,是
CJ5050001018,seasonal,trending,trending,是,13,0.7647,0.0769,0.345,0.345,increasing,increasing,2.234,seasonal_naive,否
CJ5050001043,trending,erratic,erratic,是,21,0.549,0.0952,0.983,0.9792,increasing,none,0.1387,adida,是
CJ5050001055,seasonal,stable,stable,是,13,0.5098,0.1538,0.6026,0.5984,increasing,none,0.3247,seasonal_naive,否
CJ5050001071,seasonal,seasonal,seasonal,否,13,0.6863,0.0,0.9938,1.1656,increasing,decreasing,0.9965,median_5,否
CJ5050001091,seasonal,seasonal,seasonal,否,14,0.7451,0.5,0.8455,0.9278,increasing,none,0.0,median_5,否
CJ5050001112,seasonal,erratic,erratic,是,13,0.7451,0.0769,0.8065,0.8422,increasing,none,0.1388,theta,是
CJ5050001123,seasonal,intermittent,intermittent,是,14,0.6863,0.3571,0.5252,0.5297,increasing,none,0.0081,ma_3,否
CJ5050001155,trending,all_zero,all_zero,是,13,0.7647,1.0,0.996,0.0,decreasing,none,0.0,ma_5,否
CJ5050001156,lumpy,seasonal,seasonal,是,26,0.7647,0.8462,1.0727,0.6124,none,increasing,0.0,ma_5,否
CJ5050001157,seasonal,trending,trending,是,26,0.6275,0.8077,0.8082,0.6236,decreasing,increasing,0.0002,optimized_ses,否
CJ5050001158,intermittent,sparse,sparse,是,26,0.7647,0.8077,0.5019,0.5645,none,none,0.0,ma_5,否
CJ5050001159,trending,sparse,sparse,是,13,0.6863,0.8462,0.4311,0.6721,decreasing,none,0.0333,ma_3,否
CJ5050001171,seasonal,seasonal,seasonal,否,18,0.6863,0.2778,0.8125,0.8391,increasing,none,0.4202,ma_5,否
CJ5050001191,trending,lumpy,lumpy,是,13,0.8235,0.5385,0.7284,0.8389,increasing,none,7.3407,winsorized,是
CJ5050001237,intermittent,seasonal,seasonal,是,26,0.3725,0.0769,0.6979,0.5984,none,none,0.0594,theta,是
CJ5050001263,seasonal,seasonal,seasonal,否,13,0.7255,0.0769,0.606,0.614,increasing,none,1.3091,theta,是
CJ5050001266,seasonal,trending,trending,是,13,0.8431,0.3846,0.2782,0.2782,increasing,increasing,2.2222,seasonal_naive,否
CJ5050001352,seasonal,intermittent,intermittent,是,13,0.8627,0.4615,0.5855,0.5855,increasing,none,0.0,median_5,否
CJ5050001429,seasonal,intermittent,intermittent,是,13,0.8824,0.5385,0.6505,0.6505,increasing,none,0.8901,weighted_ma_5,是
CJ5050120413,seasonal,lumpy,lumpy,是,13,0.8235,0.3077,0.8173,0.8173,increasing,none,0.625,median_5,否
CJ5050120525,seasonal,intermittent,intermittent,是,13,0.8235,0.3077,0.6479,0.6479,increasing,none,1.1905,ma_3,否
CJ5050120552,trending,lumpy,lumpy,是,13,0.549,0.4615,1.2245,1.0561,increasing,none,0.0057,adida,是
CJ5050240118,seasonal,intermittent,intermittent,是,13,0.6078,0.6154,0.9105,0.674,none,none,0.0862,weighted_ma_5,是
CJ5050240119,sparse,sparse,sparse,否,22,0.8039,0.8182,0.3253,0.1155,none,none,0.4087,winsorized,是
CJ5050240126,intermittent,intermittent,intermittent,否,18,0.7647,0.6111,0.3401,0.344,none,none,0.0,median_5,否
CJ5050270140,seasonal,intermittent,intermittent,是,14,0.7843,0.5,0.4242,0.3937,increasing,none,0.2143,adida,是
CJ6060010115,intermittent,stable,stable,是,26,0.3922,0.2308,0.5058,0.504,none,none,0.0383,weighted_ma_5,是
CJ6060020037,intermittent,sparse,sparse,是,13,0.7647,0.8462,0.4518,0.0,none,none,0.0,median_5,否
CJ6060030155,seasonal,intermittent,intermittent,是,13,0.7843,0.7692,0.4788,0.2999,none,none,0.0353,optimized_ses,否
CJ6060060164,seasonal,intermittent,intermittent,是,22,0.6863,0.4091,0.3817,0.3595,increasing,none,0.0342,winsorized,是
CJ6060060674,intermittent,seasonal,seasonal,是,14,0.4902,0.5,0.3506,0.3391,none,none,0.0699,ma_3,否
CJ6060060675,intermittent,intermittent,intermittent,否,26,0.4902,0.5,0.2888,0.2476,none,none,0.0912,ma_3,否
CJ6060060676,intermittent,intermittent,intermittent,否,25,0.4902,0.52,0.4789,0.4127,none,none,0.0998,ma_3,否
CJ6060060677,intermittent,intermittent,intermittent,否,22,0.5294,0.5,0.531,0.2641,none,none,0.0473,ma_3,否
CJ6060060678,intermittent,intermittent,intermittent,否,13,0.5686,0.6154,0.3891,0.22,none,none,0.0228,ma_3,否
CJ6060060679,intermittent,intermittent,intermittent,否,13,0.7059,0.7692,0.3113,0.2828,none,none,0.0,ma_5,否
CJ6060060680,intermittent,intermittent,intermittent,否,13,0.7255,0.7692,0.3149,0.2828,none,none,0.0,ma_5,否
CJ6060080689,seasonal,intermittent,intermittent,是,25,0.7255,0.56,0.3191,0.2029,increasing,none,0.0795,adida,是
CJ6060080880,seasonal,seasonal,seasonal,否,22,0.3922,0.3182,0.3132,0.3322,none,increasing,0.6946,seasonal_naive,否
CJ6060080935,intermittent,seasonal,seasonal,是,25,0.5686,0.48,0.4411,0.4608,none,increasing,0.8107,optimized_ses,否
CJ6060080976,stable,seasonal,seasonal,是,16,0.2157,0.0625,0.4776,0.3006,none,none,0.0299,ma_3,否
CJ6060080977,seasonal,stable,stable,是,13,0.1961,0.0,0.324,0.4,none,none,0.1705,optimized_des,否
CJ6060080982,seasonal,intermittent,intermittent,是,13,0.7451,0.6923,0.629,0.4843,none,none,0.0085,croston,是
CJ6060081006,seasonal,intermittent,intermittent,是,13,0.549,0.5385,0.1871,0.0639,none,none,0.2843,tsb_opt,否
CJ6060081009,intermittent,intermittent,intermittent,否,13,0.5686,0.4615,0.3709,0.344,none,none,0.009,adida,是
CJ6060081497,lumpy,all_zero,all_zero,是,13,0.3725,1.0,1.0717,0.0,none,none,0.0,ma_5,否
CJ6060081498,lumpy,sparse,sparse,是,25,0.7255,0.88,0.7348,0.3536,none,none,0.0,median_5,否
CJ6060081669,seasonal,all_zero,all_zero,是,13,0.6471,1.0,0.8062,0.0,decreasing,none,0.0,ma_5,否
CJ6060081675,seasonal,stable,stable,是,26,0.1373,0.1154,1.0878,0.6029,decreasing,none,0.0946,seasonal_naive,否
CJ6060081682,seasonal,stable,stable,是,20,0.1373,0.05,0.9085,0.6351,decreasing,none,0.0636,interval_based,否
CJ6060081683,trending,stable,stable,是,22,0.0784,0.0,1.316,0.6121,decreasing,none,0.3883,ma_5,否
CJ6060081704,seasonal,stable,stable,是,26,0.1569,0.1923,0.6576,0.437,decreasing,none,0.0916,ma_3,否
CJ6060081707,seasonal,seasonal,seasonal,否,25,0.1765,0.2,0.882,0.9117,none,none,0.0528,optimized_hw,是
CJ6060081758,intermittent,intermittent,intermittent,否,13,0.5294,0.5385,0.3825,0.2033,none,none,0.6631,adida,是
CJ6060081771,lumpy,intermittent,intermittent,是,26,0.4314,0.4231,0.8021,0.5492,none,none,0.0,ma_5,否
CJ6060081789,seasonal,sparse,sparse,是,21,0.6275,0.8571,0.9308,0.0,decreasing,none,0.0,median_5,否
CJ6060081881,seasonal,intermittent,intermittent,是,13,0.7451,0.6154,0.6319,0.5,none,none,0.1536,tsb_opt,否
CJ6060081955,intermittent,intermittent,intermittent,否,13,0.3725,0.3077,0.5707,0.4403,none,none,0.3133,croston,是
CJ6060081961,intermittent,intermittent,intermittent,否,13,0.3725,0.3077,0.5429,0.4403,none,none,0.3125,croston,是
CJ6060081972,seasonal,all_zero,all_zero,是,13,0.6078,1.0,0.6095,0.0,none,none,0.0,ma_5,否
CJ6060082032,trending,erratic,erratic,是,25,0.1569,0.08,0.8865,0.9011,increasing,none,0.0,ma_3,否
CJ6060082040,seasonal,intermittent,intermittent,是,14,0.5686,0.5714,0.3569,0.4142,none,none,0.0,ma_3,否
CJ6060082042,intermittent,intermittent,intermittent,否,25,0.3333,0.28,0.3807,0.3473,none,none,0.008,adida,是
CJ6060082043,intermittent,seasonal,seasonal,是,20,0.5098,0.6,0.2285,0.0552,none,none,0.0,seasonal_naive,否
CJ6060082044,intermittent,seasonal,seasonal,是,20,0.5098,0.6,0.2046,0.0678,none,none,0.0,seasonal_naive,否
CJ6060082054,lumpy,lumpy,lumpy,否,25,0.2549,0.28,0.752,0.8523,none,none,0.1053,median_5,否
CJ6060082055,intermittent,seasonal,seasonal,是,16,0.3529,0.3125,0.5199,0.434,none,none,0.5405,ma_5,否
CJ6060082056,lumpy,seasonal,seasonal,是,14,0.6275,0.5,0.9122,0.6186,none,none,0.0,ma_5,否
CJ6060082061,lumpy,erratic,erratic,是,20,0.2549,0.05,0.794,1.0236,none,none,0.2094,median_5,否
CJ6060082062,lumpy,erratic,erratic,是,16,0.2745,0.125,1.051,1.0786,none,none,0.1932,adida,是
CJ6060082063,intermittent,intermittent,intermittent,否,13,0.6471,0.3846,0.348,0.3197,none,none,0.2213,croston,是
CJ6060082075,erratic,seasonal,seasonal,是,25,0.1961,0.12,1.2363,0.9331,none,none,0.1159,seasonal_naive,否
CJ6060100020,seasonal,intermittent,intermittent,是,25,0.7059,0.76,0.657,0.0,decreasing,none,0.0,median_5,否
CJ6060230004,intermittent,intermittent,intermittent,否,13,0.5098,0.3077,0.5668,0.4991,none,none,0.1458,adida,是
CJ6060230006,trending,lumpy,lumpy,是,23,0.6667,0.3478,0.9315,1.0124,increasing,none,0.0675,interval_based,否
CJ6060230009,seasonal,stable,stable,是,18,0.1373,0.0556,0.3858,0.3698,none,none,0.2652,interval_based,否
CJ6060240002,seasonal,sparse,sparse,是,15,0.7255,0.8667,0.866,0.75,none,none,0.0,median_5,否
CJ6060240040,intermittent,intermittent,intermittent,否,13,0.6275,0.4615,0.3366,0.3514,none,none,0.1786,median_5,否
CJ6060260168,lumpy,lumpy,lumpy,否,26,0.6471,0.6538,0.7506,0.8553,none,none,0.0512,croston,是
CJ6060260176,trending,intermittent,intermittent,是,19,0.6078,0.3158,0.5289,0.4397,increasing,none,0.0212,tsb_opt,否
CJ6060260183,seasonal,stable,stable,是,17,0.5686,0.1765,0.4629,0.3744,increasing,none,0.1856,ma_3,否
CJ6060260206,seasonal,intermittent,intermittent,是,13,0.8039,0.3846,0.5125,0.5542,increasing,none,1.3725,weighted_ma_5,是
CJ6060260312,stable,stable,stable,否,17,0.1961,0.1176,0.394,0.4362,none,none,0.3638,ma_5,否
CJ6060280006,intermittent,intermittent,intermittent,否,24,0.5294,0.5833,0.2102,0.0983,none,none,0.1637,theta,是
CJ6060390028,intermittent,sparse,sparse,是,23,0.7451,0.8261,0.4308,0.3464,none,none,0.0,ma_5,否
CJ6060390055,intermittent,intermittent,intermittent,否,13,0.7451,0.4615,0.4819,0.262,none,none,0.014,adida,是
CJ7070050070,intermittent,intermittent,intermittent,否,16,0.7843,0.75,0.3111,0.4082,none,none,0.014,interval_based,否
CJ7070380003,intermittent,intermittent,intermittent,否,22,0.6863,0.7727,0.6211,0.3038,none,none,0.4255,ma_3,否
CJ7070480391,intermittent,intermittent,intermittent,否,18,0.3725,0.2778,0.6901,0.5574,none,none,0.0995,theta,是
CJ7070480392,intermittent,intermittent,intermittent,否,18,0.3725,0.2778,0.665,0.5426,none,none,0.2619,theta,是
CJ7070480397,sparse,intermittent,intermittent,是,13,0.8039,0.6154,0.6479,0.3062,none,none,0.0617,ma_3,否
CJ7070480398,sparse,intermittent,intermittent,是,13,0.8039,0.6154,0.6479,0.3062,none,none,0.0617,ma_3,否
CJ7070480399,sparse,intermittent,intermittent,是,16,0.8039,0.6875,0.5978,0.2222,none,none,0.1282,weighted_ma_5,是
CJ7070480400,trending,intermittent,intermittent,是,16,0.8431,0.75,0.378,0.2474,increasing,none,0.0494,optimized_ses,否
CJ7070480402,sparse,sparse,sparse,否,17,0.8235,0.8235,0.3955,0.2828,none,none,0.0,ma_5,否
CJ7070480403,trending,intermittent,intermittent,是,16,0.8039,0.6875,0.3333,0.2222,increasing,none,0.026,adida,是
CJ7070480404,seasonal,sparse,sparse,是,16,0.8431,0.8125,0.3333,0.0,none,none,0.3914,tsb_opt,否
CJ7070480405,sparse,sparse,sparse,否,17,0.8235,0.8824,0.5791,0.2,none,none,0.0772,winsorized,是
CJ7070480409,trending,intermittent,intermittent,是,16,0.8235,0.75,0.3194,0.0,increasing,none,0.0,winsorized,是
CJ7070540079,intermittent,intermittent,intermittent,否,13,0.6863,0.7692,0.3287,0.0,none,none,0.0,median_5,否
CJ7070540080,seasonal,all_zero,all_zero,是,13,0.8039,1.0,0.1579,0.0,decreasing,none,0.0,ma_5,否
CJ7070540101,intermittent,all_zero,all_zero,是,13,0.7843,1.0,0.4714,0.0,none,none,0.0,ma_5,否
CJ7070540108,intermittent,intermittent,intermittent,否,13,0.7255,0.6923,0.3062,0.0,none,none,0.0,weighted_ma_5,是
CJ7070540109,intermittent,intermittent,intermittent,否,13,0.7255,0.6923,0.3062,0.0,none,none,0.0,weighted_ma_5,是
CJ7070540114,sparse,intermittent,intermittent,是,13,0.8039,0.6923,0.6374,0.3464,none,none,0.0,ma_5,否
CJ7070540115,sparse,intermittent,intermittent,是,13,0.8039,0.6923,0.6374,0.3464,none,none,0.0,ma_5,否
CJ7070540186,seasonal,intermittent,intermittent,是,25,0.5294,0.28,0.5306,0.4825,increasing,none,0.2126,ma_5,否
CJ7070540187,seasonal,seasonal,seasonal,否,16,0.7451,0.5,0.5928,0.5713,increasing,none,0.3165,seasonal_naive,否
CJ7070540188,seasonal,seasonal,seasonal,否,16,0.7451,0.5,0.5928,0.5713,increasing,none,0.3165,seasonal_naive,否
CJ7070540189,seasonal,stable,stable,是,19,0.6275,0.2105,0.5937,0.5782,increasing,none,1.0741,seasonal_naive,否
CJ7070540200,lumpy,lumpy,lumpy,否,26,0.7843,0.7308,2.2154,0.8452,none,none,0.0,median_5,否
CJ7070540201,lumpy,lumpy,lumpy,否,26,0.7843,0.7308,2.2154,0.8452,none,none,0.0,median_5,否
CJ7070540233,intermittent,all_zero,all_zero,是,13,0.7843,1.0,0.4865,0.0,none,none,0.2094,optimized_ses,否
CJ7070540234,intermittent,all_zero,all_zero,是,13,0.7843,1.0,0.4865,0.0,none,none,0.2094,optimized_ses,否
CJ7070540235,stable,trending,trending,是,26,0.0588,0.0385,0.3736,0.3121,none,increasing,0.3069,seasonal_naive,否
CJ7070540236,stable,trending,trending,是,26,0.0588,0.0385,0.3738,0.3128,none,increasing,0.3062,seasonal_naive,否
CJ7070540237,stable,trending,trending,是,26,0.0588,0.0385,0.3784,0.3379,none,increasing,0.1552,seasonal_naive,否
CJ7070540245,intermittent,stable,stable,是,13,0.4706,0.2308,0.57,0.4608,none,none,0.015,ma_3,否
CJ7070540253,seasonal,intermittent,intermittent,是,25,0.5882,0.6,0.4493,0.4472,none,none,0.0859,interval_based,否
CJ7070540254,seasonal,intermittent,intermittent,是,25,0.5882,0.6,0.4493,0.4472,none,none,0.0859,interval_based,否
CJ7070540257,lumpy,seasonal,seasonal,是,16,0.4706,0.25,0.8554,0.6555,none,none,0.0,seasonal_naive,否
CJ7070540271,lumpy,lumpy,lumpy,否,25,0.6667,0.64,1.0816,1.1263,none,none,0.0889,tsb_opt,否
CJ7070540272,lumpy,lumpy,lumpy,否,25,0.6667,0.64,1.0816,1.1263,none,none,0.0889,tsb_opt,否
CJ7070540280,sparse,intermittent,intermittent,是,13,0.8431,0.6923,0.4898,0.2531,none,none,0.0254,winsorized,是
CJ7070540283,intermittent,seasonal,seasonal,是,14,0.4706,0.2857,0.6234,0.5583,none,none,0.1587,seasonal_naive,否
CJ7070540284,seasonal,intermittent,intermittent,是,16,0.8039,0.625,0.4492,0.5774,none,none,0.0617,optimized_ses,否
CJ7070540293,seasonal,seasonal,seasonal,否,13,0.7843,0.8462,0.0,0.0,none,none,0.0,ma_5,否
CJ7070540304,seasonal,erratic,erratic,是,13,0.4118,0.0769,0.9815,0.7579,increasing,none,0.875,adida,是
CJ7070540305,seasonal,erratic,erratic,是,13,0.4118,0.0769,0.9815,0.7579,increasing,none,0.875,adida,是
CJ7070540309,sparse,intermittent,intermittent,是,13,0.8039,0.7692,0.2727,0.3536,none,none,0.0,median_5,否
CJ7070540310,sparse,intermittent,intermittent,是,13,0.8039,0.7692,0.2727,0.3536,none,none,0.0,median_5,否
CJ7070540311,lumpy,sparse,sparse,是,13,0.7451,0.8462,1.6658,0.9167,none,none,0.0,median_5,否
CJ7070540340,erratic,stable,stable,是,13,0.0392,0.0,0.8963,0.6564,none,none,0.0266,seasonal_naive,否
CJ7070540341,stable,stable,stable,否,13,0.0196,0.0,0.6838,0.6564,none,none,0.0301,seasonal_naive,否
CJ7070540349,seasonal,stable,stable,是,13,0.0392,0.0,0.7702,0.4848,increasing,none,0.4631,seasonal_naive,否
CJ7070540350,seasonal,stable,stable,是,13,0.0392,0.0,0.7682,0.5121,increasing,none,0.2897,seasonal_naive,否
CJ7070540351,seasonal,stable,stable,是,13,0.0392,0.0,0.7772,0.4848,increasing,none,0.4762,seasonal_naive,否
CJ7070540354,seasonal,stable,stable,是,13,0.098,0.0,0.6649,0.4977,increasing,none,0.3255,seasonal_naive,否
CJ7070540357,erratic,erratic,erratic,否,13,0.0784,0.0,1.3014,1.2811,none,none,0.3125,median_5,否
CJ7070540358,erratic,erratic,erratic,否,13,0.0784,0.0,1.3014,1.2811,none,none,0.3125,median_5,否
CJ7070540360,lumpy,sparse,sparse,是,13,0.6667,0.9231,0.7262,0.0,none,none,0.0,median_5,否
CJ7070540361,lumpy,sparse,sparse,是,13,0.6667,0.9231,0.7262,0.0,none,none,0.0,median_5,否
CJ7070540362,intermittent,intermittent,intermittent,否,26,0.2941,0.3846,0.6411,0.471,none,none,0.1299,ma_5,否
CJ7070540363,intermittent,intermittent,intermittent,否,26,0.2941,0.3846,0.6411,0.471,none,none,0.1299,ma_5,否
CJ7070540372,intermittent,intermittent,intermittent,否,26,0.4314,0.5385,0.4829,0.3961,none,none,0.0402,theta,是
CJ7070540373,intermittent,intermittent,intermittent,否,26,0.4314,0.5385,0.4829,0.3961,none,none,0.0196,croston,是
CJ7070540374,intermittent,intermittent,intermittent,否,26,0.4118,0.5,0.4777,0.3579,none,none,0.0,median_5,否
CJ7070540391,intermittent,sparse,sparse,是,26,0.7843,0.8077,0.6057,0.5443,none,none,0.1282,adida,是
CJ7070540392,intermittent,sparse,sparse,是,26,0.7843,0.8077,0.6057,0.5443,none,none,0.1282,adida,是
CJ7070540393,intermittent,intermittent,intermittent,否,17,0.7255,0.6471,0.3379,0.3536,none,none,0.0,ma_5,否
CJ7070540394,intermittent,intermittent,intermittent,否,17,0.7255,0.6471,0.3379,0.3536,none,none,0.0,ma_5,否
CJ7070540433,intermittent,sparse,sparse,是,26,0.7647,0.8077,0.2041,0.3162,none,none,0.0,median_5,否
CJ7070540442,trending,intermittent,intermittent,是,21,0.7451,0.5714,0.6036,0.4928,increasing,none,0.0304,winsorized,是
CJ7070540443,trending,intermittent,intermittent,是,21,0.7451,0.5714,0.6036,0.4928,increasing,none,0.0304,winsorized,是
CJ7070540466,seasonal,seasonal,seasonal,否,14,0.549,0.2857,0.7508,0.3749,increasing,none,0.5172,median_5,否
CJ7070540467,seasonal,intermittent,intermittent,是,14,0.549,0.2857,0.73,0.4294,increasing,none,0.1094,adida,是
CJ7070540468,seasonal,stable,stable,是,13,0.4902,0.1538,0.7449,0.5494,increasing,none,1.0559,interval_based,否
CJ7070540469,lumpy,lumpy,lumpy,否,13,0.7843,0.6923,1.0512,0.9045,none,none,0.0,weighted_ma_5,是
CJ7070540472,lumpy,lumpy,lumpy,否,13,0.7843,0.6923,1.0512,0.9045,none,none,0.0,weighted_ma_5,是
CJ7070540496,seasonal,erratic,erratic,是,14,0.2745,0.0714,1.3589,0.8581,increasing,none,3.1271,ma_5,否
CJ7070540503,seasonal,trending,trending,是,13,0.451,0.0769,1.1661,0.9805,increasing,increasing,0.0,seasonal_naive,否
CJ7070540504,seasonal,trending,trending,是,13,0.451,0.0769,1.1661,0.9805,increasing,increasing,0.0,seasonal_naive,否
CJ7070540534,seasonal,erratic,erratic,是,13,0.1961,0.1538,1.0219,0.7596,increasing,none,0.1212,adida,是
CJ7070540563,seasonal,seasonal,seasonal,否,13,0.4314,0.3077,1.4477,0.826,increasing,increasing,0.0,median_5,否
CJ7070540572,intermittent,lumpy,lumpy,是,22,0.6863,0.6818,0.6667,0.7298,none,none,0.1287,winsorized,是
CJ7070540575,seasonal,erratic,erratic,是,13,0.7059,0.2308,0.8922,0.8703,increasing,none,4.6561,ma_3,否
CJ7070540576,seasonal,erratic,erratic,是,13,0.7059,0.2308,0.8922,0.8703,increasing,none,4.6561,ma_3,否
CJ7070540622,seasonal,intermittent,intermittent,是,13,0.8431,0.6154,0.8823,0.6056,increasing,none,0.2465,ma_3,否
CJ7070540623,seasonal,intermittent,intermittent,是,13,0.8431,0.6154,0.7676,0.4594,increasing,none,0.2465,ma_3,否
CJ7070540624,seasonal,intermittent,intermittent,是,13,0.8235,0.5385,0.7404,0.3935,increasing,none,0.0987,optimized_ses,否
CJ8080021308,intermittent,intermittent,intermittent,否,18,0.7647,0.7778,0.6872,0.3062,none,none,0.0,median_5,否
CJ8080430619,lumpy,intermittent,intermittent,是,13,0.7451,0.6154,0.7926,0.4562,none,none,0.0,median_5,否
CJ9090050033,lumpy,intermittent,intermittent,是,13,0.7255,0.5385,0.7454,0.559,none,none,0.1089,interval_based,否
CJ9090050095,sparse,intermittent,intermittent,是,13,0.8039,0.6154,0.8571,0.0,none,none,0.0,median_5,否
CJ9090050125,seasonal,trending,trending,是,21,0.549,0.1905,0.8986,0.6164,increasing,increasing,0.1175,optimized_ses,否
