通用码,0,1,2,3,4,5,6,7,8,9,10,11,12,13,14,15,16,17,18,19,20,21,22,23,24,25,26,27,28,29,30,31,32,33,34,35,36,37,38,39,40,41,42,43,44,45,46,47,48,49,50,51,52,53,54,55
CF3300320001,0,0,50,0,0,0,0,50,0,0,0,0,0,10,0,0,0,0,0,0,0,0,10,0,0,0,0,10,0,10,0,0,0,0,0,0,0,10,0,10,0,0,0,0,0,0,0,0,0,0,0,10,10,10,0,0
CF3300350593,0,0,0,0,0,0,0,0,0,0,0,0,0,10,2,2,0,0,0,0,1,0,0,0,0,1,2,1,0,1,0,0,0,0,0,0,0,0,0,0,0,1,0,0,0,0,2,6,1,2,3,1,1,4,4,0
CF3300350594,0,0,0,0,0,0,0,0,0,0,0,0,0,5,2,2,0,0,0,0,2,0,0,0,0,2,4,2,0,2,0,0,0,0,0,0,0,0,0,0,0,2,0,0,0,0,4,12,2,4,6,2,2,8,8,0
CF3300350595,0,0,0,0,0,0,0,0,0,0,0,0,0,5,2,2,0,0,0,0,1,0,0,0,0,1,2,1,0,1,0,0,0,0,0,0,0,0,0,0,0,1,0,0,0,0,2,6,1,2,3,1,1,4,4,0
CF3300350596,0,0,0,0,0,0,0,0,0,0,0,0,0,5,2,2,0,0,0,0,1,0,0,0,0,1,2,1,0,1,0,0,0,0,0,0,0,0,0,0,0,1,0,0,0,0,2,6,1,2,3,1,1,4,4,0
CJ1010002556,0,0,0,0,20,20,0,0,0,0,0,30,0,0,0,0,0,0,0,0,50,0,0,20,0,0,0,0,0,0,20,0,0,20,0,20,0,0,0,10,0,0,20,0,10,0,30,0,0,0,0,0,0,0,0,0
CJ1010003287,0,0,0,0,0,0,0,0,0,0,0,0,0,0,0,0,0,0,0,0,0,0,40,80,30,0,150,0,60,0,80,45,0,50,0,30,30,30,50,60,60,0,19,0,60,20,50,0,30,0,42,30,0,30,20,20
CJ1010003584,0,10,0,0,15,0,10,0,20,0,0,1,29,5,0,0,0,0,5,1,9,0,16,1,0,0,0,0,0,33,0,0,20,0,15,0,10,0,0,0,0,10,25,5,10,15,0,0,30,0,30,0,5,5,20,20
CJ1010003803,0,0,0,0,0,0,0,10,0,10,0,15,5,0,0,0,0,0,1,0,0,0,0,0,0,0,0,0,10,0,0,0,0,0,0,9,0,0,10,0,0,20,0,0,0,0,10,0,0,0,0,0,0,0,0,3
CJ1010003846,0,10,0,0,5,5,0,5,0,0,0,5,0,0,0,0,10,0,0,10,10,0,3,27,0,30,0,20,0,0,0,0,10,0,0,0,0,0,15,15,20,0,0,0,0,20,0,0,0,1,0,0,0,8,0,0
CJ1010003857,0,20,30,0,20,0,10,20,0,0,20,10,0,0,20,0,10,0,10,0,0,0,0,0,0,25,10,0,0,0,0,10,0,0,0,10,0,0,0,13,0,0,0,0,0,0,0,0,10,0,0,10,0,0,5,1
CJ1010003867,50,83,0,90,15,65,60,70,85,20,90,25,40,0,50,40,35,10,10,80,70,40,75,30,80,20,0,60,20,40,50,10,30,65,20,60,30,60,40,40,50,20,50,30,55,40,50,20,40,0,65,10,10,70,100,35
CJ1010003937,5,1,12,0,5,3,0,6,0,2,0,2,0,0,0,0,0,0,0,0,1,5,0,0,0,2,0,0,0,0,2,3,1,0,0,0,0,0,0,2,3,0,0,0,0,0,0,0,0,0,0,0,0,0,0,0
CJ1010003958,3,7,0,0,10,10,8,22,10,0,20,0,30,5,0,0,0,0,5,15,0,0,20,0,1,20,0,0,0,0,20,0,14,15,0,5,10,10,3,0,5,0,10,0,2,22,0,0,20,0,20,0,1,25,4,5
CJ1010004051,0,10,30,0,15,50,15,35,40,30,5,20,40,0,0,20,20,0,10,20,0,20,10,60,0,23,0,15,10,52,0,0,20,40,20,0,25,25,0,50,35,25,40,0,10,10,0,40,30,10,20,0,0,10,15,0
CJ1010004074,0,0,110,0,50,0,0,80,20,80,20,0,40,0,80,20,0,0,40,80,20,0,40,20,20,40,0,80,80,60,40,0,20,40,60,0,60,20,0,50,0,0,40,20,0,40,40,0,0,0,0,40,5,20,0,0
CJ1010004086,0,1,1,0,2,0,0,1,0,0,1,0,0,0,0,1,0,0,0,10,0,0,0,1,0,0,0,0,5,2,0,0,0,0,0,0,0,0,0,0,0,2,0,0,0,0,0,0,0,0,0,0,0,0,0,0
CJ1010004169,0,0,30,23,0,30,121,30,28,65,5,10,0,0,20,0,0,0,10,0,20,1,20,0,0,40,0,0,5,10,10,0,0,20,0,6,11,5,42,5,0,0,55,5,0,10,15,2,20,17,35,0,0,48,11,2
CJ1010004170,10,7,11,0,0,0,5,10,0,5,0,0,0,5,0,0,0,0,0,0,0,0,0,0,0,0,0,0,2,0,0,2,4,0,0,0,2,4,0,0,0,0,1,0,0,0,0,0,0,0,0,0,0,0,0,0
CJ1010004439,0,10,0,0,0,5,0,0,3,0,0,0,0,0,0,1,6,0,0,0,0,0,0,0,6,0,0,0,0,4,0,0,0,10,0,0,0,10,0,0,0,0,0,0,0,0,0,0,0,1,0,0,0,0,0,0
CJ1010004510,0,200,20,130,50,60,65,170,95,70,55,80,130,50,133,10,0,10,0,70,40,60,20,20,0,0,0,12,50,0,0,20,2,10,0,0,10,25,0,0,0,0,11,0,42,20,24,36,20,20,0,10,0,20,0,0
CJ1010004675,0,590,110,300,150,170,280,420,290,310,305,220,340,210,210,80,40,20,134,220,40,160,80,120,0,40,20,180,180,66,80,65,20,175,20,0,140,40,140,60,32,10,60,0,40,150,100,100,95,10,0,80,0,10,60,20
CJ1010004676,0,640,60,300,150,140,240,400,220,180,250,180,140,150,320,40,0,20,94,160,100,40,60,60,0,60,20,40,120,50,20,50,0,30,0,0,20,25,40,20,20,10,50,0,20,80,60,76,25,20,0,0,0,10,0,40
CJ1010004903,0,20,0,0,30,10,0,20,40,20,20,40,20,0,35,0,20,0,20,0,20,0,20,10,10,0,35,0,20,0,20,15,0,0,0,10,10,10,10,10,0,0,0,0,0,0,10,0,0,0,10,10,0,0,0,10
CJ1010004973,0,0,0,0,0,0,0,0,0,0,0,25,20,2,0,0,0,0,0,10,0,3,2,0,0,0,0,0,0,0,0,0,0,0,0,5,0,0,0,3,5,0,0,0,3,12,0,0,0,0,0,0,10,0,5,0
CJ1010004974,30,100,0,0,3,60,5,75,30,37,75,0,40,50,0,70,20,0,45,60,60,40,30,0,50,25,50,50,5,90,0,55,30,95,0,55,5,50,35,50,25,50,15,60,55,20,60,75,10,0,40,50,30,65,20,5
CJ1010005169,0,0,0,0,0,0,10,0,0,4,0,0,0,0,0,0,0,0,5,0,1,0,4,0,0,0,0,10,0,0,0,0,0,0,0,0,5,0,0,0,0,0,1,0,6,0,0,0,0,0,0,0,0,1,0,0
CJ1010005251,0,20,10,10,40,0,5,10,0,35,0,0,20,0,0,20,0,0,0,0,0,0,5,0,0,0,15,0,10,0,10,0,15,0,0,0,0,0,0,0,0,0,0,0,10,0,0,0,0,0,0,0,0,0,0,0
CJ1010005351,0,0,41,0,5,10,130,35,20,5,5,0,0,0,20,10,0,0,0,2,0,5,0,2,0,10,0,0,0,1,0,0,0,0,0,0,6,2,1,1,5,1,0,0,0,15,10,0,10,10,0,0,0,0,0,10
CJ1010005371,0,30,0,0,3,0,10,10,20,20,5,35,17,0,0,0,0,0,0,0,0,0,0,0,0,20,0,20,20,0,0,0,0,0,0,0,0,0,0,0,0,0,0,20,0,0,0,0,0,0,0,0,0,0,20,0
CJ1010005477,10,0,0,0,0,3,0,0,2,0,0,0,0,0,0,0,0,0,10,30,10,0,25,5,0,0,0,0,10,0,0,5,0,2,10,5,0,0,0,0,0,0,0,0,0,0,0,10,0,0,0,0,0,0,0,0
CJ1010005478,20,310,420,210,430,112,0,0,0,0,0,0,0,0,138,120,160,0,240,141,300,220,280,100,110,340,125,340,185,480,60,40,240,320,140,50,40,85,60,20,110,20,60,130,65,80,70,120,80,20,60,40,30,60,40,40
CJ1010005505,20,0,31,34,0,25,0,0,35,20,25,5,20,2,0,0,10,0,10,33,5,10,18,0,0,0,0,1,0,30,0,0,0,50,0,0,10,9,0,0,16,0,20,30,10,0,0,0,20,0,0,10,0,10,0,0
CJ1010005517,0,20,0,0,3,0,0,17,0,0,20,0,10,20,0,20,0,0,10,5,0,20,0,0,15,0,5,25,0,5,0,10,0,0,0,0,0,0,15,10,0,0,0,0,0,0,0,0,10,0,0,0,0,0,0,10
CJ1010005522,0,0,30,0,0,30,23,0,17,55,5,0,0,0,15,0,0,0,0,5,20,30,35,10,40,5,5,30,20,0,13,5,0,22,5,0,0,0,0,0,0,0,5,20,0,30,0,0,20,0,25,0,0,0,0,0
CJ1010005528,205,270,265,145,200,230,260,155,290,185,121,180,245,260,120,160,80,0,210,190,119,170,140,120,160,200,200,265,140,200,140,170,120,80,80,60,165,15,315,160,160,194,125,170,160,190,65,90,180,140,185,130,50,85,140,40
CJ1010005530,50,15,0,80,0,20,0,20,0,25,40,30,20,20,20,20,0,0,20,40,0,40,0,20,0,20,40,0,25,20,0,30,40,15,0,20,0,0,0,0,0,0,10,0,0,0,0,11,0,0,0,0,1,0,0,0
CJ1010005533,20,40,0,72,20,50,20,25,40,20,60,25,40,10,20,40,0,5,40,20,37,20,60,55,20,20,20,30,20,25,20,50,20,23,20,20,20,0,20,5,20,20,10,25,0,10,0,15,0,0,10,0,0,25,15,0
CJ1010005539,100,160,60,1,145,120,154,125,95,115,145,146,98,40,50,100,15,10,120,60,140,50,145,97,50,80,40,36,40,110,30,100,113,80,20,21,160,90,60,60,60,70,41,55,126,75,27,70,82,40,10,20,5,50,75,10
CJ1010005550,0,30,0,0,30,0,0,0,0,0,30,0,10,0,20,0,20,0,0,0,1,0,10,20,0,0,0,0,0,0,0,0,0,0,0,0,0,0,10,0,0,0,0,0,0,0,0,0,0,0,0,0,0,0,0,0
CJ1010005576,0,10,0,0,30,45,0,0,15,20,0,20,0,16,10,0,10,0,14,0,0,10,10,0,20,0,6,0,0,0,0,0,0,0,5,0,5,10,10,0,0,0,0,5,0,0,0,0,5,0,0,5,0,10,0,0
CJ1010005588,0,10,120,55,100,30,30,190,0,50,100,0,140,0,130,60,150,0,100,50,50,50,90,50,45,50,65,90,50,80,50,0,50,90,205,0,0,80,40,30,50,60,50,60,50,0,0,50,60,60,20,50,20,60,10,25
CJ1010005594,0,50,0,0,0,50,5,15,16,10,0,0,45,0,10,0,10,0,9,0,0,0,100,25,10,15,10,30,5,10,40,0,2,12,30,15,20,20,0,2,0,10,15,0,5,5,19,0,0,0,35,0,0,0,0,0
CJ1010005601,20,250,200,440,280,97,0,0,43,160,380,180,180,400,160,160,120,0,380,390,345,260,320,260,100,520,180,440,270,540,60,120,320,160,120,100,100,140,140,120,40,80,120,180,200,220,160,40,60,120,20,140,20,182,60,120
CJ1010005611,0,0,1,0,0,0,0,5,0,0,0,0,0,0,3,0,40,0,0,20,0,0,5,0,0,0,0,0,0,0,0,0,0,20,0,5,0,0,0,0,0,0,2,0,0,0,0,0,0,0,0,10,0,0,60,0
CJ1010005632,0,0,0,0,0,0,0,5,10,30,0,30,5,45,0,0,10,0,0,0,10,0,30,0,0,0,0,0,0,69,0,0,0,0,0,3,0,0,0,0,0,0,67,0,0,0,0,0,0,0,0,50,0,0,0,0
CJ1010005639,0,0,0,0,21,10,8,0,0,40,20,20,20,0,0,0,0,0,0,120,22,0,2,20,20,0,0,5,0,53,20,0,0,0,0,0,0,60,15,0,5,0,0,0,0,0,0,0,0,0,0,0,0,0,0,0
CJ1010005640,0,0,5,10,10,0,0,0,0,0,0,5,0,5,2,10,8,0,0,0,0,0,0,0,0,0,0,0,10,0,0,0,0,10,0,0,0,5,0,0,0,0,0,0,0,1,0,0,0,2,0,0,0,0,0,0
CJ1010005660,0,65,51,0,0,10,20,85,40,30,65,30,20,0,0,0,40,20,130,40,80,90,0,0,0,0,0,150,110,80,25,40,20,40,35,20,60,60,160,30,70,65,105,78,72,60,45,45,50,50,55,90,20,20,60,60
CJ1010005668,0,0,80,0,0,10,10,30,0,0,20,1,0,0,20,0,9,0,11,19,0,45,0,0,20,0,30,0,0,20,0,10,0,33,0,25,20,0,25,0,15,20,20,2,0,0,35,0,0,0,0,0,0,0,0,0
CJ1010005671,0,0,0,0,0,0,0,13,0,0,20,0,20,0,0,0,0,0,0,0,0,0,0,0,0,0,0,0,10,0,10,0,0,0,0,1,10,0,0,8,0,1,10,0,0,0,10,0,0,0,10,0,0,0,0,10
CJ1010005745,0,30,0,20,15,5,30,5,0,25,0,20,40,5,4,0,0,0,0,0,0,0,0,0,0,0,0,0,0,2,5,10,0,0,0,0,0,0,0,0,0,0,0,2,0,0,0,0,0,0,0,0,0,0,0,0
CJ1010005875,0,20,0,0,30,10,0,20,40,10,20,40,20,0,35,0,20,0,10,0,20,0,0,10,10,0,25,0,10,0,0,10,0,0,0,10,0,10,10,10,20,0,0,0,0,0,10,0,0,0,15,0,0,0,0,0
CJ1010005942,0,20,0,0,20,10,0,20,10,0,0,10,20,10,20,0,10,0,0,10,0,0,0,0,10,0,0,0,0,0,10,0,0,0,0,10,0,0,0,0,0,0,18,0,0,0,0,0,0,0,0,0,0,0,0,0
CJ1010006139,0,0,5,0,5,5,0,10,10,15,0,0,15,0,0,0,0,0,0,0,10,15,0,0,0,0,5,0,0,6,9,0,0,0,10,0,10,0,10,0,0,15,5,20,0,0,0,5,3,0,0,0,0,0,20,5
CJ1010006199,0,0,20,0,5,10,0,5,20,10,0,10,0,0,20,0,0,0,0,20,5,0,0,5,10,0,0,0,10,0,0,10,0,0,0,10,10,0,15,0,30,8,22,0,0,0,10,16,0,0,10,0,0,0,0,0
CJ1010006263,0,34,0,0,0,20,20,20,0,0,20,10,0,0,0,20,0,0,0,40,0,40,0,20,0,0,0,40,0,0,0,0,0,40,0,0,0,40,0,0,0,0,0,40,0,0,0,30,0,40,0,0,0,0,0,0
CJ1010006293,50,30,45,20,0,53,20,20,0,20,0,20,20,0,20,20,5,5,20,20,30,20,20,12,0,50,20,0,20,30,0,20,40,10,0,0,0,0,0,0,0,0,0,0,20,0,0,0,0,15,0,5,0,0,10,0
CJ1010006374,0,30,0,20,0,0,20,10,0,20,0,0,10,0,0,10,0,0,10,10,0,30,0,20,10,10,0,2,8,10,0,0,0,0,0,20,20,10,0,0,0,0,10,0,0,20,0,5,15,0,0,0,10,0,0,0
CJ1010006464,0,0,8,0,0,3,0,0,0,3,4,0,0,0,0,0,0,0,0,0,0,2,5,0,0,0,0,0,0,0,0,3,0,0,1,0,0,0,0,0,0,0,5,5,0,0,0,0,5,0,0,2,0,17,0,0
CJ1010006471,0,2,1,0,0,0,0,0,0,0,0,0,0,0,0,0,1,0,0,0,1,0,0,0,0,0,0,3,0,0,0,2,0,0,0,0,0,0,0,1,0,0,0,0,0,3,0,0,0,0,0,0,4,3,0,0
CJ1010006502,0,0,0,0,0,0,0,0,20,0,20,0,0,0,0,0,0,0,20,0,0,20,0,0,20,20,0,0,0,20,0,0,0,20,20,0,20,10,0,0,0,20,0,0,0,0,0,20,0,0,0,0,0,0,0,0
CJ1010006503,0,0,0,40,0,0,0,20,0,20,20,0,20,0,20,0,0,0,20,0,0,60,40,17,0,0,0,0,20,0,20,0,50,0,30,0,20,20,0,0,0,0,0,0,0,0,0,0,0,0,0,0,0,0,0,0
CJ1010006593,5,0,0,0,0,0,0,8,0,0,0,0,0,0,0,0,0,0,2,0,2,0,6,0,0,0,0,0,0,0,0,1,0,0,0,0,5,2,0,1,0,0,0,0,0,0,0,0,0,0,1,0,0,0,0,5
CJ1010006627,0,28,10,15,10,15,30,18,10,50,10,40,5,0,17,40,10,0,10,5,35,2,20,20,38,0,50,20,0,20,40,10,0,5,10,20,0,10,45,0,20,0,10,0,20,0,0,0,0,0,0,20,0,0,0,12
CJ1010006631,0,1,0,0,0,17,20,0,0,0,0,0,22,0,0,0,0,0,10,15,5,20,0,7,0,3,0,0,30,0,0,0,10,0,0,0,0,0,0,50,0,0,10,0,0,0,0,0,0,0,0,0,0,10,10,0
CJ1010006642,0,0,0,0,0,0,0,0,0,30,0,0,0,0,0,0,0,0,0,0,5,0,30,0,10,0,0,0,0,0,0,0,0,30,0,10,0,15,0,10,0,20,0,0,0,0,0,30,0,0,10,0,0,50,0,0
CJ1010006645,10,0,0,0,0,0,0,0,0,0,0,0,0,0,0,0,0,0,0,0,20,0,0,0,0,0,10,0,10,0,0,10,10,0,0,0,0,10,0,0,0,10,0,0,0,10,0,0,10,0,10,0,0,10,0,0
CJ1010006741,0,0,0,0,0,0,0,25,30,0,20,45,20,0,60,70,60,0,65,60,45,0,0,70,160,90,20,40,50,90,40,50,110,40,0,40,60,20,50,40,90,20,100,100,60,0,60,60,20,80,2,0,0,77,45,40
CJ1010006743,0,73,58,5,20,80,35,40,50,40,51,80,49,60,40,30,10,0,10,80,80,90,80,80,30,50,80,80,70,40,10,70,80,77,45,8,100,0,80,84,15,100,20,0,20,70,40,0,55,20,20,20,0,70,40,0
CJ1010006751,40,20,25,84,0,0,2,25,20,20,5,0,30,21,20,20,5,0,20,20,0,0,0,20,0,20,20,0,0,20,0,0,45,0,0,0,0,0,0,0,0,0,10,0,0,0,0,0,0,0,0,0,1,0,0,0
CJ1010006896,0,0,10,0,0,0,0,0,0,0,0,0,0,0,0,0,0,0,0,0,0,200,0,200,40,235,40,55,190,240,0,0,90,140,60,40,120,50,150,85,70,95,0,110,110,100,130,50,50,130,120,80,50,60,105,90
CJ1010006909,0,40,0,20,10,0,20,20,0,30,0,0,0,0,20,0,0,0,20,0,20,0,0,30,0,20,0,10,0,20,0,0,0,10,0,0,0,0,0,0,0,0,0,0,0,0,0,0,0,0,0,0,0,0,0,0
CJ1010006926,0,20,0,0,0,0,0,30,0,5,0,0,20,0,0,0,20,0,20,20,0,0,25,0,0,0,20,0,0,0,10,0,20,20,0,10,0,30,0,0,0,0,0,0,10,0,0,0,0,0,0,0,0,10,10,20
CJ1010006958,3,5,0,0,0,3,5,0,0,0,0,0,0,0,0,0,30,0,12,0,20,5,5,20,0,0,0,0,0,0,10,10,10,0,30,0,10,20,20,0,0,0,20,5,0,10,0,5,0,0,0,0,0,0,10,0
CJ1010007001,0,0,0,0,0,0,0,0,0,0,0,0,0,0,0,0,0,0,0,0,0,0,23,5,15,5,0,0,0,5,5,0,10,10,0,0,0,0,0,5,10,0,10,0,0,5,0,15,0,5,22,0,6,5,10,0
CJ1010007035,0,1,0,0,0,0,0,15,40,10,0,0,10,0,0,0,0,5,5,20,10,5,5,15,5,5,20,5,20,0,0,5,0,0,10,3,35,20,0,0,0,9,20,30,40,28,0,0,0,40,20,0,0,10,30,5
CJ1010007063,0,5,8,4,0,4,0,0,0,0,0,4,2,0,0,0,4,0,0,4,0,0,0,12,0,0,0,0,4,0,0,8,16,0,0,4,0,0,12,0,0,4,8,0,0,0,0,0,0,0,0,0,0,0,0,0
CJ1010007103,0,0,0,0,10,0,0,0,0,0,0,0,0,0,0,0,0,0,10,0,0,0,2,0,0,0,0,1,0,10,0,0,0,0,5,0,0,0,0,0,10,0,0,0,2,5,0,0,5,0,0,0,0,0,0,0
CJ1010007122,30,20,0,30,0,50,28,40,2,0,20,40,40,25,0,0,0,0,0,33,0,0,7,20,40,10,20,0,0,40,0,60,40,0,0,0,0,0,13,20,0,20,20,0,60,0,0,0,0,0,0,10,0,0,42,0
CJ1010007137,0,30,0,0,30,0,30,50,0,0,0,10,20,0,0,0,20,0,30,0,0,50,0,0,20,0,0,0,20,0,20,0,0,20,0,0,0,25,0,0,0,0,0,0,0,30,0,0,0,20,0,0,0,0,40,0
CJ1010007140,0,10,0,0,20,0,20,0,0,40,0,0,10,0,0,0,0,0,0,0,0,0,0,0,20,0,0,0,0,0,20,0,0,0,20,0,0,0,0,0,0,0,0,0,0,0,0,0,0,0,0,10,0,0,10,0
CJ1010007156,0,0,0,0,0,0,0,0,5,0,0,0,0,0,0,0,0,0,0,1,0,0,0,0,0,5,3,0,0,0,0,0,0,0,0,7,0,5,0,5,0,0,0,0,0,0,0,0,0,0,2,5,0,6,0,0
CJ1010007191,0,50,5,0,0,0,0,0,3,12,0,10,0,10,10,0,0,0,5,10,0,0,0,5,0,0,5,0,10,10,0,0,0,10,0,0,0,10,0,0,0,20,0,0,0,0,0,0,0,13,0,0,0,0,3,0
CJ1010007210,10,0,0,0,0,0,5,0,0,5,0,0,0,0,5,0,0,0,0,0,0,0,5,0,0,5,0,5,0,5,0,0,0,0,10,0,0,0,0,0,0,5,0,0,0,0,5,0,0,5,0,10,0,0,0,0
CJ1010007222,5,0,0,0,0,0,0,0,0,0,0,0,0,0,1,0,0,0,0,0,0,0,0,0,0,0,5,0,0,0,2,0,0,0,0,0,0,0,0,7,0,0,0,1,0,0,0,0,5,0,2,1,0,0,1,0
CJ1010007319,0,5,0,5,0,0,0,5,0,10,6,0,0,0,0,0,0,0,0,0,0,0,0,10,9,0,0,1,0,0,0,0,0,10,0,0,0,0,0,0,0,0,0,0,0,0,0,0,0,6,1,0,0,5,0,0
CJ1010007334,0,30,0,20,40,30,0,30,20,60,0,50,20,0,85,0,80,0,35,20,20,0,20,0,20,0,10,0,20,10,50,20,0,20,0,10,10,10,20,10,50,0,10,10,25,0,10,0,20,0,6,0,0,0,10,10
CJ1010007337,0,20,20,0,0,10,30,0,10,30,30,10,0,10,10,10,0,0,0,10,30,0,30,0,0,10,20,0,0,10,0,10,0,20,10,0,0,10,20,10,0,10,0,10,10,10,0,10,10,10,10,0,10,10,10,0
CJ1010007360,5,32,10,0,0,0,0,0,12,0,19,0,0,0,20,0,0,20,5,10,5,0,0,20,0,0,0,0,0,20,0,20,35,0,10,0,0,0,20,0,0,10,0,0,10,10,0,0,30,0,5,0,0,0,0,0
CJ1010007386,0,0,0,0,0,0,0,0,0,30,50,0,0,0,20,20,0,0,30,0,30,0,0,0,30,10,0,20,0,20,0,0,0,30,0,0,20,0,0,20,0,20,0,0,20,30,0,0,50,0,0,0,0,0,0,0
CJ1010007390,0,0,0,0,0,0,0,0,0,0,5,5,5,0,5,10,0,0,0,5,10,0,10,0,5,20,10,20,0,0,10,30,0,10,10,10,10,20,0,20,0,0,20,0,15,0,0,8,0,0,37,0,0,35,0,10
CJ1010007452,0,0,0,30,0,0,0,0,0,0,25,0,30,0,0,0,0,0,30,0,20,0,20,0,0,20,0,0,20,0,30,0,0,0,0,0,30,0,0,0,0,0,0,0,0,0,0,0,0,0,0,0,0,0,0,12
CJ1010007454,0,0,0,80,0,10,0,0,20,0,0,5,0,20,0,0,0,0,0,0,20,0,30,0,0,20,0,20,40,25,0,0,0,20,0,0,0,0,20,0,0,0,0,0,0,0,0,0,0,0,0,0,0,0,0,0
CJ1010007548,0,0,30,0,0,20,0,0,15,0,5,10,0,0,10,0,10,0,0,5,5,0,0,0,0,0,0,0,0,0,0,0,0,0,0,0,0,10,0,0,0,0,0,0,0,0,0,0,0,2,0,0,0,0,0,0
CJ1010007576,0,0,10,0,0,11,0,9,15,5,10,10,12,0,2,20,6,0,0,0,25,0,5,20,0,25,0,10,20,5,21,0,0,0,20,20,20,0,19,0,20,20,0,0,20,0,0,30,0,0,20,0,0,0,20,0
CJ1010007591,40,0,0,45,0,0,4,0,0,20,5,0,30,20,0,21,0,0,0,20,0,0,5,20,0,20,20,2,7,20,0,0,20,0,0,0,0,0,0,0,0,0,0,0,0,0,5,0,0,0,0,10,0,0,0,0
CJ1010007647,0,0,0,0,0,15,0,0,0,0,0,1,0,14,0,0,0,0,0,0,0,0,20,0,0,20,0,0,0,0,0,0,0,0,0,5,0,0,10,0,0,0,5,0,0,10,0,0,0,0,0,0,0,10,0,0
CJ1010007687,39,10,20,50,0,20,1,25,20,20,5,0,49,10,0,20,5,0,20,20,0,20,0,20,0,25,0,0,25,20,0,0,25,0,0,20,0,0,0,0,0,0,0,5,0,0,0,0,0,0,0,0,1,0,0,0
CJ1010007782,0,0,0,0,0,0,0,0,0,0,0,0,0,0,0,10,0,0,0,0,10,0,0,10,0,0,0,0,10,0,0,10,0,0,0,0,0,0,0,10,0,0,1,10,0,9,0,10,0,0,10,0,0,10,0,0
CJ1010007810,0,50,0,0,0,20,20,0,25,20,40,20,0,20,0,21,15,0,20,0,29,20,30,0,20,0,40,0,20,0,20,0,20,30,0,0,20,0,20,0,0,0,0,0,0,0,0,0,20,0,0,0,0,0,0,20
CJ1010007843,0,1,0,10,5,8,10,0,0,28,0,25,30,0,28,10,100,0,40,50,70,20,20,40,20,30,0,25,70,40,0,0,50,85,5,40,30,35,20,10,60,30,60,40,0,80,20,10,30,0,0,20,10,5,25,0
CJ1010007848,0,120,79,39,60,112,105,103,60,70,20,172,120,75,40,60,40,0,40,20,60,60,150,120,80,160,122,220,40,180,0,100,102,280,40,40,410,180,270,450,139,670,470,355,120,300,310,440,120,300,240,600,20,40,180,1
CJ1010007850,3,50,20,40,15,65,20,60,25,5,50,110,0,40,0,50,52,0,30,0,50,28,40,20,0,30,25,25,0,10,0,50,20,20,0,20,125,10,0,15,10,75,10,10,0,10,80,20,20,20,0,85,0,0,0,0
CJ1010007851,0,10,25,0,0,35,5,0,50,0,10,32,18,0,15,5,10,0,10,0,30,0,0,0,5,0,25,0,10,10,0,20,0,10,5,1,60,10,20,20,70,60,15,10,40,20,90,10,50,10,70,30,0,0,0,0
CJ1010007854,20,10,0,0,2,0,0,0,24,0,4,0,0,20,0,0,0,0,0,0,0,0,4,6,0,0,0,0,0,0,0,0,0,10,0,0,0,0,0,0,0,10,0,0,0,0,0,0,0,0,0,0,0,0,20,0
CJ1010007904,0,15,5,0,0,4,5,0,5,0,0,0,0,0,0,0,0,0,0,0,0,20,10,2,0,5,10,42,0,5,1,0,15,30,0,10,0,0,35,10,2,0,35,0,18,0,5,0,1,15,0,5,0,0,20,0
CJ1010007905,0,0,20,0,0,0,0,20,0,20,0,0,0,0,20,0,0,0,0,30,0,0,0,0,0,4,16,0,15,0,0,0,0,0,30,0,0,20,0,0,0,0,50,0,0,0,0,0,0,0,0,0,0,5,29,0
CJ1010007928,0,0,5,14,0,10,0,0,0,8,0,0,0,0,0,10,0,0,0,12,0,10,0,0,0,0,5,5,0,0,0,0,10,30,0,10,0,0,35,0,0,0,35,10,30,0,0,0,0,15,40,0,0,0,0,0
CJ1010007969,0,0,0,20,2,1,0,0,31,0,0,24,0,0,0,0,0,0,0,0,0,2,0,20,0,0,0,10,18,0,0,0,0,20,0,0,0,0,0,0,0,0,0,0,0,0,0,0,0,0,10,0,0,0,0,0
CJ1010007993,0,0,0,0,0,0,0,20,10,0,0,0,2,0,0,0,0,0,2,0,30,0,0,0,0,0,0,0,10,0,0,0,0,0,0,0,20,0,20,10,31,20,15,40,10,0,0,10,0,40,0,10,0,0,20,0
CJ1010007994,0,30,20,10,0,0,5,10,20,0,20,10,0,10,0,0,0,0,0,0,10,0,10,0,0,0,25,0,0,0,0,0,20,0,0,10,10,0,20,0,0,15,20,0,0,0,60,30,0,0,0,40,0,0,0,0
CJ1010007999,0,0,0,0,0,0,0,0,0,0,0,0,0,0,0,0,0,0,0,0,0,0,0,0,0,0,0,0,0,0,0,0,0,0,0,0,0,0,75,18,42,38,18,10,3,0,0,0,5,21,41,19,0,100,0,0
CJ1010008000,0,0,2,0,1,1,5,1,8,0,3,7,5,8,0,3,1,0,0,1,1,56,35,20,132,5,464,296,0,309,0,90,40,155,8,31,424,40,240,190,350,390,435,105,238,100,280,0,20,100,152,310,20,1,101,5
CJ1010008037,30,0,20,15,10,30,0,35,30,20,10,0,55,20,0,20,35,0,12,58,60,25,5,0,20,0,0,20,25,20,0,0,5,50,10,20,30,0,60,22,40,0,30,10,50,21,29,21,30,5,44,0,0,10,68,15
CJ1010008038,60,0,30,30,0,49,6,60,100,0,0,20,18,40,20,0,60,0,36,26,38,82,30,20,20,40,20,40,38,40,0,20,20,42,60,30,52,18,60,50,60,0,60,20,18,70,40,23,10,59,50,26,20,54,95,0
CJ1010008046,0,0,0,0,0,0,0,0,0,0,2,0,0,0,0,0,2,0,1,1,0,4,0,0,3,0,0,0,0,2,0,6,1,0,0,5,0,0,0,0,2,0,0,0,0,0,0,0,1,0,2,0,0,0,0,0
CJ1010008086,0,125,0,30,0,70,50,0,0,0,45,10,92,0,3,30,40,0,0,0,0,0,0,0,0,0,0,0,0,0,0,0,0,0,0,0,0,0,0,0,0,0,0,0,0,0,0,0,0,0,0,0,0,0,0,0
CJ1010008144,0,50,0,0,10,0,0,0,0,0,0,0,0,0,0,0,0,0,5,0,0,0,0,10,0,0,0,0,10,0,10,20,0,30,0,0,0,20,20,0,0,0,20,0,10,0,20,0,10,0,0,0,0,20,0,0
CJ1010008188,0,0,0,0,0,0,0,1,18,0,0,0,0,0,0,0,10,0,0,0,5,0,0,0,0,0,0,1,0,0,0,0,9,0,0,0,0,0,10,0,5,0,0,0,0,0,0,0,0,0,0,3,5,0,5,0
CJ1010008196,5,11,20,4,7,0,1,5,0,0,5,4,1,0,10,0,5,0,5,0,0,10,15,0,10,0,3,2,32,0,7,0,18,0,0,0,0,0,2,0,10,0,10,6,0,5,5,0,0,0,0,6,0,0,1,0
CJ1010008204,0,0,0,0,0,0,0,0,1,0,0,0,1,0,2,0,0,0,0,0,0,0,3,0,0,0,0,0,3,0,0,0,0,0,0,0,1,0,0,0,0,1,5,0,0,0,3,0,0,5,0,0,0,0,5,0
CJ1010008240,0,5,0,0,0,0,2,3,0,0,0,0,0,0,3,0,0,0,5,0,0,0,3,7,0,20,0,41,0,0,0,0,0,0,5,0,10,10,8,0,0,5,5,10,16,0,20,0,0,0,0,0,0,0,17,5
CJ1010008259,0,0,5,15,5,0,10,0,25,0,0,10,0,0,0,0,0,0,0,0,0,0,0,0,0,0,0,0,0,3,0,0,0,0,0,0,0,5,0,0,0,0,0,1,0,0,0,0,10,0,0,0,0,0,0,0
CJ1010008261,0,0,0,0,10,0,10,30,30,0,0,30,30,0,50,30,20,0,0,130,0,50,0,50,50,26,30,74,40,50,30,50,0,70,20,100,100,30,50,100,50,100,50,100,50,50,80,100,50,0,50,50,50,50,0,50
CJ1010008371,0,0,0,0,0,21,6,6,2,0,10,15,2,0,2,33,6,0,0,0,5,0,5,0,0,20,0,10,0,5,23,0,0,20,0,20,20,0,20,0,0,20,0,0,0,20,5,0,0,0,20,0,0,5,25,0
CJ1010008381,0,5,0,0,1,0,0,4,0,0,0,0,0,0,0,0,0,0,0,0,0,0,0,0,0,0,0,0,0,0,0,0,0,0,10,0,0,0,0,20,0,0,0,20,10,0,0,0,10,0,0,0,10,0,10,0
CJ1010008453,0,0,0,0,0,0,10,0,0,5,0,10,0,0,0,0,0,0,5,1,19,0,0,0,0,0,10,10,0,0,0,0,0,20,0,0,15,30,30,0,0,0,0,0,0,10,10,0,10,3,17,0,0,0,21,0
CJ1010008489,0,0,1,20,0,0,0,0,1,0,0,0,5,0,0,0,0,0,10,0,10,0,20,1,0,0,0,5,0,10,0,0,0,0,0,0,0,0,1,0,0,0,0,0,0,6,10,0,0,0,0,0,0,0,0,0
CJ1010008533,0,0,0,0,0,0,20,0,0,0,0,0,0,3,0,0,43,0,0,34,0,0,80,20,0,30,0,40,20,30,0,50,40,20,20,0,20,20,20,0,0,0,0,20,25,10,20,0,0,20,20,0,5,30,35,0
CJ1010008568,0,0,0,0,0,0,0,0,6,12,0,0,0,5,0,0,0,0,0,7,0,0,0,0,5,5,0,0,0,10,0,0,10,0,20,0,0,0,43,0,7,10,22,0,12,0,13,3,10,5,12,0,3,26,0,25
CJ1010008616,0,0,0,0,0,0,0,1,1,0,0,1,0,0,0,0,1,0,2,1,2,3,0,0,0,0,0,0,0,2,0,0,0,8,0,10,0,0,0,5,0,0,0,0,0,10,0,10,0,0,0,0,0,3,2,0
CJ1010008725,0,0,0,0,0,0,0,0,0,0,3,1,0,0,0,0,0,0,0,5,0,0,6,0,0,0,0,0,0,0,0,0,10,0,5,0,5,0,0,0,0,0,0,10,0,0,0,0,0,0,10,0,0,5,0,0
CJ1010008815,0,0,0,0,0,0,0,0,0,0,0,0,0,0,0,484,8,0,8,0,0,0,0,40,0,612,60,40,80,72,100,92,16,76,380,60,60,112,148,52,0,0,0,0,0,0,0,0,0,0,0,0,0,26,40,0
CJ1010008860,0,0,0,0,0,0,0,0,0,0,0,0,0,0,0,1,0,0,1,0,0,0,2,1,0,10,0,0,4,0,0,4,0,10,0,0,5,10,10,0,0,10,0,0,0,5,0,0,0,0,0,10,0,0,10,20
CJ1010008951,0,0,0,0,0,0,0,0,0,0,0,0,0,0,0,0,0,0,0,0,0,0,0,0,0,0,0,0,0,10,0,1,0,0,0,4,0,10,0,0,1,0,0,2,3,0,0,0,3,0,5,5,5,0,0,0
CJ1010009191,0,0,0,0,0,0,0,0,0,0,0,0,0,0,0,0,0,0,0,0,0,0,0,0,0,0,0,0,0,0,0,0,0,0,0,0,0,0,0,0,0,20,90,17,50,10,0,45,0,0,6,0,20,41,24,16
CJ1010009404,0,20,10,10,20,10,0,20,0,25,0,20,0,0,20,0,0,0,20,0,30,0,50,0,0,0,20,0,0,30,0,0,0,0,30,20,0,30,0,0,30,0,30,0,0,30,0,0,0,30,0,0,0,0,0,0
CJ1010010478,0,0,0,0,0,0,0,0,0,0,0,0,0,0,0,0,0,0,0,100,0,200,0,0,0,0,200,0,0,200,0,0,0,0,0,150,0,100,200,0,0,0,0,200,0,0,0,0,0,100,0,0,0,100,0,0
CJ1010061096,3,0,1,2,0,3,0,0,3,0,0,2,0,0,3,0,0,0,2,0,0,0,0,0,0,0,0,0,0,0,0,0,1,1,0,0,0,0,0,0,1,0,0,1,0,0,0,0,0,0,0,0,0,0,0,0
CJ1010061301,0,50,20,20,20,60,0,20,60,20,20,50,30,0,45,150,30,0,30,20,20,20,30,10,20,80,45,30,30,120,50,20,0,0,0,10,20,10,20,30,70,0,20,20,30,10,10,10,20,0,10,20,0,0,0,20
CJ1010061352,0,0,0,0,0,2,2,0,0,0,0,4,0,0,0,2,0,0,4,0,4,0,0,0,0,2,1,0,0,1,0,0,0,0,0,0,0,0,0,0,0,0,0,1,0,0,0,1,0,0,0,0,0,1,0,0
CJ1010061355,0,0,0,0,0,0,0,0,0,0,0,0,0,0,0,11,1,0,7,25,5,16,5,5,21,4,0,0,0,0,0,0,0,0,0,0,0,0,0,0,0,0,0,0,0,0,0,0,0,0,0,0,0,0,6,0
CJ1010071092,0,60,0,0,60,0,0,50,0,0,40,0,30,0,0,0,0,0,0,20,0,0,20,0,0,0,20,0,20,0,30,0,0,0,0,0,20,0,0,0,0,0,20,0,20,0,0,0,20,0,28,0,0,20,0,0
CJ1010071343,0,30,30,50,0,0,0,0,40,20,40,0,0,80,10,60,0,0,50,60,40,40,20,40,20,70,0,0,60,20,20,40,40,80,20,0,20,60,0,40,20,0,50,70,10,20,20,20,30,20,0,50,0,0,60,0
CJ1010071355,0,0,0,0,0,0,50,0,30,0,0,20,0,0,0,0,0,0,50,50,0,20,0,0,20,20,0,20,0,0,0,0,0,0,0,0,0,0,40,0,0,0,0,0,0,0,0,0,0,0,0,0,0,0,0,0
CJ1010071373,100,100,0,100,50,111,110,100,50,100,129,150,130,100,200,100,150,0,0,200,100,0,200,0,135,68,50,182,0,100,150,100,0,100,200,50,100,100,0,200,100,100,100,200,0,150,100,120,100,100,100,200,0,100,100,0
CJ1010071480,0,0,0,0,0,0,36,46,70,20,60,20,50,0,80,208,110,0,0,290,216,194,270,130,270,270,100,252,50,332,58,178,270,220,140,182,278,300,180,196,110,180,150,375,100,240,210,220,220,40,180,220,90,100,180,130
CJ1010101644,50,0,80,0,40,0,50,0,50,0,0,0,60,0,0,0,0,0,50,0,0,40,0,50,0,0,0,0,0,0,0,0,0,0,50,0,0,0,0,0,0,0,0,0,0,0,0,0,0,0,0,0,0,0,0,0
CJ1010101786,0,0,20,0,0,0,0,0,0,0,0,0,0,0,0,0,0,0,0,0,0,0,0,0,10,0,0,0,0,0,0,0,10,10,0,10,0,0,0,20,0,5,0,17,5,0,0,10,0,0,5,0,0,0,0,0
CJ1010101830,0,50,0,0,20,40,0,30,0,0,50,0,0,0,50,0,0,50,0,0,0,0,0,50,0,0,0,0,0,0,0,50,0,0,0,50,0,0,0,0,0,0,0,0,0,0,0,0,0,0,0,50,0,0,0,0
CJ1010101842,0,100,0,100,0,0,50,0,50,0,30,50,0,70,0,0,50,0,0,50,0,0,50,0,0,100,0,0,0,0,50,0,0,50,0,0,50,0,60,0,0,50,0,80,0,0,0,100,0,0,0,0,0,50,0,0
CJ1010101843,0,100,0,100,0,0,50,0,50,0,50,0,50,0,50,0,0,0,50,0,50,0,0,50,0,80,0,0,0,50,0,0,50,0,0,50,0,80,0,0,0,50,0,80,0,0,0,0,100,0,0,0,0,0,0,100
CJ1010121214,0,100,0,100,0,0,50,0,50,0,50,0,50,0,30,50,0,0,50,0,0,30,0,40,0,100,0,0,0,50,0,0,0,50,0,0,50,0,10,60,0,50,0,0,80,0,0,0,50,0,0,100,0,0,0,0
CJ1010121304,0,0,0,0,10,0,20,0,30,0,0,0,0,70,0,0,0,0,0,0,0,0,0,50,0,0,0,0,0,0,30,0,0,50,0,0,0,0,50,0,0,0,0,0,0,50,0,0,0,0,0,0,0,50,0,0
CJ1010121305,0,100,0,0,100,0,50,50,50,0,100,0,0,50,50,0,0,0,50,50,30,0,50,0,50,0,50,50,0,50,0,0,100,0,0,0,50,50,0,70,0,0,50,0,50,0,0,100,0,0,0,0,0,50,0,0
CJ1010121317,0,0,0,0,0,0,50,0,30,0,0,30,0,0,50,0,0,0,0,40,50,0,0,0,0,0,50,0,0,50,0,50,0,0,50,0,0,60,0,0,50,0,0,50,0,0,0,50,0,0,0,0,0,70,0,0
CJ1010121357,0,0,20,30,0,0,20,0,30,0,0,20,30,0,0,0,50,0,0,0,0,0,0,0,0,50,0,0,0,0,0,0,0,0,30,0,0,0,0,30,0,0,30,0,0,0,0,30,0,0,0,30,0,0,0,0
CJ1010121496,0,0,0,0,5,0,0,0,0,0,0,0,20,0,0,0,0,0,0,0,0,0,0,0,0,0,0,0,0,0,0,0,0,0,0,0,0,0,0,0,10,0,0,0,0,10,0,10,20,15,10,0,0,0,10,10
CJ1010121509,0,0,50,0,0,14,36,0,0,30,0,30,0,0,40,0,0,0,0,50,0,0,50,0,0,0,0,80,0,0,0,50,0,0,50,0,60,0,0,60,0,0,0,50,0,0,0,70,0,0,0,0,0,0,0,0
CJ1010121510,0,0,50,0,0,20,30,0,50,0,0,0,0,50,0,0,0,0,0,50,0,50,0,0,0,0,0,50,0,0,50,50,0,0,50,0,0,60,0,0,50,0,0,50,0,0,0,50,0,0,0,0,0,75,0,0
CJ1010121584,100,0,110,50,180,240,50,105,60,60,0,0,40,0,0,0,90,0,50,120,15,30,60,30,30,100,50,50,20,30,20,5,30,330,0,0,0,0,60,70,63,80,20,205,95,87,210,190,110,50,100,50,50,5,60,60
CJ1010121663,50,60,110,30,300,140,30,130,190,0,110,0,160,0,211,179,100,0,34,90,180,0,80,100,50,330,180,40,130,250,100,0,100,200,160,80,240,246,250,260,20,350,350,100,330,340,300,310,240,120,230,220,60,40,280,170
CJ1010121688,0,2220,400,200,800,200,200,300,350,200,500,785,0,0,500,50,0,0,850,200,0,0,30,100,350,100,100,100,50,200,0,190,100,0,50,150,100,0,0,0,0,0,0,0,0,0,0,0,0,0,0,0,100,0,100,0
CJ1010121703,0,0,0,0,0,0,0,0,0,0,0,0,0,0,0,0,0,0,0,0,0,0,0,0,0,0,0,0,0,0,0,0,0,0,0,50,50,105,20,55,0,20,0,0,0,0,20,0,0,0,70,20,10,0,20,0
CJ1010121804,0,0,0,0,0,0,0,0,0,0,0,0,0,0,0,0,0,0,0,0,0,0,21,2,0,14,13,0,20,25,40,15,46,0,20,40,40,0,50,28,40,13,35,10,40,0,30,0,30,70,8,0,0,65,10,0
CJ1010130154,0,0,15,0,5,0,10,5,20,0,4,0,10,0,0,0,0,0,0,0,0,0,0,0,10,0,0,0,0,0,0,0,0,0,15,0,0,0,0,0,10,15,0,0,0,0,5,0,0,0,0,0,0,0,0,0
CJ1010130261,0,100,0,0,50,0,0,50,0,50,0,50,0,50,0,0,0,0,50,0,0,50,0,0,0,0,0,50,0,60,0,0,0,0,0,0,0,0,0,0,0,0,0,0,0,0,0,0,80,0,0,0,0,0,0,0
CJ1010130283,0,0,0,0,0,0,0,0,0,0,0,0,22,0,0,5,0,0,0,30,0,0,0,0,0,0,0,0,20,0,0,0,10,0,0,0,0,0,0,0,10,0,0,0,0,10,0,15,5,20,20,0,0,0,0,0
CJ1010130285,0,0,20,0,20,0,10,10,30,0,0,0,0,20,0,0,20,0,0,0,20,0,10,10,0,0,10,10,10,20,0,30,0,0,30,0,0,20,0,20,20,0,0,0,20,0,0,20,0,0,20,0,0,0,0,0
CJ1010140298,80,100,50,0,30,80,10,170,20,150,20,70,40,210,150,60,0,0,110,20,60,120,45,300,0,0,20,70,120,200,20,110,110,70,0,30,40,70,140,0,40,0,220,0,30,20,0,140,80,40,0,20,0,0,95,5
CJ1010140384,50,0,50,0,30,20,30,0,20,30,30,0,30,40,30,0,30,0,30,0,30,0,40,0,0,50,0,30,0,0,30,0,0,50,0,0,30,0,20,0,0,0,0,30,0,50,0,0,0,0,30,0,30,0,40,0
CJ1010140414,0,40,5,50,0,65,10,75,5,25,60,60,100,80,15,5,10,0,30,0,10,20,40,0,0,0,50,60,0,60,0,20,20,20,0,30,0,20,40,0,80,0,0,100,0,20,0,10,0,0,10,120,0,0,0,0
CJ1010160594,20,30,20,10,20,10,30,20,0,10,20,40,0,0,20,35,0,0,35,0,0,10,35,0,0,30,20,5,20,30,0,0,20,0,0,0,0,0,10,0,0,0,0,0,0,0,0,5,0,0,20,0,0,0,5,0
CJ1010160989,0,30,0,0,0,42,0,5,20,0,0,0,0,0,0,0,0,0,0,0,0,0,2,0,0,0,25,10,10,0,0,0,0,0,0,0,20,0,0,0,0,5,11,0,0,0,0,20,0,0,0,0,0,0,0,0
CJ1010161081,0,0,210,150,100,80,80,100,80,20,0,0,60,0,0,0,100,0,80,220,50,30,70,20,40,40,20,60,0,60,0,20,160,300,40,0,20,210,20,40,6,0,60,120,20,40,100,100,40,60,80,0,60,20,20,35
CJ1010161410,0,0,0,0,0,0,0,0,0,0,0,0,0,0,0,0,0,0,0,5,0,0,5,0,0,5,0,0,0,0,0,5,0,10,0,5,0,10,5,0,10,0,20,10,0,0,0,20,0,0,0,0,0,0,10,0
CJ1010250007,0,0,20,0,10,0,20,10,0,0,10,10,0,0,0,10,0,0,10,0,20,0,0,10,0,0,0,10,10,0,0,0,0,20,0,0,0,0,0,10,0,0,10,0,0,0,0,0,0,0,0,0,0,0,0,0
CJ1010270017,0,5,3,0,0,1,2,3,1,0,4,2,2,1,1,2,5,0,1,0,2,0,0,2,0,0,4,2,1,0,0,1,2,0,0,0,0,0,0,0,0,0,1,0,0,0,1,0,0,0,0,0,0,0,0,0
CJ1010270027,1,9,8,5,14,6,6,2,5,3,8,8,4,4,1,5,3,2,0,0,3,6,4,3,7,0,1,4,0,6,0,9,1,8,3,3,2,1,1,4,1,2,2,3,0,5,3,1,6,4,2,2,2,1,2,0
CJ1010270029,0,1,0,2,0,1,2,0,5,0,0,1,2,1,3,0,0,1,0,0,3,5,0,0,0,1,2,0,0,0,1,0,0,6,0,3,1,1,1,1,0,2,0,0,0,0,0,1,0,1,0,0,0,0,2,0
CJ1010270032,0,3,1,1,1,1,0,0,0,1,1,0,0,0,0,0,0,0,0,1,0,0,0,1,0,0,1,0,0,0,0,0,0,1,0,2,0,1,0,1,0,0,0,1,0,0,0,0,1,0,1,1,0,1,0,1
CJ1010270041,2,13,8,21,8,12,10,6,13,8,20,9,6,5,12,6,18,1,18,8,10,8,9,11,5,10,7,13,3,12,4,9,13,7,10,7,4,8,11,4,6,5,8,5,7,14,6,4,13,5,3,7,6,3,7,1
CJ1010270046,0,2,1,2,0,0,0,0,1,1,1,0,0,0,1,0,0,1,0,0,2,2,0,2,0,1,1,1,0,1,0,1,1,0,0,0,2,0,2,0,1,1,0,0,0,3,6,2,2,3,2,0,0,0,1,0
CJ1010270082,2,4,8,16,5,13,13,8,14,9,13,19,13,13,15,19,19,0,11,19,17,14,8,13,21,14,15,16,15,10,9,24,27,22,8,19,28,23,23,15,31,14,16,21,14,31,16,17,26,10,13,12,5,22,18,3
CJ1010300047,0,14,0,0,0,0,0,0,0,0,0,0,0,0,0,0,0,0,0,0,0,0,0,0,0,0,1,1,0,4,5,2,0,2,2,0,3,3,0,0,0,0,0,0,0,0,0,0,0,0,0,0,0,0,0,0
CJ1010420069,0,5,10,0,0,0,25,0,10,0,1,0,0,0,0,0,0,0,0,0,2,0,0,0,5,1,0,0,0,2,0,0,1,0,0,0,0,0,5,0,2,3,4,0,10,1,0,0,0,2,1,0,0,1,0,1
CJ1010420301,5,0,0,2,0,0,0,0,0,0,1,0,0,0,0,0,0,0,0,0,0,0,0,0,0,1,0,0,0,1,0,0,0,0,0,0,0,0,0,0,0,0,0,0,5,1,1,1,2,0,0,0,0,0,0,0
CJ1010420404,0,0,0,0,2,0,5,2,10,0,0,20,1,1,0,20,20,0,0,1,0,0,0,40,1,0,0,0,0,0,0,0,0,0,0,0,0,0,0,0,0,0,0,0,0,0,0,0,0,0,0,0,0,0,0,0
CJ1010420444,1,25,7,2,4,10,10,0,0,5,0,0,0,5,0,5,0,0,10,12,0,7,12,0,1,0,6,13,1,2,10,0,5,12,12,0,8,17,4,11,2,0,6,18,0,9,7,2,10,14,3,0,5,5,4,0
CJ1010420445,5,5,0,0,1,38,25,9,18,0,5,1,0,5,0,20,2,0,12,2,8,7,15,2,0,1,1,0,20,7,0,2,31,0,2,10,3,6,20,0,0,5,0,0,21,0,0,0,0,11,2,0,0,1,0,0
CJ1010420476,0,0,0,5,0,3,0,0,0,0,0,5,0,0,0,2,0,0,0,0,0,0,2,0,1,0,0,2,0,0,0,5,0,5,0,10,3,0,0,0,0,0,0,3,0,0,0,2,0,0,2,0,0,7,0,0
CJ1010420517,0,0,7,0,5,0,1,1,20,1,0,0,0,0,0,5,5,0,0,1,0,0,1,0,0,0,0,0,0,5,0,12,2,0,7,1,0,1,0,0,2,5,0,0,0,2,10,6,0,0,0,1,0,1,5,0
CJ1010420522,0,5,0,15,5,2,2,3,7,12,5,0,10,0,0,5,25,0,0,3,0,3,10,3,0,0,4,0,0,0,0,0,10,0,2,0,0,3,0,0,0,0,0,0,0,0,0,0,0,3,0,10,0,0,3,0
CJ1010420523,15,63,50,15,35,35,17,0,100,33,35,20,20,20,5,30,0,0,50,56,30,5,86,10,24,37,20,1,30,10,13,15,11,30,35,20,9,70,12,20,25,30,20,20,20,5,12,10,11,5,22,10,0,38,25,5
CJ1010420540,0,0,65,11,20,6,25,2,20,1,13,21,30,10,41,22,0,0,0,20,3,41,10,20,23,20,3,0,25,20,35,5,20,20,0,0,0,0,0,0,0,0,0,20,12,30,0,20,0,0,18,0,0,0,0,0
CJ1010420545,10,2,0,11,0,10,20,145,82,30,0,35,90,0,5,10,20,0,30,40,20,30,5,40,30,10,20,20,20,20,0,40,20,30,30,20,0,30,70,30,40,20,20,0,20,22,0,110,20,20,25,20,0,20,20,0
CJ1010420564,0,0,0,0,0,0,0,0,0,0,0,0,0,0,0,0,0,0,0,1,0,1,0,0,0,0,0,0,0,0,0,2,0,0,0,0,1,0,0,1,0,0,0,0,1,1,0,0,1,0,0,1,0,5,0,0
CJ1010420618,67,105,107,25,79,41,50,9,137,75,60,20,99,56,110,265,19,0,250,0,500,378,290,255,180,147,210,226,242,305,70,270,180,172,275,90,361,209,347,230,170,300,235,280,210,458,265,285,280,295,200,211,92,239,320,135
CJ1010420623,0,1,1,0,1,1,0,0,0,0,0,0,0,0,0,0,0,0,0,2,0,1,0,3,2,0,0,1,2,2,0,0,1,2,2,0,0,1,0,0,0,0,3,1,2,0,0,0,0,3,0,0,0,0,5,0
CJ1010420627,25,146,150,160,222,125,116,3,115,147,210,165,70,120,120,113,91,0,133,280,130,120,215,122,155,180,140,100,50,148,124,120,120,170,130,50,190,91,125,130,140,110,130,107,122,220,80,108,261,160,125,150,26,105,165,110
CJ1010420635,0,0,1,0,0,0,0,0,0,0,2,1,1,0,0,0,1,0,0,1,0,1,2,0,0,0,0,0,0,0,0,0,0,0,2,0,0,0,0,1,2,0,1,0,0,0,0,0,0,0,0,0,0,0,0,0
CJ1010420659,0,1,0,0,0,2,0,1,0,0,1,0,0,0,0,0,0,0,0,0,0,0,1,1,0,0,1,0,0,1,0,0,0,0,0,0,3,0,0,0,0,0,0,0,0,0,0,0,0,0,4,2,0,0,3,0
CJ1010420674,0,0,0,0,0,5,0,0,0,2,0,0,2,0,0,10,0,0,0,10,0,3,0,0,0,0,0,0,0,0,28,0,0,0,0,3,10,7,0,10,0,0,10,0,0,0,0,0,0,0,0,0,10,0,0,0
CJ1010420678,0,0,10,0,5,0,15,0,0,10,10,0,10,0,10,0,0,10,0,0,10,20,0,0,0,20,20,0,0,10,0,10,20,0,10,0,0,10,10,0,0,10,20,0,10,20,10,0,20,0,10,0,0,10,20,0
CJ1010420686,0,10,0,0,0,0,2,1,0,0,0,0,0,0,0,5,0,0,10,2,0,0,0,11,1,3,0,0,0,0,5,0,10,14,6,0,0,0,18,5,18,0,1,0,20,0,6,0,6,0,5,0,5,2,10,5
CJ1010420692,0,0,0,0,17,5,9,20,2,11,0,6,22,12,0,7,2,0,3,1,0,1,0,2,1,5,0,0,0,0,0,31,15,0,8,2,5,25,13,6,1,1,10,22,15,25,0,4,11,10,0,0,0,0,0,0
CJ1010420731,0,0,0,0,0,0,0,0,0,0,0,0,0,0,0,0,0,0,0,0,0,0,0,0,0,0,0,10,0,0,0,0,6,14,0,0,0,0,0,0,10,0,72,50,43,0,0,85,21,0,40,0,20,6,5,20
CJ1010420739,0,0,0,0,0,0,0,0,0,0,0,0,0,0,0,0,0,0,0,0,0,0,0,0,0,0,0,0,0,0,0,0,0,0,0,0,0,0,0,0,10,0,21,24,0,5,0,10,3,1,6,0,20,0,0,5
CJ1010420750,1,90,1,0,87,30,60,25,20,42,57,61,45,2,25,30,0,10,2,60,25,10,6,22,40,1,42,65,33,70,20,20,0,20,5,3,0,0,0,0,0,0,0,0,0,0,0,62,56,0,5,10,0,0,27,0
CJ1010420751,0,83,77,15,62,74,30,70,20,42,67,1,5,76,22,40,40,0,46,42,63,2,75,0,55,35,50,23,25,80,50,20,28,0,40,10,53,88,41,40,20,35,30,42,15,10,5,0,10,0,20,40,0,10,10,25
CJ1010420753,0,1,9,0,0,0,0,5,0,0,5,10,0,0,0,0,10,0,0,10,5,0,0,0,10,0,0,0,0,0,0,10,10,0,0,0,5,5,10,0,0,10,0,0,0,10,0,0,0,0,0,0,0,10,0,0
CJ1010440099,0,0,0,0,0,0,0,0,0,0,50,0,0,0,0,100,0,0,0,0,0,0,0,0,0,20,0,20,0,30,0,30,50,30,30,20,0,70,0,50,50,0,50,50,0,50,100,0,0,100,0,0,0,100,0,0
CJ1010480071,0,0,0,16,0,0,8,0,0,24,0,0,0,0,8,0,8,0,0,20,0,8,0,20,0,12,0,0,0,0,0,0,0,0,0,0,0,0,0,0,0,0,8,0,0,0,0,0,0,0,0,0,0,0,0,0
CJ1010480085,0,40,20,0,0,0,0,0,0,6,0,4,0,0,8,4,0,0,0,4,0,0,0,0,0,8,8,0,17,0,0,0,0,0,0,0,0,0,0,0,0,0,0,0,0,0,0,0,0,0,0,0,0,0,0,0
CJ1010480086,0,40,80,0,40,0,0,40,0,30,20,0,40,0,8,80,80,0,0,0,40,20,20,0,40,0,20,20,40,0,40,0,60,40,0,40,40,20,0,40,0,40,20,0,0,0,0,0,0,0,0,0,0,0,0,0
CJ1010480124,0,0,0,8,0,0,4,0,0,8,0,0,0,0,4,12,12,0,0,8,8,4,0,4,12,0,20,0,12,0,20,0,0,0,0,0,28,0,0,20,0,0,0,0,0,0,0,0,0,0,0,0,0,0,0,0
CJ1010480141,0,0,0,0,0,20,0,0,0,8,8,0,8,0,12,0,12,0,0,12,8,8,0,4,20,8,0,0,4,0,0,0,24,0,0,24,0,4,20,40,32,0,40,0,0,0,0,0,0,0,0,0,0,0,0,20
CJ1010480146,0,0,0,0,0,0,0,0,0,0,0,0,0,0,0,4,4,0,0,4,4,0,4,0,4,0,0,0,0,0,8,0,12,8,0,0,0,12,4,0,12,0,0,0,0,0,0,0,0,0,0,0,0,0,0,0
CJ1010480171,0,0,0,0,0,0,0,0,0,0,16,8,0,0,0,16,0,0,0,0,0,20,0,0,0,4,8,0,0,12,0,0,16,0,0,0,20,0,0,0,20,0,0,0,0,0,0,0,0,0,0,0,0,0,0,0
CJ1010480173,0,20,40,0,40,0,0,0,20,8,8,24,0,0,44,28,12,0,0,24,24,20,0,24,0,64,0,20,40,16,0,0,48,0,20,20,24,0,0,0,0,0,60,0,0,0,0,0,0,0,0,0,0,0,0,0
CJ1010480180,0,0,8,0,0,12,0,0,0,0,4,0,0,0,12,8,16,0,0,0,0,4,12,0,4,0,0,0,0,4,0,0,4,0,0,0,0,4,0,0,0,0,0,0,0,0,0,0,0,0,0,0,0,0,0,0
CJ1010480224,0,0,0,0,0,0,4,0,0,12,0,0,4,0,4,4,0,0,0,0,4,0,0,0,4,0,0,12,0,2,0,0,0,4,0,0,2,8,0,0,6,0,0,0,0,0,0,0,0,0,0,0,0,0,0,0
CJ1010480232,0,0,0,0,0,4,0,0,0,16,0,8,0,0,8,12,0,0,0,0,8,0,0,12,4,0,0,0,8,0,0,0,4,4,0,0,0,8,20,0,0,8,0,0,0,0,0,0,0,0,0,0,0,0,0,0
CJ1010480238,0,0,0,0,0,4,0,0,0,0,0,0,0,0,12,4,0,0,0,0,8,4,0,0,6,14,0,0,8,0,2,0,8,8,0,0,0,0,8,0,0,0,0,0,0,0,0,0,0,0,0,0,0,0,0,0
CJ1010480297,0,10,0,0,0,4,8,0,0,6,8,0,4,0,10,0,0,0,0,4,0,12,0,16,0,8,12,0,4,0,0,0,0,0,0,0,0,0,24,0,0,10,10,0,0,0,0,0,0,0,0,0,0,0,0,0
CJ1010480366,0,0,0,8,0,8,0,4,0,0,8,8,0,0,8,8,0,0,0,0,8,0,8,16,0,0,0,0,0,0,0,0,0,0,0,0,0,0,0,0,0,0,0,0,0,0,0,0,0,0,0,0,0,0,0,0
CJ1010480368,0,12,16,24,16,4,12,0,12,0,24,0,0,0,64,0,48,0,0,24,0,16,16,20,20,24,0,8,28,20,0,40,4,60,0,0,0,4,0,0,20,40,40,0,0,0,0,0,0,0,0,0,0,0,0,0
CJ1010480369,0,0,0,0,0,20,0,0,0,12,8,0,0,0,12,0,0,0,0,16,0,0,0,16,8,0,0,0,0,0,0,0,0,0,0,0,8,0,4,0,0,4,0,0,0,0,0,0,0,0,0,0,0,0,0,0
CJ1010480385,0,4,0,0,0,0,0,0,0,0,0,0,0,0,6,0,0,0,0,0,0,0,8,20,0,40,0,0,16,0,0,8,0,8,0,0,0,0,0,0,8,0,150,0,0,0,0,0,0,0,0,0,0,0,0,0
CJ1010480386,0,0,0,0,0,0,0,0,0,0,0,0,0,0,0,6,0,0,0,0,0,0,0,0,14,8,12,0,4,0,20,0,0,0,0,2,0,0,0,0,2,0,0,20,30,0,0,0,0,0,0,0,0,0,0,0
CJ1010480387,0,0,0,0,0,0,0,0,0,0,2,0,0,0,0,0,0,0,0,0,0,0,2,18,20,16,16,12,0,20,0,40,0,0,0,0,0,0,30,0,40,20,40,0,0,0,0,0,0,0,0,10,0,10,0,0
CJ1010480389,0,0,120,20,80,48,0,40,0,40,72,40,56,0,76,112,0,0,0,60,20,20,160,60,104,60,40,60,40,80,0,0,190,160,0,120,120,0,59,141,0,80,100,0,0,0,0,0,0,0,0,0,0,0,0,0
CJ1010480397,0,0,2,4,0,4,0,0,0,4,0,8,0,0,8,16,32,0,0,4,0,0,8,40,32,0,20,8,28,0,0,0,31,8,0,12,12,16,20,20,28,24,20,0,0,0,0,0,0,0,0,0,0,0,0,0
CJ1010480426,0,8,0,0,0,4,4,0,0,5,9,0,0,0,0,2,0,0,0,8,0,0,8,0,4,8,6,0,4,10,0,0,24,0,0,8,0,8,20,20,0,0,4,0,0,0,0,0,0,0,0,0,0,0,0,0
CJ1010480434,0,4,0,4,0,0,0,0,0,0,0,0,0,0,0,0,0,0,0,0,0,0,0,0,16,0,4,4,16,0,0,0,4,2,0,0,8,0,0,8,0,10,0,8,0,0,0,0,0,0,0,0,0,0,0,0
CJ1010480454,0,0,0,0,0,0,0,0,0,0,0,0,0,0,0,0,4,0,0,4,0,4,0,0,16,16,12,0,0,4,0,0,16,12,0,20,32,0,0,0,0,40,20,0,0,0,0,0,0,0,0,0,0,0,0,0
CJ1010480478,0,0,80,32,40,0,40,40,0,44,25,21,8,0,116,40,88,0,0,56,120,8,80,84,100,32,80,40,92,0,0,80,100,80,0,80,80,4,20,16,0,0,160,0,40,0,0,0,208,0,0,0,38,18,8,0
CJ1010480487,0,0,0,0,0,0,0,0,0,8,0,0,0,0,12,0,0,0,0,0,0,4,32,0,0,8,0,16,4,0,12,0,4,4,4,0,18,0,20,20,0,0,8,0,0,0,0,0,0,0,0,0,0,0,0,0
CJ1010480534,0,0,0,0,0,0,0,0,0,0,0,0,0,0,0,2,0,0,0,0,2,2,0,0,2,2,0,0,0,0,0,0,0,0,0,0,0,4,0,4,0,4,4,0,0,0,0,0,0,0,0,0,0,10,0,0
CJ1010490031,0,0,0,5,5,15,0,1,1,13,5,5,5,0,0,0,0,0,0,0,0,0,0,5,0,0,0,0,0,0,0,0,0,0,0,0,0,0,0,0,15,0,5,0,0,0,0,0,0,1,0,0,0,0,0,0
CJ1010490054,0,0,0,0,0,0,0,0,0,0,0,0,0,0,0,0,0,0,0,0,0,0,0,15,5,8,0,0,0,29,0,6,13,7,0,0,0,0,21,5,5,1,0,10,0,8,0,30,0,2,0,0,0,18,0,0
CJ1010490077,0,0,0,0,0,0,0,0,0,0,0,0,0,0,0,0,0,0,0,0,0,0,0,0,3,3,0,0,0,5,0,6,11,25,3,0,0,0,0,50,0,0,0,27,21,0,0,71,11,20,0,0,0,43,21,0
CJ1010490079,0,0,0,0,0,0,0,0,0,0,0,0,0,0,0,0,0,0,0,0,0,0,0,0,0,0,0,0,0,0,0,0,0,0,40,60,0,0,0,50,0,150,0,0,0,25,20,0,41,0,50,20,0,31,35,1
CJ1010490081,0,0,0,0,0,0,0,0,0,0,0,0,0,0,0,0,0,0,0,0,0,0,0,0,0,0,0,0,0,0,0,0,0,0,3,2,5,6,2,0,0,2,0,0,20,0,5,20,4,20,0,0,0,0,41,0
CJ1010510004,1,0,1,0,1,0,0,1,0,0,0,4,1,2,1,0,1,0,0,0,1,1,0,1,0,0,0,0,0,0,0,0,0,0,0,0,0,0,0,0,0,0,0,0,0,0,0,0,0,0,0,0,0,0,0,0
CJ1010510047,0,1,2,0,0,1,0,0,0,1,0,0,0,0,0,0,0,0,0,0,1,0,0,0,0,0,1,1,3,4,0,1,1,2,1,1,1,0,1,2,0,1,1,0,2,1,0,1,2,0,0,2,3,0,0,1
CJ1010510048,0,1,0,2,0,1,0,2,0,1,0,0,0,0,0,0,0,0,0,0,0,0,0,0,0,0,0,0,0,0,0,0,0,0,0,1,0,1,0,0,0,0,1,0,0,0,0,0,0,0,0,0,0,0,2,1
CJ1010510055,0,0,1,0,1,0,0,0,0,2,1,1,0,0,0,0,0,0,0,0,0,0,0,0,0,0,0,1,0,1,0,0,1,0,0,0,0,2,0,0,0,0,1,0,0,0,0,0,2,0,0,0,0,0,1,0
CJ1010510056,0,0,0,0,0,0,0,0,0,0,0,0,0,0,0,0,0,0,0,0,0,0,0,0,0,1,0,3,2,2,2,8,0,1,0,4,2,2,5,0,3,0,1,2,0,2,2,1,1,2,1,0,0,0,1,1
CJ1010510063,1,0,0,0,0,0,0,1,0,0,0,2,1,0,0,1,0,0,1,0,0,0,0,0,0,0,5,3,0,0,0,4,0,2,1,0,0,0,0,0,0,0,0,0,0,0,0,1,0,0,0,0,0,0,0,0
CJ1010510064,0,0,0,1,0,0,1,1,0,0,0,0,0,0,0,0,0,0,0,0,0,1,0,0,0,2,1,0,2,1,0,1,0,0,0,0,0,0,1,0,1,0,0,0,0,1,0,0,0,0,1,0,0,0,0,0
CJ1010510066,0,2,1,2,1,0,2,0,1,0,0,0,1,0,0,0,0,0,0,0,1,0,0,0,0,0,0,0,0,0,0,1,0,0,0,0,0,0,0,0,0,0,0,0,0,0,0,2,1,0,0,0,0,0,0,0
CJ1010510067,0,0,0,0,0,0,0,1,0,0,0,1,1,0,1,0,1,0,0,0,0,0,0,0,1,0,0,1,3,0,0,1,1,2,1,1,0,2,3,0,1,2,1,0,0,0,0,0,0,0,1,1,0,0,0,0
CJ1010510074,0,0,0,0,0,1,0,0,0,0,0,0,0,0,0,0,0,0,0,0,0,0,0,0,0,0,0,0,0,1,0,2,1,1,1,1,0,2,1,0,1,0,1,2,5,0,2,1,1,2,0,0,0,0,0,0
CJ1010510079,1,3,2,0,3,4,3,2,4,5,3,3,5,0,2,1,7,1,4,5,7,6,5,2,3,5,0,2,2,3,0,2,0,3,1,0,0,2,1,1,1,1,1,0,0,0,0,0,2,2,2,3,0,0,3,0
CJ1010510093,0,1,0,3,1,0,1,0,2,1,1,2,0,0,3,1,0,0,0,0,0,0,0,1,0,1,0,0,0,0,0,1,2,0,3,0,1,2,0,2,1,0,2,1,3,1,0,1,3,0,1,4,0,0,2,0
CJ1010510094,0,1,3,0,1,2,1,5,5,0,1,4,3,0,2,0,3,0,1,0,1,0,2,0,3,1,3,1,1,3,2,3,4,2,0,0,0,3,0,3,0,3,0,7,3,6,2,3,2,2,2,0,0,0,3,0
CJ1010510097,0,0,0,0,1,1,0,1,0,2,0,0,1,0,0,1,0,0,0,0,1,0,1,0,1,0,1,0,2,0,0,1,0,1,0,0,2,2,0,1,3,0,0,4,0,1,1,2,0,1,0,1,0,0,0,0
CJ1010510100,0,0,0,0,0,0,0,0,0,0,0,0,10,0,0,0,0,0,0,0,0,0,0,0,0,0,0,0,0,0,0,10,0,6,1,3,1,13,8,3,5,5,4,7,3,5,0,1,7,2,6,3,2,0,6,1
CJ1010510103,0,0,1,0,0,1,0,0,0,0,0,2,0,0,0,0,0,0,0,1,0,1,0,0,0,0,0,1,0,0,0,0,0,0,2,0,3,0,0,0,2,5,2,0,2,2,2,0,2,0,0,0,1,2,1,2
CJ1010510104,0,0,0,1,0,0,0,0,0,0,0,1,3,2,1,0,0,0,0,1,1,2,2,0,1,1,0,1,1,0,0,2,0,3,0,0,2,1,0,0,0,0,1,0,3,3,1,1,1,0,1,1,1,0,1,0
CJ1010510111,0,0,0,0,0,0,0,0,0,0,0,0,0,0,0,0,0,0,0,0,0,0,0,0,0,0,0,0,0,0,0,0,0,0,0,0,0,0,1,0,0,2,1,1,1,0,2,0,1,1,1,2,0,0,1,0
CJ1010510117,0,2,1,2,1,2,1,3,0,6,0,0,5,1,2,1,2,0,3,0,1,1,1,0,2,7,2,7,15,10,4,10,11,6,14,10,13,9,14,12,13,15,7,15,13,11,17,7,15,7,11,11,8,4,8,2
CJ1010510118,0,0,0,0,0,0,0,0,0,0,0,0,0,0,1,1,0,0,0,1,0,0,0,0,0,0,0,0,0,0,0,0,0,0,0,1,0,0,1,1,0,0,0,1,1,0,0,0,2,0,1,1,0,2,1,0
CJ1010510127,0,2,0,0,0,2,0,0,0,0,0,0,1,0,1,0,0,0,0,0,0,1,2,0,0,0,0,0,1,2,0,0,0,0,1,0,0,1,0,0,0,1,0,1,0,0,1,0,2,0,1,1,2,0,1,0
CJ1010510128,0,0,0,0,0,0,0,0,0,0,0,0,0,0,3,1,0,0,0,0,0,0,1,0,0,0,0,3,0,0,1,0,1,0,0,0,1,0,0,1,1,0,0,0,0,1,1,1,1,0,0,0,0,0,3,1
CJ1010510130,0,0,0,1,1,1,1,0,2,0,0,0,1,0,0,1,0,0,0,1,0,0,0,1,0,1,1,2,1,0,1,1,2,0,1,0,2,2,1,1,1,1,3,3,0,1,3,0,1,2,0,2,2,0,1,1
CJ1010510133,0,1,0,0,3,2,2,2,0,0,3,1,0,1,5,2,7,0,1,0,2,3,0,3,3,0,0,1,0,1,1,2,1,3,0,6,3,3,8,5,5,4,7,0,3,3,5,3,4,0,1,3,3,1,4,0
CJ1010510136,0,0,0,0,0,0,1,0,3,0,1,0,1,0,0,2,0,0,0,0,0,3,1,0,0,1,0,2,0,0,0,1,1,0,0,0,0,2,1,0,0,0,1,0,3,0,0,0,1,0,0,1,0,1,0,1
CJ1010510140,0,0,0,0,1,0,0,0,0,0,0,0,0,1,1,0,1,0,0,0,0,2,0,0,2,0,0,1,0,1,0,0,0,0,0,0,1,0,1,0,0,0,0,0,0,0,0,0,1,0,0,2,2,0,0,0
CJ1010510141,0,0,0,0,0,0,0,0,0,0,0,0,1,1,0,0,0,0,0,1,6,2,1,1,0,3,0,4,1,1,0,1,2,3,0,2,0,1,1,2,1,0,0,0,2,2,1,1,2,4,1,1,0,3,1,1
CJ1010510146,0,0,0,1,1,1,0,0,1,0,0,0,1,0,0,0,0,0,0,0,0,0,0,0,0,0,0,0,0,0,0,0,0,0,0,0,0,0,1,0,0,0,0,1,0,1,2,1,0,0,0,1,0,1,0,1
CJ1010510147,0,0,0,0,0,0,0,0,0,0,0,0,3,0,0,2,0,0,0,0,0,0,0,0,0,0,0,1,0,0,0,2,1,1,1,2,2,1,1,3,2,0,2,0,0,3,1,1,3,0,1,0,1,3,1,2
CJ1010510148,0,0,0,0,0,0,1,0,0,2,0,0,0,0,0,0,2,0,0,0,2,3,3,3,0,1,3,1,0,0,1,5,0,0,0,2,4,0,0,3,2,0,1,2,0,2,0,0,0,1,1,2,0,0,0,1
CJ1010510151,2,4,2,4,1,2,3,3,2,1,3,3,3,1,1,0,1,0,0,1,3,0,1,3,0,2,0,2,0,2,0,3,5,5,2,4,2,4,1,4,3,1,5,6,2,2,3,2,1,1,1,2,0,3,1,1
CJ1010520098,0,0,2,1,0,0,1,0,0,4,0,0,0,0,3,1,0,0,1,0,1,0,1,1,0,0,0,0,0,0,0,0,0,0,0,0,0,0,0,0,0,0,0,0,0,0,0,0,0,0,0,0,0,0,0,0
CJ1010520165,0,4,0,0,0,0,0,0,0,3,1,3,0,0,0,0,0,0,0,10,2,1,0,7,4,1,5,6,5,1,3,6,0,8,5,0,1,1,3,0,5,4,6,0,4,2,2,2,3,3,3,1,1,3,2,2
CJ1010520186,0,1,1,0,1,0,0,2,0,0,0,0,1,0,0,1,0,0,0,0,0,0,2,1,0,0,0,0,0,0,0,1,0,0,1,0,1,0,0,1,0,0,0,0,0,0,0,0,0,0,1,0,0,1,1,0
CJ1010520297,0,0,0,0,0,0,1,0,0,0,0,0,1,3,0,2,0,0,0,1,0,0,0,0,0,0,0,2,0,0,0,0,0,0,0,0,0,1,0,2,0,1,2,1,2,0,1,0,1,1,1,0,0,1,2,0
CJ1010520299,0,2,0,0,0,0,0,0,0,0,0,0,0,0,0,0,0,0,0,0,0,3,2,0,1,1,0,2,1,1,0,0,0,0,2,1,1,0,0,0,1,1,0,1,0,0,1,2,1,1,0,1,0,0,1,0
CJ1010520302,0,0,0,0,0,0,0,2,0,0,1,0,0,0,0,0,0,0,0,0,0,0,0,0,0,0,0,1,0,0,0,0,1,0,0,1,0,0,0,1,0,0,0,0,1,1,2,1,1,2,0,0,0,0,0,1
CJ1010520303,0,0,0,1,0,0,0,0,2,0,0,0,1,0,0,0,1,0,0,0,2,0,0,0,0,0,1,0,0,0,0,0,1,1,0,0,0,0,0,0,0,0,0,0,0,1,0,0,1,1,0,0,0,1,0,0
CJ1010520318,0,1,0,0,0,0,1,1,0,0,0,1,1,0,0,0,0,0,2,1,0,1,0,1,1,0,2,2,0,1,0,2,1,0,2,1,2,0,1,0,2,0,0,2,1,0,0,2,1,1,0,3,0,2,0,0
CJ1010520319,0,1,0,0,2,0,1,0,1,0,0,0,1,0,0,1,0,0,1,0,2,2,1,2,2,0,0,1,0,0,1,2,0,0,2,1,1,0,2,1,3,3,0,3,1,1,0,2,4,0,1,1,0,1,2,1
CJ1010520352,0,0,1,0,0,0,1,1,3,0,1,0,0,0,0,1,0,0,0,1,0,0,2,0,0,0,0,0,0,0,0,0,0,1,1,0,1,1,0,0,0,0,1,0,0,0,1,0,0,0,1,0,0,0,1,0
CJ1010520384,0,0,0,0,0,0,0,0,0,0,0,1,0,0,0,0,0,0,0,0,0,0,0,0,0,0,1,0,0,0,0,0,1,0,1,0,0,1,0,1,0,0,0,1,1,1,0,1,0,0,0,0,0,0,2,0
CJ1010550017,0,0,0,0,0,8,0,0,0,4,4,0,0,0,0,0,0,0,0,4,4,0,4,12,12,4,20,0,4,10,0,0,24,0,0,0,0,0,0,0,4,8,0,0,0,0,0,0,0,0,0,0,0,0,0,0
CJ1010550023,0,0,0,0,0,0,0,0,0,6,0,0,0,0,0,0,0,0,0,0,0,0,4,4,4,0,4,0,4,4,0,0,4,4,4,0,0,0,0,0,0,0,0,4,0,0,0,0,0,0,0,0,0,0,0,0
CJ1021050036,60,0,60,0,0,30,30,60,0,0,90,0,0,30,60,0,30,0,0,100,0,0,0,50,0,50,0,90,0,0,30,100,0,50,0,30,50,30,130,0,30,130,0,50,80,30,100,0,50,30,50,0,0,0,0,0
CJ1021050037,0,100,0,99,50,100,0,100,0,50,50,50,0,30,99,0,50,0,0,50,0,50,0,80,30,30,80,50,80,100,100,0,50,50,130,50,100,100,130,50,100,0,180,100,150,50,30,50,50,100,0,140,139,120,0,30
CJ1021050058,0,0,0,50,99,0,0,100,0,0,0,0,50,0,50,0,50,0,0,0,50,0,50,0,50,0,0,100,0,0,0,0,0,100,0,0,0,0,0,100,0,100,0,100,100,100,0,50,0,50,100,0,0,100,0,0
CJ1021050059,100,0,0,0,0,150,0,0,50,50,0,0,100,0,0,0,0,0,50,0,0,50,50,50,0,50,0,0,100,0,100,0,0,0,0,0,0,100,0,100,50,150,100,50,100,100,0,100,50,50,0,50,0,50,50,0
CJ1021050078,300,650,200,300,298,150,200,300,300,400,0,100,0,0,0,0,0,0,100,100,0,150,50,100,0,600,150,200,550,100,100,30,0,0,0,0,150,0,0,0,50,0,0,0,0,0,0,0,0,0,0,0,0,0,0,0
CJ1021050080,0,99,295,0,230,0,100,0,100,130,149,100,100,100,100,100,50,0,200,0,50,100,100,100,150,150,0,100,50,200,0,100,50,150,100,100,200,180,100,250,200,200,250,250,250,350,100,150,200,250,200,100,100,250,150,80
CJ1021050081,0,0,0,0,0,0,0,0,0,0,30,0,0,0,0,0,0,0,0,0,50,0,0,0,0,0,0,30,0,0,0,0,30,0,0,0,30,0,0,0,30,0,0,30,0,0,30,0,0,30,0,0,0,0,30,0
CJ1021050082,0,0,0,0,0,0,0,0,0,0,0,0,0,0,0,0,0,0,0,0,0,0,0,0,0,0,0,0,0,0,0,0,0,0,0,0,0,0,80,0,0,0,0,30,30,0,50,110,0,50,60,30,0,30,0,50
CJ1021050087,0,0,0,0,0,0,0,5,5,0,0,0,5,0,5,0,15,0,0,0,0,0,0,0,0,20,0,0,5,20,0,0,0,0,0,0,0,5,0,0,10,0,0,0,0,0,20,0,0,0,0,0,0,10,0,0
CJ1021050115,0,0,0,0,0,30,0,30,0,0,0,0,30,0,0,30,0,0,0,0,30,0,0,30,0,30,0,0,30,30,0,0,30,0,29,0,0,30,0,30,0,30,90,0,60,0,0,30,30,30,0,30,0,59,60,0
CJ1021050117,0,30,30,30,0,0,30,0,0,60,0,0,0,0,30,0,0,0,0,30,0,0,0,0,60,0,0,0,0,0,0,0,0,29,0,0,30,0,30,30,0,0,0,0,0,0,0,30,0,0,30,0,0,0,0,0
CJ1021050118,50,0,150,150,150,0,0,0,50,100,49,50,0,100,100,0,0,0,50,0,0,0,50,50,0,50,0,0,0,50,0,0,0,0,0,100,0,0,50,100,0,100,0,0,100,100,50,0,50,150,0,0,0,50,100,0
CJ1021050120,0,100,148,0,150,0,100,50,100,150,100,125,100,100,100,0,100,0,50,150,0,100,150,100,100,100,0,100,50,94,0,50,100,100,100,100,100,50,210,100,100,200,0,100,100,300,200,100,50,150,100,100,100,150,100,100
CJ1021050123,0,0,0,0,30,0,0,0,0,30,0,0,0,0,0,30,0,0,0,0,30,0,30,0,0,30,0,50,0,0,0,30,0,0,0,0,30,0,0,0,0,60,0,0,0,0,0,0,0,30,0,30,30,0,0,0
CJ1021050129,30,0,0,0,50,0,0,0,0,30,0,0,50,0,0,0,0,0,0,60,0,0,0,0,0,0,0,60,0,0,50,0,0,50,30,0,0,50,0,0,0,0,0,0,130,0,50,0,80,0,0,0,0,0,30,60
CJ1021050131,0,0,0,0,60,30,0,30,0,30,50,0,30,0,60,0,50,0,0,0,80,0,0,0,60,0,80,0,30,60,0,50,80,0,60,0,50,0,80,0,150,0,100,0,100,0,0,50,0,60,50,0,0,90,0,30
CJ1021050141,30,0,60,30,0,30,0,0,30,0,30,0,30,0,30,30,0,0,0,30,0,0,50,0,0,0,50,0,30,55,50,0,50,0,0,0,90,0,60,50,0,40,50,100,0,0,50,40,0,80,0,60,0,0,0,30
CJ1021050142,0,100,150,0,228,0,150,80,150,98,100,100,150,100,50,100,100,0,150,70,100,100,50,200,100,200,0,100,199,29,149,100,0,100,100,50,200,140,250,200,150,250,279,100,350,200,200,150,200,200,100,250,200,150,335,0
CJ1021050153,0,0,0,0,0,0,0,0,0,0,0,0,0,0,20,0,0,0,30,0,0,0,80,0,0,0,0,50,0,0,30,0,30,30,30,30,0,60,0,0,0,60,0,60,60,0,80,50,0,50,0,0,90,0,91,0
CJ1021050156,0,30,30,0,30,0,0,0,0,60,0,0,0,0,30,0,30,0,0,30,0,0,0,0,0,0,30,0,0,0,30,0,0,0,60,0,0,0,0,30,0,60,0,0,0,50,0,0,0,0,60,0,0,0,0,0
CJ1021050161,0,140,0,100,100,50,50,50,50,150,0,100,0,50,80,200,0,0,100,0,90,50,100,100,0,100,100,0,100,0,100,0,100,0,100,0,100,100,100,130,120,100,100,250,150,100,200,200,100,200,120,100,100,100,100,110
CJ1021050185,0,0,0,30,0,0,30,0,0,0,0,29,0,0,0,30,0,0,0,0,60,0,30,30,0,30,50,0,0,30,60,0,0,30,30,0,90,0,0,0,30,90,0,30,0,90,30,60,0,60,0,60,0,90,0,0
CJ1021050206,0,50,100,0,100,0,50,30,30,0,80,0,50,0,0,30,0,0,0,50,0,0,0,0,50,0,0,0,0,0,0,0,0,0,50,0,0,0,0,0,0,0,0,0,0,0,0,0,0,30,0,0,0,0,0,0
CJ1021050212,0,0,0,0,0,0,0,0,0,0,0,0,0,0,0,0,0,0,30,0,0,50,0,0,50,0,0,50,0,30,50,0,50,0,30,0,0,60,0,0,60,90,0,0,0,60,0,0,0,80,0,0,0,80,0,0
CJ1021050214,128,0,50,80,100,50,50,80,80,100,100,0,100,50,130,0,100,0,0,150,0,100,50,100,100,0,50,100,100,99,0,50,100,100,50,50,100,180,0,150,100,200,130,100,50,50,100,100,100,100,50,80,50,50,100,0
CJ1021050221,0,30,0,30,0,0,30,0,0,30,0,0,0,30,0,0,0,0,0,30,0,0,30,0,0,30,30,0,0,30,0,0,0,0,30,0,30,0,0,0,0,0,60,0,0,0,0,30,0,30,0,0,0,30,0,0
CJ1021050227,0,0,30,0,0,0,0,0,30,0,0,0,0,0,0,0,0,0,0,30,0,0,20,0,0,0,0,0,0,0,0,0,0,0,0,0,0,30,0,0,30,0,30,0,0,30,0,0,30,0,0,0,60,0,0,0
CJ1021050228,0,0,0,0,0,0,0,0,0,0,0,0,0,0,0,0,20,0,0,30,150,0,0,0,100,100,100,0,100,50,0,50,50,0,0,0,100,100,0,100,0,0,100,100,0,0,0,0,0,0,50,0,0,50,0,0
CJ1021050231,100,0,50,100,100,50,150,0,100,100,50,100,100,0,100,100,0,0,100,0,0,100,0,150,100,100,100,0,100,100,100,0,100,100,0,100,100,200,100,150,150,200,100,400,300,200,100,200,150,200,150,200,50,100,249,0
CJ1021050235,0,0,0,0,0,0,0,0,0,0,0,0,0,0,0,0,0,0,0,0,0,0,0,0,0,0,0,0,0,0,0,0,0,0,60,0,0,60,0,0,0,60,50,0,0,50,0,50,50,30,0,140,0,0,0,90
CJ1021050249,0,0,0,10,0,0,0,0,0,0,0,0,0,0,0,0,0,0,0,0,0,30,0,0,0,20,0,0,30,0,30,30,0,0,59,0,0,50,0,0,0,0,80,0,0,0,0,0,0,0,30,0,0,60,0,0
CJ1021050261,0,0,0,0,0,0,0,0,0,0,0,0,0,0,0,0,30,0,0,0,0,0,0,0,30,50,0,50,0,50,0,0,80,0,0,0,0,0,90,0,0,0,30,60,0,0,0,0,0,0,30,0,0,60,0,0
CJ1021050265,0,300,450,200,200,100,400,300,300,250,400,200,200,200,300,200,0,0,150,400,150,350,350,500,50,250,100,300,200,150,100,300,300,250,500,650,0,200,600,450,350,350,200,350,100,250,200,50,100,200,200,200,0,200,350,100
CJ1021050274,0,0,0,0,0,0,30,0,0,0,0,0,0,0,0,30,0,0,0,0,0,0,50,0,0,0,50,0,0,0,0,0,0,50,0,0,0,0,0,50,0,50,0,50,0,30,50,0,0,0,0,0,0,0,0,0
CJ1021050291,0,0,0,100,0,0,0,50,50,50,0,0,50,0,100,0,50,0,0,100,0,50,0,50,0,100,100,0,0,98,0,0,0,100,0,100,0,100,100,200,100,100,100,200,100,200,100,100,150,100,100,100,0,100,150,0
CJ1021050318,0,0,0,0,0,0,0,0,0,0,0,0,0,0,0,0,0,0,0,0,0,0,0,50,0,100,50,0,0,0,0,0,50,0,0,50,0,29,60,50,100,150,0,0,100,0,0,0,0,0,0,0,0,0,0,0
CJ1021060037,0,0,0,0,0,30,0,50,0,0,50,0,0,0,30,80,0,0,0,30,0,30,60,0,30,30,60,0,0,49,30,60,30,50,0,90,0,0,90,90,0,0,90,30,0,0,0,0,0,50,0,50,0,59,0,0
CJ1021060073,0,0,0,0,0,30,0,49,0,0,0,0,0,0,0,30,0,0,0,0,0,0,30,0,0,0,29,0,0,30,0,0,0,0,29,0,0,0,30,0,60,0,0,0,0,60,0,0,0,30,0,0,0,90,0,0
CJ1021060093,0,0,0,0,0,0,50,0,0,0,0,0,0,0,60,0,0,0,0,0,0,30,0,30,0,30,0,0,30,0,0,60,0,0,0,30,0,30,0,30,100,0,0,0,0,0,0,30,0,30,0,0,0,60,0,0
CJ1021060096,0,0,0,0,60,0,0,0,0,0,30,0,0,0,30,30,0,0,0,30,0,0,60,0,0,60,0,0,60,0,50,0,30,0,60,0,0,0,0,50,0,0,0,0,50,0,60,0,0,0,90,0,60,0,0,0
CJ1021060169,0,0,0,0,30,0,0,0,0,30,0,0,0,0,30,0,0,0,0,0,30,0,0,0,30,0,30,0,30,0,30,0,0,49,0,0,0,60,0,0,0,0,0,60,0,0,0,0,0,0,0,0,0,0,60,0
CJ1021210023,0,0,100,100,187,100,100,0,100,200,0,200,100,0,300,0,0,0,100,100,100,150,100,0,200,100,0,100,100,0,0,50,200,0,100,0,100,100,100,100,100,100,0,0,0,0,0,0,0,0,0,0,0,0,0,0
CJ1021210024,7,100,100,100,0,100,100,0,100,100,0,100,100,100,100,100,0,0,0,0,100,100,100,0,100,0,100,100,0,100,0,100,0,0,50,50,200,100,0,0,150,0,0,0,0,0,50,0,0,0,0,0,0,0,0,0
CJ1022130020,0,0,0,0,0,0,0,0,50,0,0,0,0,0,50,0,0,0,0,0,0,50,0,0,0,0,0,50,0,50,0,69,0,0,50,0,0,0,0,50,0,0,0,50,100,0,0,50,0,50,0,0,0,95,0,0
CJ1022130180,0,0,50,0,50,0,50,0,50,0,50,0,50,0,100,0,0,0,0,0,0,0,0,50,0,0,50,0,0,50,0,0,0,50,0,50,0,50,0,50,57,0,0,50,100,100,50,0,100,0,93,0,50,150,0,100
CJ1022130200,100,150,50,150,0,300,0,0,0,250,100,100,100,100,150,50,0,0,50,150,100,100,150,100,150,0,50,50,100,50,0,0,184,100,50,50,50,100,250,150,50,164,100,50,100,100,100,50,50,50,100,100,0,150,100,50
CJ1022130209,0,0,0,0,0,0,50,0,50,0,0,0,100,0,0,0,0,0,0,0,0,0,0,0,0,0,50,0,0,0,0,0,0,0,0,0,0,0,0,0,50,0,50,48,100,0,100,0,0,150,0,0,0,100,0,50
CJ1022130246,0,0,300,0,100,50,0,0,0,50,0,0,0,0,0,200,50,0,0,50,50,100,100,0,150,0,0,0,100,50,0,100,100,0,186,0,50,0,0,100,214,50,200,200,100,50,200,50,0,50,50,50,50,150,50,0
CJ1022130389,0,0,350,250,50,200,300,400,200,50,0,100,450,300,200,200,250,0,150,370,100,300,100,10,0,390,100,350,150,100,700,150,50,150,500,100,350,350,400,50,250,450,550,350,0,0,0,100,100,200,150,200,150,250,400,250
CJ1022130418,150,99,100,150,0,100,350,100,200,150,300,200,100,150,100,100,50,0,50,150,150,250,0,350,200,200,150,150,200,150,50,300,200,200,350,249,350,200,399,500,300,300,350,349,300,200,200,200,200,150,250,100,100,200,500,50
CJ1040200008,586,934,954,810,784,280,336,644,784,588,84,112,84,28,28,28,112,0,161,0,0,392,0,336,588,924,868,588,1176,196,140,336,0,56,56,148,56,140,84,0,84,84,0,56,112,0,28,0,0,0,0,0,0,0,0,0
CJ1040200037,0,0,0,0,0,0,0,200,300,0,100,440,400,0,200,400,0,0,260,500,600,100,200,100,100,405,280,200,157,280,300,327,200,500,100,206,200,0,200,61,0,60,120,0,280,120,60,40,40,40,300,140,40,160,0,40
CJ1040200073,0,240,280,240,360,200,402,320,0,80,306,120,0,520,0,0,0,0,0,0,0,0,80,240,132,0,0,0,0,0,0,0,0,0,0,0,0,0,0,0,0,0,0,0,0,0,0,0,0,0,0,0,0,0,0,0
CJ1040200076,0,0,28,33,0,0,0,112,0,0,0,0,0,0,0,0,0,0,0,0,28,0,28,0,0,0,0,28,0,0,0,0,0,56,0,0,0,0,0,14,28,0,0,0,0,28,0,0,0,0,0,0,0,0,0,0
CJ1040200096,0,21,42,42,0,0,0,0,21,21,21,0,21,21,21,42,42,0,0,21,0,0,0,0,0,21,0,21,0,0,0,0,21,0,0,0,0,0,0,0,0,7,0,0,0,0,0,0,2,0,4,2,0,0,4,0
CJ1040200156,0,440,120,320,220,320,160,200,166,320,151,200,240,120,0,0,0,0,0,0,0,0,0,0,0,0,0,0,865,910,100,300,198,0,0,0,0,0,0,0,0,0,0,0,0,0,0,0,0,0,0,0,0,0,0,0
CJ1040200162,0,0,0,0,0,0,96,64,96,32,35,0,64,32,32,0,97,0,0,0,0,0,48,128,32,0,32,0,32,32,0,32,0,30,0,0,20,29,32,32,32,32,0,32,64,0,0,0,0,0,6,0,0,6,0,0
CJ1040200163,0,20,20,20,30,0,0,0,0,17,0,30,10,10,20,0,30,60,0,0,20,0,10,15,0,0,0,0,0,0,0,30,496,14,0,20,0,20,0,20,210,360,0,192,57,0,300,0,0,0,14,0,0,100,60,20
CJ1040200165,0,0,0,0,0,0,0,0,0,0,0,0,298,0,400,300,700,0,400,305,200,100,100,180,260,80,60,700,439,0,0,0,0,0,200,100,100,102,0,60,60,160,400,100,100,118,60,200,160,240,120,120,20,140,100,40
CJ1040200280,0,0,0,0,0,0,7,0,0,7,0,0,7,0,7,7,0,0,21,0,0,0,0,0,7,0,0,0,0,7,0,0,0,0,0,7,0,0,0,7,0,0,0,0,0,7,7,1,2,0,1,2,0,0,10,0
CJ1040200286,0,0,0,0,298,44,150,14,20,15,0,10,0,0,0,6,0,0,0,0,0,0,0,0,0,0,0,0,0,0,25,10,29,66,0,0,44,0,0,0,0,0,0,0,0,10,4,4,4,34,72,90,0,22,21,53
CJ1040200408,0,0,0,0,0,0,0,0,0,0,0,0,0,0,0,0,0,0,0,0,0,0,0,0,0,0,0,0,0,0,0,0,0,0,0,11,1,5,1,4,2,2,0,1,2,1,2,0,0,0,1,0,1,0,0,0
CJ1040200478,0,0,0,0,0,126,147,223,798,0,0,546,462,0,399,440,273,0,0,471,210,315,476,0,24,315,420,105,0,123,420,641,525,105,222,105,533,105,546,221,441,0,522,0,0,735,420,210,258,420,261,0,63,168,714,105
CJ1040200504,0,32,0,32,32,16,0,30,0,64,0,32,32,0,32,0,32,0,0,16,16,16,0,16,0,16,0,0,48,48,16,39,16,16,0,16,32,64,16,0,10,32,16,32,48,0,32,32,56,24,16,24,0,24,16,0
CJ1040200821,0,10,10,0,0,10,0,0,6,0,0,0,10,0,0,0,0,0,10,0,0,0,0,0,0,0,0,0,0,10,0,10,0,0,0,0,0,0,10,10,0,10,10,0,20,0,10,2,4,4,4,4,4,0,4,4
CJ1040200869,0,0,0,0,0,0,0,0,0,0,0,0,0,0,0,0,0,0,0,0,0,0,0,0,0,0,0,0,0,0,0,0,0,0,0,0,0,0,0,0,0,85,40,0,20,0,20,10,30,0,11,20,0,20,11,0
CJ1040200922,356,288,96,144,288,53,0,0,0,292,576,122,0,478,0,193,0,0,431,45,22,0,100,240,623,155,0,480,192,335,240,0,0,527,528,288,48,191,432,288,46,240,288,624,389,0,0,0,0,0,96,144,96,240,48,192
CJ1040200927,0,0,0,0,0,0,0,0,0,0,0,0,0,0,0,0,0,0,0,0,0,0,0,0,0,0,0,0,0,0,0,0,0,0,0,0,0,0,0,0,0,0,0,0,21,25,21,6,6,29,10,16,0,9,15,0
CJ1040200936,0,0,0,0,10,0,10,0,0,0,10,16,0,0,0,9,0,0,0,0,6,0,0,0,0,4,0,0,0,4,0,6,0,0,0,4,2,0,0,6,9,0,0,0,0,0,0,0,0,0,0,0,0,0,0,0
CJ1040200962,0,40,70,60,60,20,0,10,20,21,15,33,128,20,20,20,20,20,20,10,30,20,40,20,20,0,20,20,0,0,19,20,0,20,20,20,20,20,100,79,0,0,0,0,22,80,40,0,20,10,34,20,20,60,44,10
CJ1040200984,0,4,0,6,10,0,0,0,0,0,2,4,4,2,0,0,4,0,0,10,0,9,0,0,4,0,0,0,0,0,6,0,0,8,0,0,0,0,4,0,4,0,0,0,0,0,0,5,2,0,2,5,0,0,0,0
CJ1040200995,0,0,0,0,0,0,0,0,0,0,0,0,0,0,0,0,0,0,0,0,0,0,0,0,0,0,0,0,0,0,0,0,0,0,0,0,0,0,10,11,0,0,64,10,0,11,0,0,6,6,10,10,0,20,6,0
CJ1040201010,0,0,0,0,21,0,0,0,10,17,0,0,0,21,0,0,0,0,0,21,0,7,21,0,0,0,21,0,0,0,0,0,21,0,0,0,0,0,14,0,10,0,0,10,10,7,7,0,4,11,4,4,5,10,7,0
CJ1040201021,0,0,0,0,0,0,0,0,0,0,0,0,0,0,0,2,0,0,0,0,0,0,2,0,0,0,0,0,4,0,0,2,0,0,0,0,2,0,0,0,0,0,0,0,0,0,0,0,0,0,1,1,2,3,1,0
CJ1040201022,0,0,0,10,0,0,0,0,0,6,0,0,0,0,10,0,0,0,0,0,0,0,10,0,0,0,10,0,0,0,0,10,0,10,0,0,0,25,0,0,0,0,0,0,0,0,0,1,3,5,3,0,1,2,0,0
CJ1040201041,0,0,0,0,0,0,0,0,0,0,0,0,2,0,0,0,0,0,0,0,0,0,0,0,0,0,0,2,2,0,0,0,0,0,0,0,4,0,0,0,0,6,4,0,0,0,0,0,0,0,6,0,3,7,0,4
CJ1040201050,0,0,0,0,0,0,0,0,0,0,0,0,0,10,10,0,0,0,0,0,0,0,10,0,0,10,0,10,0,0,0,10,0,0,0,10,0,4,0,10,4,0,12,0,0,0,0,0,6,8,10,0,0,6,0,0
CJ1040201081,0,0,0,0,0,0,0,0,0,0,0,0,0,0,0,0,23,0,21,93,0,52,0,0,50,336,0,147,88,0,0,0,0,0,0,0,0,91,126,105,84,63,0,0,0,0,0,0,0,0,0,0,0,0,0,0
CJ1040201082,42,0,19,0,147,73,0,87,21,85,0,105,63,42,42,63,0,0,0,0,84,21,0,42,21,63,21,42,42,21,0,42,21,26,21,42,40,42,42,84,21,58,0,147,105,0,29,0,0,0,0,21,21,63,0,0
CJ1040201087,0,0,0,0,0,0,0,0,0,0,0,0,0,0,0,0,0,0,0,0,0,0,0,0,0,0,0,10,0,0,0,15,0,15,20,0,0,30,0,7,0,0,0,0,0,42,0,7,0,0,14,0,0,14,7,0
CJ1040201159,0,15,0,0,0,0,0,0,20,50,40,20,20,10,10,30,0,0,0,0,0,40,30,20,20,20,20,40,9,0,0,0,0,0,0,0,0,0,0,0,0,0,0,0,0,0,0,0,0,0,0,0,0,0,0,0
CJ1040201160,0,0,0,0,0,0,0,0,0,0,0,0,0,0,0,0,0,0,0,0,0,0,0,0,0,0,0,0,0,0,0,0,0,24,20,16,16,16,0,48,0,16,20,36,80,32,16,32,33,0,32,24,16,16,16,16
CJ1040201169,0,0,0,0,0,0,0,0,20,0,21,0,0,0,0,0,0,0,0,0,0,0,0,0,10,0,0,14,10,10,0,0,0,0,0,0,0,10,21,0,0,0,0,20,21,0,21,21,7,9,0,0,0,0,10,0
CJ1040201170,0,10,20,20,20,10,10,0,15,20,0,12,0,0,0,0,0,0,0,0,0,0,0,0,0,10,0,30,0,0,20,0,20,20,0,0,20,0,10,30,10,30,0,49,20,20,17,0,0,0,0,0,0,0,0,0
CJ1040201173,0,0,0,1,4,0,0,0,0,0,10,0,0,0,0,0,0,0,0,0,0,0,0,0,0,2,4,0,4,0,0,0,0,0,1,1,3,0,2,4,0,2,0,6,2,0,4,0,0,2,4,5,0,5,4,4
CJ1040201180,0,0,0,0,8,0,0,0,0,7,0,0,0,0,0,0,0,0,0,0,0,0,0,0,0,0,0,0,0,0,0,0,2,4,0,6,4,6,0,4,2,6,0,4,10,0,0,0,0,0,0,0,0,0,0,0
CJ1040201184,0,0,0,0,0,0,0,0,21,21,21,22,0,0,0,0,0,0,0,0,0,0,0,0,29,0,0,21,21,0,21,0,21,0,15,0,24,16,48,42,21,34,50,21,47,37,16,16,11,0,32,16,32,18,16,58
CJ1040201185,0,0,0,0,0,0,0,0,20,0,20,0,10,0,10,0,0,0,0,0,0,0,0,6,0,0,2,12,10,10,0,20,0,0,20,10,10,40,0,0,0,0,20,20,100,0,20,20,0,0,20,0,0,60,0,0
CJ1040201187,0,0,0,84,336,546,534,210,735,210,63,210,525,525,273,342,735,0,273,315,651,0,735,0,315,420,105,630,315,315,853,735,420,420,630,210,420,1031,65,22,315,840,315,1111,420,315,84,63,0,0,0,0,420,189,294,273
CJ1040201193,0,0,288,432,0,0,72,286,0,0,360,68,0,0,0,193,0,0,216,0,453,660,6,230,300,347,100,0,0,160,0,0,300,512,288,144,72,0,576,0,0,0,432,0,0,0,0,0,80,72,216,360,0,72,0,0
CJ1040201200,0,0,0,0,0,0,0,0,0,0,0,0,0,0,0,21,0,0,0,0,29,0,0,0,0,0,0,0,0,0,0,0,10,0,0,0,0,10,10,14,0,12,0,0,0,0,0,21,0,17,10,37,0,0,22,0
CJ1040201205,20,20,32,30,10,0,0,0,0,0,0,0,0,0,0,0,0,0,0,0,0,0,0,0,0,0,0,0,0,0,0,0,0,0,0,0,0,40,30,30,0,0,80,0,40,40,20,0,0,0,0,0,20,20,20,0
CJ1040201206,0,10,28,0,0,10,6,6,0,0,0,0,0,25,0,0,0,0,0,6,16,0,10,0,0,0,0,0,0,50,10,0,20,0,0,0,28,0,0,0,0,0,0,0,0,0,0,0,0,0,0,0,0,0,0,0
CJ1040201217,0,0,0,13,0,0,210,0,86,0,0,216,65,65,153,0,0,65,65,46,0,0,320,289,0,0,65,195,130,140,0,0,0,0,0,0,0,0,260,130,65,379,195,130,0,0,0,65,130,0,0,65,130,130,195,130
CJ1040201218,0,105,336,84,210,147,105,294,106,168,105,126,105,105,0,105,42,0,0,315,332,210,210,0,210,210,105,123,0,0,126,210,210,315,210,210,420,210,47,315,189,0,0,114,340,52,0,0,63,63,212,56,0,0,0,0
CJ1040201219,0,0,0,0,0,0,0,1,0,3,0,0,2,2,0,0,0,0,0,0,0,0,0,0,0,0,0,0,0,6,0,0,0,0,0,0,0,11,12,4,0,4,5,0,0,0,0,0,0,0,0,0,0,0,0,0
CJ1040201235,0,20,0,0,20,0,0,20,0,10,0,20,0,0,20,0,0,0,0,0,0,8,20,0,0,20,0,0,20,0,0,20,0,0,20,0,20,0,0,20,20,20,0,0,9,0,0,0,0,0,0,0,0,0,0,0
CJ1040201239,0,6,10,4,10,0,0,0,0,6,12,10,0,0,11,0,0,0,0,0,0,0,15,0,10,6,0,0,0,9,0,0,0,0,0,0,0,0,0,0,0,0,0,0,0,0,0,0,0,0,0,0,5,1,0,0
CJ1040201242,0,200,59,145,80,73,145,95,143,55,65,145,130,120,0,130,0,0,60,155,206,170,130,195,195,67,65,195,128,130,65,130,260,130,130,130,195,260,325,190,260,260,128,265,122,65,65,65,105,160,259,130,130,260,260,65
CJ1040201244,0,0,0,0,21,43,41,0,0,21,42,21,0,21,21,54,0,0,0,21,44,21,0,21,0,21,21,21,22,21,42,15,21,21,21,42,23,0,0,0,0,0,84,84,27,0,0,21,21,42,42,42,0,0,21,8
CJ1040201248,0,0,0,0,0,0,0,0,0,0,0,0,0,0,0,0,0,0,0,0,0,0,0,0,0,0,0,0,0,0,0,0,0,0,0,0,0,20,20,38,0,0,20,58,0,0,20,0,20,20,20,60,0,40,0,0
CJ1040201251,0,0,0,2,0,0,0,0,0,0,0,0,0,0,0,0,0,0,0,0,0,0,0,0,0,2,0,0,1,0,0,0,0,2,2,0,4,0,0,2,0,2,4,0,0,2,0,0,1,0,0,0,0,0,0,0
CJ1040201259,0,10,10,0,10,10,10,0,0,16,0,0,20,0,13,10,0,0,0,10,0,20,0,30,0,0,30,0,0,30,0,0,0,20,0,0,20,0,0,20,0,40,0,0,0,80,0,0,0,0,50,0,30,10,10,20
CJ1040201341,0,0,0,0,10,0,4,4,4,18,0,0,0,0,0,0,0,0,0,12,10,10,8,30,10,10,9,0,0,20,0,25,10,20,20,20,30,40,14,10,40,40,0,20,100,40,20,40,30,40,20,20,10,90,30,20
CJ1040201356,0,0,10,20,0,0,10,0,0,0,0,10,0,6,4,20,0,0,10,0,20,0,10,0,0,0,0,0,10,10,0,10,10,10,10,0,0,0,20,0,10,20,40,20,40,0,20,20,50,10,20,20,10,20,10,20
CJ1040201357,0,0,10,10,0,10,20,4,15,20,20,0,20,0,10,0,10,0,0,40,0,20,0,50,0,0,40,0,0,50,0,1,0,0,38,0,0,80,0,40,0,0,20,20,40,40,0,30,0,50,3,0,24,25,10,20
CJ1040201368,8,0,6,0,6,0,2,2,0,6,10,0,0,4,0,4,4,0,0,0,6,0,10,0,6,0,6,0,0,0,0,0,0,10,0,0,0,10,0,10,0,0,0,6,6,6,0,4,0,0,4,0,4,0,0,0
CJ1040201397,0,0,0,0,0,0,0,0,6,8,0,4,0,10,10,0,0,0,0,20,0,0,0,0,10,0,6,0,0,10,0,10,0,10,19,0,10,26,20,10,0,20,20,0,60,20,20,0,4,10,4,10,0,30,12,10
CJ1040201402,0,0,0,2,2,0,0,8,0,15,0,0,0,0,0,0,0,0,0,0,6,0,6,0,10,6,0,0,0,10,0,4,0,0,0,6,6,0,5,10,0,0,0,0,16,0,0,0,10,4,4,4,4,0,4,0
CJ1040201407,0,0,0,4,0,6,0,0,0,0,2,0,6,0,0,4,0,0,0,14,0,0,7,14,0,6,6,8,0,0,10,0,10,0,10,0,10,0,0,20,10,15,10,0,30,0,20,0,10,36,10,20,0,20,20,0
CJ1040201416,0,0,0,0,0,0,12,0,4,2,6,0,10,0,0,6,0,0,4,0,20,0,10,0,10,0,10,0,10,16,0,0,0,10,0,10,10,20,20,0,0,10,0,0,0,0,0,0,0,0,0,0,0,0,0,0
CJ1040201417,0,0,0,0,0,0,15,0,0,16,0,0,0,0,0,0,0,0,0,9,0,0,10,0,10,0,0,10,20,0,0,10,0,0,10,10,0,0,0,0,0,0,0,0,0,0,0,0,0,0,0,0,20,20,30,0
CJ1040201459,0,0,0,0,0,0,0,0,0,0,0,0,0,0,0,0,0,0,0,0,0,0,0,0,0,0,2,6,20,0,0,0,20,0,0,20,20,20,0,20,0,40,20,12,0,0,0,0,0,0,98,46,28,28,0,0
CJ1040201480,0,0,0,0,0,0,0,0,0,0,0,0,0,0,0,0,0,0,0,0,0,0,0,0,0,0,0,0,0,0,0,0,0,0,0,0,0,0,0,0,1,0,2,0,0,4,0,2,6,10,6,0,4,17,10,0
CJ1040280029,0,2,0,60,0,30,0,0,0,0,50,0,58,50,50,0,0,0,0,0,0,50,44,0,0,150,0,50,50,0,0,0,50,0,0,0,0,0,0,0,0,0,0,0,0,0,0,0,0,0,0,0,0,0,0,0
CJ1040340308,1,0,1,1,0,3,1,4,0,1,1,0,1,0,0,0,0,0,0,0,0,0,0,1,0,0,0,0,1,0,0,0,0,0,0,1,0,0,0,0,0,1,0,0,0,0,0,0,0,0,0,0,0,0,0,0
CJ1040340312,0,0,2,1,3,0,0,0,0,0,0,0,0,0,0,1,0,0,0,1,0,0,0,0,0,0,0,0,0,0,0,0,0,5,3,3,0,1,0,0,0,1,0,1,1,0,0,0,0,0,0,0,0,0,0,0
CJ1040340330,0,0,0,1,0,1,0,1,3,1,0,1,0,0,0,2,0,0,2,0,1,1,0,1,1,2,0,1,0,0,0,0,0,0,0,0,0,1,0,0,0,0,0,0,1,0,0,0,0,0,0,0,0,0,0,0
CJ1040340359,4,9,10,0,0,1,2,2,0,0,1,3,0,3,0,0,0,0,0,0,0,0,0,1,0,0,0,2,0,0,1,1,0,0,0,0,0,0,2,0,0,0,2,0,0,0,0,3,0,0,0,0,1,0,0,0
CJ1040340362,0,11,3,4,0,0,0,8,0,1,3,2,1,3,0,0,0,0,0,4,1,3,0,2,0,2,1,2,2,1,0,2,0,1,0,0,0,0,0,1,1,0,2,2,1,0,2,0,2,0,1,0,0,0,0,0
CJ1040340372,2,0,1,1,1,0,1,0,0,0,1,0,0,0,0,0,0,0,0,0,0,0,0,1,1,0,0,1,0,0,0,0,0,0,0,0,0,0,0,0,0,0,0,0,1,0,0,0,0,0,0,0,0,0,0,0
CJ1040340379,0,2,0,0,1,2,2,3,0,0,2,0,0,3,3,0,0,0,0,0,1,0,0,0,1,0,0,0,0,0,0,0,0,0,0,0,0,0,0,0,0,0,0,0,0,0,0,0,1,0,0,0,0,0,0,0
CJ1040340392,0,3,0,1,0,0,1,2,3,0,3,0,0,3,0,5,0,0,0,3,0,0,1,0,0,1,0,0,0,5,0,3,0,0,1,2,1,2,1,1,1,0,0,1,2,0,0,2,0,0,2,0,0,0,0,0
CJ1040340439,0,11,10,13,12,3,7,5,7,6,5,2,9,11,18,5,2,0,2,0,5,2,2,2,3,3,0,0,1,0,0,2,0,5,0,2,2,0,3,0,10,1,1,0,7,8,5,0,2,0,0,0,0,0,0,0
CJ1040340451,0,0,0,0,1,0,0,0,0,2,1,0,0,0,0,0,0,0,0,1,0,1,1,0,0,0,0,0,1,0,0,0,0,0,0,0,0,0,0,0,0,0,2,0,0,1,0,1,1,0,0,1,0,1,0,2
CJ1040340456,0,2,1,2,1,0,1,1,0,0,0,0,1,1,0,0,0,0,1,0,0,0,3,1,0,0,0,3,0,1,1,0,0,0,0,0,0,2,0,0,1,0,1,0,1,1,1,0,1,0,0,0,0,0,1,0
CJ1040340462,0,1,1,0,0,3,0,0,1,0,1,0,0,0,0,0,0,0,0,0,0,0,0,1,0,1,1,2,0,1,0,0,0,0,0,0,0,0,0,0,0,1,2,0,0,0,0,0,0,0,0,0,0,0,0,0
CJ1040340474,1,9,10,1,5,3,21,10,10,11,9,12,15,8,10,3,11,0,6,0,5,0,0,4,0,0,0,0,17,0,30,5,18,9,5,6,13,9,7,0,0,22,24,7,4,3,5,4,21,3,2,0,2,4,0,4
CJ1040340475,0,0,0,0,0,0,0,0,0,0,0,0,0,0,0,0,1,0,0,0,1,0,1,0,0,0,0,0,0,0,0,0,0,0,0,0,0,0,0,4,36,55,13,3,3,1,0,1,4,0,0,3,0,0,0,0
CJ1040340486,0,1,1,0,0,0,0,2,1,1,0,0,1,0,0,0,0,0,0,1,0,0,0,0,0,0,0,0,0,1,0,0,0,0,0,0,0,0,0,0,1,0,0,0,0,0,0,0,0,1,0,0,0,0,0,0
CJ1040340487,0,1,0,1,0,3,0,1,2,1,2,0,0,0,0,0,0,0,1,1,0,0,1,1,0,0,2,0,0,0,0,0,0,0,0,0,0,0,0,0,0,0,0,0,0,0,0,0,0,0,0,0,0,1,1,0
CJ1040340502,0,1,0,0,0,0,0,0,0,0,0,0,0,0,0,0,0,0,0,0,0,0,0,0,0,1,0,0,1,1,0,0,1,2,0,0,1,0,0,0,1,0,0,0,1,0,0,1,0,1,0,1,0,0,0,0
CJ1040340519,1,0,2,0,2,1,0,0,0,0,1,0,2,1,1,0,0,0,3,2,0,2,3,1,1,0,0,3,0,0,0,2,2,1,0,3,2,3,0,5,2,1,2,0,4,0,1,2,2,2,0,3,0,0,1,1
CJ1040340527,0,1,2,0,1,0,0,1,0,0,0,0,0,0,1,1,1,0,1,0,0,2,0,1,1,1,0,1,0,0,1,4,1,2,4,2,4,0,5,0,4,2,3,1,2,0,3,0,2,2,2,1,1,1,1,0
CJ1040340529,0,0,0,0,0,2,0,0,0,0,2,0,0,0,0,0,0,0,0,0,0,0,0,0,0,0,0,1,1,0,1,0,1,1,1,0,1,3,4,0,0,0,0,0,0,1,2,1,1,1,0,2,0,2,2,0
CJ1040340547,0,3,0,1,2,0,5,4,1,1,1,4,1,0,2,0,0,0,0,1,0,1,0,1,0,0,1,0,3,4,2,1,1,2,1,1,0,1,1,2,3,1,1,6,4,0,1,1,2,1,0,3,3,0,9,3
CJ1040340552,2,17,16,14,17,21,34,34,27,24,15,12,8,9,9,7,6,0,18,29,25,26,24,27,13,16,16,39,7,25,19,15,20,25,16,25,22,15,12,10,11,6,15,20,10,12,22,19,19,4,4,8,2,3,11,3
CJ1040340567,0,0,1,0,7,28,19,28,16,24,24,14,1,8,9,5,15,0,19,23,22,18,29,20,4,3,8,0,0,0,0,0,0,0,0,0,0,0,0,0,0,0,0,0,0,0,0,0,0,0,0,0,0,0,0,0
CJ1040340571,0,3,1,0,2,4,7,14,6,4,11,8,0,1,14,1,2,0,3,4,3,1,0,5,2,0,3,5,3,4,0,1,1,1,1,0,0,0,1,1,1,0,0,0,0,0,1,0,0,0,1,0,0,0,0,1
CJ1040340572,0,3,6,2,5,2,3,3,4,2,3,3,4,2,0,1,1,0,2,10,3,2,1,3,4,4,0,0,6,1,3,1,3,5,0,5,5,2,9,13,0,19,2,7,9,1,7,4,4,2,1,2,0,4,3,4
CJ1040340574,0,0,0,0,0,0,0,0,0,0,0,0,0,1,0,0,0,0,0,0,0,1,0,0,0,0,1,1,0,0,0,0,0,0,0,0,0,1,0,1,0,2,0,1,0,0,0,1,0,1,0,0,0,0,0,1
CJ1040340586,0,2,18,1,1,4,7,4,6,20,1,4,11,2,6,5,2,0,10,4,9,4,5,0,7,5,5,4,5,0,1,0,2,1,2,4,0,4,1,2,1,2,0,3,1,1,1,0,3,2,1,2,0,0,0,0
CJ1040340588,1,2,4,1,1,1,2,2,4,0,7,1,3,4,2,0,1,0,5,2,6,1,7,4,0,0,2,1,2,1,3,0,0,0,2,3,4,0,2,1,0,1,2,1,1,2,1,1,1,1,1,0,0,0,2,0
CJ1040340589,0,2,0,0,0,0,0,0,1,0,0,0,0,1,0,0,0,0,0,0,0,0,0,1,0,0,0,0,2,0,0,1,0,1,0,0,0,1,0,0,0,1,0,0,0,0,0,0,0,0,0,0,0,0,1,1
CJ1040340596,1,6,19,21,10,4,13,12,9,11,3,9,10,7,16,4,6,0,15,11,20,4,17,3,18,6,2,8,6,9,8,9,7,5,5,8,11,7,5,3,12,6,12,13,2,6,3,2,6,2,5,1,0,1,4,2
CJ1040340597,0,0,0,0,0,1,0,2,0,0,1,2,0,0,0,0,0,0,0,0,0,0,0,10,5,26,1,11,7,5,0,0,1,1,0,1,3,7,2,0,7,3,0,3,2,1,1,1,1,0,0,1,1,1,0,0
CJ1040340601,0,0,0,0,1,0,1,0,0,0,0,0,0,0,0,0,0,0,0,0,0,0,0,0,0,1,0,0,0,0,0,0,1,1,0,0,1,0,0,0,1,0,0,0,0,0,1,1,1,0,1,1,0,0,0,1
CJ1040340609,0,0,3,7,0,3,0,1,4,0,0,0,0,1,1,0,1,0,1,0,1,0,2,0,2,0,0,0,1,1,2,10,1,6,4,6,3,5,0,4,5,7,4,5,5,2,8,2,4,2,2,3,2,4,5,0
CJ1040340610,2,8,5,0,7,3,3,5,1,4,14,4,4,3,2,7,2,0,5,5,11,4,2,7,6,0,3,2,4,3,5,4,2,4,8,3,2,8,5,7,6,2,3,2,4,2,9,2,4,4,2,3,2,1,5,5
CJ1040340615,0,0,0,0,0,0,0,0,1,0,0,1,0,0,0,0,0,0,0,0,0,0,0,0,0,0,0,0,0,0,0,0,0,0,0,0,1,0,0,0,0,2,1,1,2,0,2,3,0,1,1,0,1,0,0,2
CJ1040340618,0,0,3,1,1,0,0,0,2,1,1,0,1,2,3,1,0,0,0,4,0,1,3,2,1,1,2,2,0,0,2,1,0,0,1,1,4,2,1,0,0,0,1,1,0,1,0,0,0,0,0,1,0,0,0,0
CJ1040340623,0,0,0,0,0,0,2,1,1,0,0,0,1,0,0,3,0,0,0,0,0,1,0,1,0,0,0,0,0,1,0,0,1,0,0,0,0,2,0,1,0,0,1,0,0,0,1,0,1,0,1,1,0,0,0,0
CJ1040340630,0,5,1,3,5,4,3,2,5,3,3,4,2,3,6,4,1,0,2,2,7,4,1,7,1,5,1,9,1,3,3,1,1,2,4,0,5,1,3,3,1,1,3,0,0,0,4,0,5,0,2,3,1,0,0,1
CJ1040340631,0,0,0,0,0,0,0,0,0,0,0,0,0,0,0,0,0,0,0,0,0,0,0,0,0,0,6,3,9,0,2,5,2,1,3,5,4,3,5,3,0,3,4,4,1,8,3,2,0,3,4,3,0,5,4,1
CJ1040340632,1,11,4,8,9,5,5,6,10,4,9,0,5,3,2,1,3,0,10,12,21,1,4,8,2,8,2,11,10,5,2,4,3,2,0,5,5,7,3,5,2,8,5,2,3,3,6,2,5,4,1,3,0,0,4,1
CJ1040340633,0,0,0,0,0,0,0,4,0,0,1,0,0,0,0,0,0,0,0,0,0,0,0,0,18,12,8,45,18,21,17,22,23,33,23,20,16,19,17,7,17,11,29,34,24,7,37,47,8,10,15,14,1,13,7,9
CJ1040340635,1,0,0,1,0,2,0,0,2,0,0,0,0,1,0,0,0,0,0,0,0,1,0,0,0,0,1,0,1,0,0,0,0,0,0,0,0,1,0,1,0,0,0,0,0,1,0,2,1,0,0,1,0,0,0,0
CJ1040340640,0,4,2,1,2,0,1,1,0,0,2,0,0,0,2,0,1,0,3,0,3,2,3,0,3,0,3,2,0,0,1,1,1,3,0,5,3,1,0,0,0,0,0,0,0,0,3,0,0,0,0,0,1,0,0,0
CJ1040340646,3,9,17,13,15,16,6,10,13,10,21,11,9,7,7,11,5,0,0,4,2,4,2,1,4,0,3,0,5,5,5,3,5,9,4,1,3,3,2,6,0,2,1,4,0,0,5,1,1,1,0,0,2,0,0,1
CJ1040340653,0,2,0,0,0,0,3,1,3,3,0,0,0,0,0,2,0,0,0,0,2,0,1,0,1,1,2,1,1,0,0,0,0,0,1,0,2,2,1,2,1,0,1,2,3,1,0,0,0,1,1,0,0,0,0,0
CJ1040340657,0,0,0,0,0,0,0,0,0,0,2,3,0,0,0,0,0,0,0,0,0,0,0,0,0,0,0,0,4,0,1,1,2,1,1,3,2,3,0,8,1,0,4,2,3,0,2,6,9,1,4,3,3,3,1,2
CJ1040340658,0,0,0,0,0,0,0,0,0,2,0,3,0,0,0,0,0,0,0,0,0,0,0,0,0,0,0,0,0,3,0,0,3,1,1,0,0,0,0,1,0,0,0,0,2,0,0,0,0,0,1,0,0,3,0,0
CJ1040340669,0,0,0,2,0,1,1,0,3,0,0,1,0,0,1,1,1,0,1,0,0,1,0,0,1,2,0,1,2,0,0,0,1,0,0,0,0,2,0,1,1,1,0,1,3,2,0,0,3,1,1,0,0,0,0,0
CJ1040340692,0,0,0,0,0,0,0,0,0,0,0,0,2,0,0,0,0,0,0,0,0,2,0,0,2,0,0,1,0,0,0,0,0,1,1,0,0,2,0,0,0,0,0,1,1,0,0,0,0,0,1,0,0,0,0,0
CJ1040340707,15,15,96,68,11,18,46,39,30,36,54,55,25,20,43,51,14,0,12,34,54,53,89,63,85,47,42,30,70,33,16,20,42,44,27,40,25,38,22,19,80,57,56,23,12,13,38,14,36,10,29,13,0,47,46,34
CJ1040340717,3,38,20,98,49,7,77,100,55,74,52,72,85,23,77,20,33,0,12,61,27,88,12,100,91,63,64,21,68,66,25,3,97,51,19,82,28,32,25,37,90,77,70,57,33,42,33,24,51,20,31,32,15,35,34,43
CJ1040340726,0,5,7,4,0,2,9,22,2,2,15,0,1,0,3,0,0,0,0,2,2,0,0,1,11,9,37,5,0,3,2,2,0,0,0,0,0,6,2,2,3,0,1,3,4,5,2,3,0,1,0,0,0,1,2,0
CJ1040340727,0,6,1,4,0,1,2,6,1,5,3,2,0,0,1,3,0,0,7,4,6,1,4,2,1,2,0,3,3,0,6,2,4,4,4,8,2,5,4,1,1,2,3,3,1,1,3,5,2,1,0,1,1,1,1,1
CJ1040340760,0,0,0,0,0,0,1,0,2,1,0,0,0,0,0,1,1,0,0,0,0,0,0,0,1,0,0,0,0,0,0,0,0,0,0,0,0,0,0,0,0,0,1,0,0,1,0,0,1,2,2,0,0,0,0,1
CJ1040340819,0,3,0,1,2,2,1,2,0,3,1,0,0,5,0,1,0,0,1,2,2,6,2,2,2,5,0,0,3,2,1,1,2,0,2,2,1,3,0,3,0,1,0,5,1,2,7,3,4,2,0,5,2,1,1,3
CJ1040340823,0,0,0,0,0,0,0,0,0,3,0,0,0,0,0,0,0,0,0,0,0,0,0,0,0,0,0,0,0,0,0,3,0,3,2,1,3,5,1,0,0,3,2,2,1,3,2,1,3,1,4,1,0,3,1,1
CJ1040340824,0,3,0,2,1,2,0,0,0,0,0,0,0,1,2,0,0,0,0,1,1,0,0,0,1,0,0,0,0,0,1,0,0,0,0,0,0,0,0,0,0,0,0,0,0,0,0,0,0,0,0,0,0,0,0,0
CJ1040340828,0,4,3,1,5,2,0,3,1,0,2,3,8,4,3,3,4,0,0,2,1,0,4,1,4,1,6,0,2,3,0,3,1,3,2,5,1,2,3,5,3,1,4,4,1,3,2,3,3,1,3,3,0,2,3,0
CJ1040340829,4,9,1,3,11,6,5,4,4,2,0,1,0,2,0,3,4,0,2,0,1,0,0,0,0,0,0,0,0,0,0,0,27,2,3,1,2,2,5,4,3,1,6,7,5,6,5,1,2,7,3,3,0,1,4,5
CJ1040340831,0,0,0,0,0,0,0,1,0,0,0,0,0,0,1,0,0,0,0,0,3,0,1,2,2,0,0,2,1,0,4,1,1,1,0,4,5,3,1,7,6,3,5,2,8,7,2,9,5,4,4,2,1,4,4,4
CJ1040340832,0,2,1,0,0,2,1,0,0,0,0,0,0,1,0,0,0,0,1,1,0,0,1,4,5,0,3,0,0,0,1,1,2,0,0,0,1,3,0,0,0,0,2,1,0,0,1,0,2,0,0,0,1,2,0,1
CJ1040340835,0,0,0,0,2,0,0,1,0,0,0,0,0,1,0,1,0,0,0,1,0,0,0,0,0,1,0,0,1,0,1,2,0,2,0,0,0,0,0,0,1,0,1,1,0,2,0,0,1,0,0,0,1,0,0,1
CJ1040340839,0,0,0,0,1,1,1,1,0,1,1,0,6,2,2,3,1,0,12,7,18,7,20,17,20,7,13,28,17,17,12,17,19,17,8,14,18,25,13,21,10,18,22,18,21,23,18,14,11,17,17,15,7,13,19,6
CJ1040340843,0,5,6,9,2,13,9,6,7,10,6,10,6,2,9,2,3,0,5,5,14,3,1,8,6,2,6,3,9,6,4,0,5,3,3,3,8,7,5,4,6,0,2,3,1,2,0,4,0,2,0,0,0,1,0,1
CJ1040340848,0,0,1,1,4,2,1,1,5,2,1,2,0,0,1,0,0,0,2,0,0,1,1,0,1,0,0,0,0,1,0,0,0,0,0,0,3,1,2,3,1,3,1,4,0,1,1,2,3,1,1,0,0,0,0,0
CJ1040340849,0,2,0,0,1,0,0,1,1,1,1,0,0,0,0,0,0,0,1,0,0,0,0,0,0,0,0,0,0,0,0,0,0,1,0,1,0,0,0,0,1,0,0,0,0,0,0,0,0,0,0,0,0,0,0,0
CJ1040340853,0,0,0,0,0,0,0,1,0,3,0,0,0,0,0,0,0,0,0,0,0,2,0,0,0,0,0,3,0,0,0,8,0,3,4,1,2,4,3,8,0,12,3,4,4,3,3,4,5,1,3,2,1,1,1,1
CJ1040340854,0,0,0,0,0,0,0,0,0,0,0,0,0,0,0,0,0,0,0,0,0,0,0,2,2,1,0,0,1,1,0,2,2,1,0,1,1,2,0,0,1,1,0,1,0,5,1,0,3,0,1,1,0,0,2,0
CJ1040340855,0,0,0,0,0,0,0,0,0,0,1,0,0,0,0,0,0,0,0,0,0,1,0,0,0,0,0,0,0,0,0,0,0,0,1,0,0,0,0,0,0,2,1,1,1,1,0,0,0,1,1,1,0,1,0,0
CJ1040340860,0,7,6,4,6,3,12,2,5,2,5,11,1,3,1,4,1,0,4,5,1,10,5,4,6,1,0,8,3,5,3,3,3,3,3,1,11,7,6,12,8,12,19,15,12,12,15,5,18,6,7,8,0,7,7,8
CJ1040340864,0,11,8,5,6,6,5,11,11,7,5,7,8,5,8,7,0,0,7,15,19,13,16,16,12,7,9,15,11,10,4,17,15,16,8,14,13,20,8,10,14,5,8,7,13,13,14,9,16,8,10,10,3,8,10,3
CJ1040340866,0,0,0,0,0,0,0,1,0,2,2,0,0,1,1,0,0,0,1,0,1,0,1,0,0,1,0,0,0,1,2,1,2,1,2,3,4,4,2,4,3,2,2,5,3,4,6,5,2,3,4,1,5,5,7,0
CJ1040340873,0,2,2,1,0,1,0,0,0,2,5,2,0,2,1,0,0,0,0,0,1,0,1,1,0,0,0,0,0,1,0,0,0,0,0,0,0,0,0,0,0,2,0,0,0,4,0,0,1,0,0,1,0,0,0,1
CJ1040340875,0,0,2,0,1,1,0,0,0,0,0,2,0,0,0,0,0,0,0,1,0,1,0,2,0,0,0,1,1,1,0,3,1,0,1,1,0,3,3,2,2,2,1,0,2,4,0,0,2,1,0,2,1,1,2,1
CJ1040340880,0,0,0,0,0,0,0,0,0,0,0,0,0,0,0,0,0,0,2,0,0,0,1,0,0,0,0,1,0,0,1,1,0,0,0,0,0,1,1,0,0,0,0,0,0,0,8,0,1,0,2,1,0,2,0,0
CJ1040340903,3,5,3,8,4,7,4,7,7,3,6,4,1,3,1,5,1,0,0,0,0,5,0,0,0,0,20,0,10,5,12,28,6,9,12,8,8,18,7,20,23,9,14,18,8,25,10,13,14,5,5,9,6,6,2,3
CJ1040340911,0,5,5,5,7,0,5,3,3,3,2,5,3,5,2,4,3,0,3,4,4,4,1,4,6,0,4,1,0,0,3,2,4,1,2,7,4,3,1,4,1,3,2,4,2,1,6,2,6,0,0,3,0,3,1,1
CJ1040340923,0,0,0,0,0,0,0,0,0,0,0,0,1,1,0,2,0,0,0,0,0,1,0,1,0,0,0,0,1,2,0,0,0,3,0,0,0,1,0,0,0,0,0,0,0,1,0,0,1,0,0,2,1,1,1,0
CJ1040340925,2,19,22,23,6,25,24,21,19,17,31,20,2,7,17,11,0,0,0,0,0,0,0,0,0,0,0,0,0,0,0,0,0,0,0,0,0,0,0,0,0,0,0,0,0,0,0,0,0,0,0,0,0,0,0,0
CJ1040340953,0,1,1,1,1,0,1,1,1,2,1,1,0,0,1,1,0,0,0,1,1,0,1,1,2,0,2,1,1,1,0,3,2,0,4,0,0,4,2,1,0,1,0,5,0,3,0,2,2,1,1,7,0,3,2,1
CJ1040340969,0,0,1,3,2,2,1,1,1,2,1,1,0,0,4,0,3,0,0,3,0,0,1,1,0,1,0,2,0,2,0,1,1,0,0,2,0,2,1,0,1,0,0,0,0,0,0,1,0,0,0,0,0,0,0,1
CJ1040340971,0,0,0,0,0,0,0,0,0,0,0,3,2,3,0,0,0,0,0,1,0,0,0,1,0,0,1,1,1,0,0,1,2,0,0,1,1,0,1,0,0,0,0,1,0,0,0,1,0,0,0,0,0,0,0,0
CJ1040340972,0,19,18,10,10,24,21,26,13,30,32,15,8,6,21,15,7,0,8,39,15,29,7,17,22,10,15,5,23,16,2,15,18,13,8,8,39,29,8,14,8,20,15,12,8,9,7,12,8,3,5,4,3,1,6,0
CJ1040340973,0,0,1,0,0,0,3,20,3,0,2,4,5,4,0,5,4,0,0,0,2,5,1,0,0,6,4,1,3,1,1,3,0,3,0,1,4,9,7,5,0,3,12,9,2,6,4,1,6,3,5,3,0,4,3,9
CJ1040340975,0,2,2,4,1,6,2,4,4,6,5,4,1,2,5,5,3,0,9,1,3,0,0,0,0,0,1,0,0,0,0,5,0,0,0,0,0,0,0,0,0,0,0,1,1,0,0,0,0,0,0,0,0,0,1,0
CJ1040340979,0,2,1,0,1,2,1,0,1,1,0,0,0,0,2,1,1,0,0,4,7,3,3,2,3,1,3,1,2,2,4,1,1,0,0,1,3,0,8,6,14,1,7,4,3,6,7,5,2,5,4,1,2,1,5,6
CJ1040340981,0,0,2,1,1,1,0,4,2,0,0,0,0,0,0,0,0,1,1,0,7,2,0,0,1,1,1,0,0,0,3,0,3,0,2,1,0,1,2,3,1,1,0,2,5,4,0,0,3,3,2,2,0,2,2,2
CJ1040340983,0,2,0,0,0,0,1,0,0,1,1,1,0,0,0,1,1,0,1,0,6,2,3,1,1,0,1,1,2,1,2,3,4,0,3,4,2,4,2,3,0,1,4,4,2,1,1,0,4,0,1,3,0,1,5,0
CJ1040340986,0,3,2,3,1,0,1,3,2,1,4,2,4,1,0,0,7,0,1,4,1,4,4,4,2,4,4,1,4,3,3,7,3,6,2,5,2,2,7,5,2,5,2,6,3,3,3,2,4,9,3,1,3,2,6,7
CJ1040340989,0,0,0,0,0,0,0,0,0,0,2,0,0,0,0,1,2,0,0,1,2,2,1,0,2,1,0,0,0,1,0,0,0,1,2,0,2,2,2,2,1,1,0,1,4,0,1,1,0,0,0,0,0,1,0,0
CJ1040341000,0,0,7,1,2,1,3,0,10,0,0,0,15,5,6,1,4,0,7,0,1,3,20,28,0,0,0,0,40,100,0,87,47,48,36,22,0,0,300,320,280,2,18,80,290,12,93,24,40,0,0,20,20,0,9,1
CJ1040341007,1,3,0,0,0,0,2,0,23,1,6,3,0,1,1,0,1,0,0,3,0,3,0,1,0,0,3,2,1,1,0,3,0,1,0,1,0,3,3,5,2,0,7,3,2,2,2,0,5,1,2,1,4,2,2,2
CJ1040341013,0,0,0,0,0,0,2,1,0,2,0,3,0,3,0,5,2,0,2,5,4,2,2,2,0,0,1,4,1,0,1,3,2,4,1,6,5,3,6,4,6,1,7,3,12,7,6,5,6,10,5,13,5,6,15,2
CJ1040341017,2,1,0,0,0,0,2,0,1,4,0,1,0,0,1,0,0,0,3,0,5,0,3,0,0,0,0,1,1,0,0,0,0,1,1,0,2,0,2,0,0,2,0,0,0,2,0,2,1,1,0,1,0,0,0,0
CJ1040341018,1,4,2,1,2,0,1,5,0,5,3,6,1,2,2,0,2,0,4,5,3,8,3,7,1,3,8,1,3,3,1,5,0,2,9,3,3,2,7,0,0,1,4,5,3,5,6,5,2,5,4,4,0,4,8,4
CJ1040341026,0,1,0,0,0,2,0,0,0,1,1,1,0,1,0,2,1,0,0,2,2,0,0,0,1,0,1,0,0,0,0,1,1,2,0,7,1,2,0,0,1,2,1,1,2,3,2,0,2,0,2,0,0,0,2,1
CJ1040341027,0,0,1,0,2,0,1,0,1,0,0,2,1,0,0,0,0,0,1,0,1,0,1,0,0,0,0,0,0,1,0,0,0,0,0,0,0,0,0,0,1,0,0,0,0,0,0,0,0,0,0,0,0,0,0,0
CJ1040341028,0,2,5,4,4,4,9,6,8,6,9,7,4,1,9,3,7,0,0,2,8,7,8,4,8,5,4,6,7,5,9,1,7,10,4,19,8,5,1,14,3,8,44,15,13,6,6,8,12,11,23,1,10,10,10,22
CJ1040341029,1,1,3,3,2,0,0,2,1,1,0,2,1,1,2,0,1,0,0,4,2,0,3,2,0,0,1,0,1,0,2,0,3,2,3,1,0,3,1,3,1,1,0,3,1,0,0,1,0,0,1,0,3,1,1,2
CJ1040341031,0,2,0,2,0,0,0,0,1,0,0,0,0,3,4,1,0,0,0,1,1,0,1,0,1,0,0,0,0,1,0,0,0,0,0,1,0,0,0,0,1,1,0,0,0,0,0,1,0,0,0,0,0,0,0,0
CJ1040341035,0,0,5,2,4,0,3,0,6,0,5,4,1,0,8,2,0,0,0,1,2,1,2,3,4,7,0,7,6,0,3,1,3,1,3,2,2,5,4,10,5,2,10,3,5,2,6,1,8,1,2,3,3,5,7,5
CJ1040341036,0,1,0,0,0,0,0,0,2,0,0,0,0,1,0,0,0,0,0,1,1,1,0,0,0,0,1,1,0,1,0,2,0,1,0,1,0,0,0,1,1,0,0,2,4,3,1,1,3,1,1,2,1,1,0,2
CJ1040341037,0,2,0,3,1,0,3,1,0,0,1,0,4,0,0,3,1,0,1,2,9,3,5,3,9,0,2,3,6,3,3,1,1,0,2,0,5,4,0,0,3,0,0,4,2,0,2,1,1,3,1,0,1,0,2,1
CJ1040341038,0,2,1,0,5,1,2,7,0,5,7,4,6,2,8,6,0,0,5,9,5,5,2,6,8,6,5,0,8,7,6,7,10,11,8,12,14,2,5,5,11,2,7,7,4,14,7,4,8,6,2,7,0,13,1,4
CJ1040341039,0,0,0,1,1,0,0,1,0,1,0,1,0,2,2,1,2,0,0,2,0,3,3,2,3,0,4,0,1,0,2,0,3,1,7,1,3,2,4,4,4,5,9,3,3,5,3,3,5,0,4,5,1,3,6,5
CJ1040341041,0,0,0,0,0,0,0,0,0,0,0,0,0,0,0,0,0,0,0,0,0,0,0,0,0,0,0,0,0,0,1,0,0,1,1,0,2,2,1,2,2,0,3,1,0,1,1,0,1,0,1,1,0,1,1,0
CJ1040341042,2,1,1,0,0,0,2,0,0,0,0,1,0,0,0,0,0,0,0,1,0,0,0,1,0,0,0,0,0,0,0,1,0,1,0,0,0,0,0,0,0,0,0,0,0,0,0,2,0,0,1,0,0,0,1,1
CJ1040341043,0,0,0,0,0,2,7,2,1,1,2,4,0,0,2,1,0,0,3,0,0,0,0,0,0,0,0,0,0,0,0,0,0,0,0,0,0,0,0,0,0,0,0,0,0,0,0,0,0,0,0,0,0,0,0,0
CJ1040341047,1,0,1,4,0,1,3,4,0,1,1,1,0,3,1,2,0,0,0,1,2,1,4,2,4,2,0,0,0,2,0,2,3,0,3,2,3,3,1,3,2,3,0,3,3,2,3,2,3,0,0,1,1,1,0,5
CJ1040341048,0,0,0,0,0,0,0,0,0,0,2,0,0,0,0,0,0,0,0,0,0,1,0,0,0,0,0,1,0,1,0,0,0,1,0,0,0,1,0,0,0,1,0,0,1,0,1,0,0,0,2,0,0,0,0,0
CJ1040341052,0,1,0,0,0,0,0,1,0,0,0,1,0,0,2,0,0,0,0,7,3,2,2,3,1,0,0,3,2,3,0,2,0,2,0,3,1,0,1,1,1,1,0,0,1,1,1,0,1,0,1,1,0,0,2,0
CJ1040341053,0,4,5,0,0,0,8,1,1,0,3,0,0,0,0,13,1,0,1,2,4,6,2,2,5,0,3,1,3,4,3,5,1,3,2,0,2,2,2,3,4,3,4,7,3,2,3,3,3,2,4,0,4,2,2,6
CJ1040341061,0,0,0,0,0,0,0,0,0,0,0,0,0,0,0,0,0,0,0,0,0,0,0,0,0,0,0,1,2,2,0,0,1,0,0,0,1,0,1,1,0,0,0,0,0,0,0,1,1,0,2,1,0,2,4,0
CJ1040341065,0,2,2,0,0,0,0,1,0,0,1,0,0,1,0,0,0,0,0,0,0,0,3,1,0,0,0,0,0,0,1,1,0,1,0,0,2,1,4,0,0,0,0,0,2,1,0,0,0,0,0,0,1,2,1,3
CJ1040341072,0,0,0,0,0,0,1,0,2,0,1,0,0,0,0,1,0,0,0,1,0,1,0,0,0,0,0,0,0,0,0,0,1,0,0,0,0,0,0,0,0,0,0,0,0,0,0,1,0,2,0,0,1,0,4,0
CJ1040341081,0,1,0,0,0,2,0,0,1,1,1,2,0,0,1,0,1,0,0,0,2,0,1,5,1,0,0,1,0,1,0,0,0,0,1,1,1,3,0,0,1,1,1,0,0,1,0,1,1,1,0,2,0,1,0,0
CJ1040341083,1,3,2,0,2,0,1,1,4,0,0,1,0,1,4,2,1,0,0,6,6,1,3,4,3,1,2,6,2,5,3,2,4,0,1,3,9,4,4,8,2,2,8,1,6,5,6,3,2,0,4,2,1,4,3,0
CJ1040341091,0,0,0,0,0,0,0,0,0,0,1,0,1,1,0,0,0,0,0,0,1,1,0,0,0,0,0,0,0,1,0,0,0,0,1,0,0,0,1,0,1,0,0,0,0,0,0,0,0,0,1,1,0,0,0,0
CJ1040341093,0,0,1,0,0,1,0,0,0,1,0,0,0,1,0,0,0,0,0,0,2,2,0,0,0,0,1,0,1,0,0,0,0,0,1,1,0,3,0,2,1,1,1,0,2,1,2,0,1,0,1,1,0,0,0,1
CJ1040341097,0,2,5,3,10,2,3,8,4,9,5,6,3,6,4,4,5,0,6,9,8,4,9,4,9,7,4,6,2,8,9,1,3,7,5,10,3,10,15,8,11,8,7,11,8,10,9,9,11,4,11,2,1,8,4,3
CJ1040341100,0,0,0,0,0,1,0,0,0,0,0,0,0,0,0,1,0,0,0,0,0,0,1,0,0,1,0,0,0,0,0,0,0,0,0,0,0,0,8,1,5,2,6,0,2,1,3,1,5,3,1,4,0,3,1,0
CJ1040341106,0,0,0,1,0,0,0,0,0,0,0,0,0,0,0,0,0,0,0,0,0,0,0,0,0,1,0,4,1,0,0,0,2,0,0,0,0,0,1,0,0,0,0,1,0,1,0,1,0,0,0,1,0,0,0,0
CJ1040341111,0,4,4,5,0,3,7,4,10,4,1,8,5,5,10,1,7,0,3,9,12,12,8,6,4,6,3,4,9,6,6,3,6,6,7,5,5,0,12,0,17,10,14,4,3,5,7,2,13,1,2,2,0,4,3,2
CJ1040341112,0,7,3,5,5,7,3,2,0,17,6,3,3,7,1,1,3,2,0,4,2,3,0,3,2,1,6,5,0,4,0,3,0,5,0,0,16,2,5,1,2,0,1,3,2,2,4,0,3,0,0,0,1,1,1,0
CJ1040341120,0,0,0,0,1,0,0,0,0,0,0,0,0,0,0,0,0,0,0,0,0,0,0,1,0,0,0,0,0,1,0,0,0,0,1,1,1,0,0,0,0,0,0,0,1,2,2,0,1,1,0,0,1,0,0,0
CJ1040341122,0,4,11,8,4,11,13,4,20,8,12,13,5,6,10,6,4,0,5,19,1,9,6,16,9,5,10,19,8,12,6,16,12,0,18,5,17,6,17,23,11,9,13,18,20,17,17,18,13,11,9,7,3,15,5,3
CJ1040341126,0,1,1,1,1,1,1,1,1,3,1,1,1,1,0,0,1,0,0,0,0,1,0,1,0,0,0,2,0,1,0,0,1,1,0,0,0,0,1,0,0,0,0,0,0,0,0,1,2,0,0,0,0,0,1,1
CJ1040341127,1,0,0,0,0,0,0,3,0,1,1,4,0,0,2,0,0,0,1,0,1,0,0,0,0,0,0,0,0,0,0,0,0,0,1,0,0,0,2,0,0,0,0,1,1,0,0,0,0,0,0,0,0,0,1,0
CJ1040341128,0,0,2,1,0,4,0,0,2,0,1,1,0,0,0,0,0,0,0,0,0,0,0,0,0,0,0,0,0,1,0,0,2,1,0,0,1,1,0,0,2,0,0,1,1,0,2,0,1,1,0,0,0,1,0,1
CJ1040341129,0,0,0,0,5,5,0,3,0,2,1,3,0,0,1,0,0,0,0,0,4,1,0,0,0,0,1,2,0,0,1,1,3,0,2,0,8,1,6,0,0,0,0,0,0,0,0,0,0,0,0,0,0,0,0,0
CJ1040341130,0,0,0,0,0,0,0,0,0,0,0,0,0,0,0,0,0,0,0,0,2,0,0,0,3,0,2,1,0,2,0,0,3,1,0,0,1,0,0,0,0,0,0,0,0,0,0,2,0,0,0,1,0,1,1,0
CJ1040341137,0,0,0,0,0,0,0,0,1,0,0,0,0,0,0,1,0,0,0,0,1,1,0,1,2,0,2,0,1,3,0,2,1,0,0,2,1,0,0,1,2,0,2,0,0,3,0,1,0,0,3,0,1,1,0,1
CJ1040341144,0,4,0,3,1,0,1,0,1,0,1,0,1,0,0,1,0,0,1,0,1,0,0,0,1,0,0,1,0,0,0,0,0,1,0,0,0,2,0,0,0,2,0,0,0,0,1,2,0,1,1,0,0,1,0,0
CJ1040341145,0,0,2,2,2,2,2,2,2,1,0,1,1,0,0,0,0,0,0,1,1,0,0,0,0,0,0,0,0,0,0,0,0,0,0,0,0,0,0,0,0,0,0,0,0,0,0,0,0,0,0,0,0,0,0,0
CJ1040341149,0,1,0,0,0,0,0,0,0,1,0,0,1,0,0,0,0,0,0,0,0,0,0,1,0,1,0,2,2,3,0,1,3,0,0,1,0,3,1,0,2,0,0,4,5,2,3,1,1,1,2,2,0,2,2,1
CJ1040341171,0,1,2,0,1,2,1,2,0,2,3,1,0,1,2,2,2,0,2,0,1,2,4,2,4,0,0,1,1,4,1,4,3,3,1,4,2,3,1,0,4,1,4,7,2,6,5,0,7,8,5,3,4,5,4,3
CJ1040341181,0,0,0,0,0,3,0,1,2,0,1,0,1,0,1,0,0,0,3,1,1,0,3,2,3,0,1,1,0,0,1,0,0,1,2,0,2,2,0,0,1,2,1,2,2,3,0,1,0,0,1,2,0,1,0,0
CJ1040341183,0,0,1,0,3,1,2,0,0,1,0,1,1,0,1,1,1,0,0,0,1,1,1,4,1,0,3,2,1,3,1,2,1,0,0,0,0,3,2,0,3,0,2,0,0,0,0,2,0,1,2,1,0,2,5,2
CJ1040341185,0,0,0,0,0,0,1,3,0,0,1,2,0,1,0,0,0,0,0,1,0,1,0,3,0,1,0,2,3,0,0,1,0,2,0,1,0,0,0,0,0,1,1,0,0,0,0,0,0,0,0,0,0,0,1,1
CJ1040341192,0,0,0,0,0,0,0,0,0,0,0,0,0,1,0,0,0,0,0,0,5,2,0,2,1,0,1,1,0,0,2,0,4,1,2,1,2,0,4,1,2,1,0,1,0,2,5,0,1,2,2,0,1,1,2,1
CJ1040341197,0,0,0,0,0,0,0,0,0,0,0,0,0,0,1,0,1,0,0,0,0,0,0,0,0,0,0,0,1,2,0,2,0,2,0,0,1,0,0,0,6,0,3,1,0,1,2,0,4,1,1,1,0,1,0,2
CJ1040341198,0,0,0,1,1,1,0,0,0,0,0,1,0,1,0,1,0,0,1,1,0,1,1,0,0,0,0,1,0,0,0,1,0,1,0,1,0,0,0,0,2,0,0,0,0,2,3,3,0,3,3,4,0,1,1,0
CJ1040341204,0,14,13,17,10,10,9,16,10,9,11,7,2,3,12,4,8,0,0,0,0,0,0,0,0,0,0,0,0,0,0,0,0,0,0,0,0,0,0,0,0,0,0,0,0,0,0,0,0,0,0,0,0,0,0,0
CJ1040341208,0,0,0,0,0,0,6,2,0,2,0,0,1,0,0,1,1,0,1,1,0,0,2,0,0,0,0,5,0,0,0,0,0,0,0,2,2,0,0,0,0,0,1,4,4,0,0,0,1,2,2,3,0,0,3,2
CJ1040341215,0,0,0,0,0,0,0,0,0,0,0,0,0,0,0,0,0,0,0,0,0,0,0,0,0,0,0,0,0,0,0,0,0,1,1,0,3,0,4,1,0,0,2,4,9,5,2,0,3,2,3,0,0,0,0,1
CJ1040341218,0,0,0,0,0,0,0,0,1,0,0,1,0,0,0,0,0,0,0,0,0,0,1,2,6,0,0,0,2,0,2,2,3,3,0,1,1,0,2,2,2,1,0,4,4,0,0,0,0,1,0,1,2,0,1,0
CJ1040341223,0,2,0,0,0,0,0,0,1,1,0,0,0,0,0,0,0,0,0,0,0,0,1,0,0,0,0,0,0,0,0,0,0,0,1,0,0,0,0,1,0,1,0,1,1,0,0,0,0,4,0,3,0,0,1,0
CJ1040341230,0,0,1,0,0,0,0,0,0,0,0,0,0,1,0,0,1,0,0,0,0,0,0,0,0,2,1,0,1,1,2,3,0,0,1,0,1,2,0,0,0,3,4,3,1,0,1,4,2,1,1,2,0,2,2,1
CJ1040341234,0,0,0,0,0,0,0,1,0,0,0,0,0,0,0,0,0,0,0,0,0,0,2,0,0,0,2,0,1,0,1,0,0,3,0,0,1,0,0,1,2,3,2,2,3,5,2,0,1,1,1,1,0,1,0,0
CJ1040341243,0,0,0,0,0,0,1,4,0,0,1,0,0,5,0,2,0,1,0,0,0,2,0,0,10,2,6,2,1,1,1,2,0,0,0,1,0,0,1,1,0,0,0,1,2,1,0,0,0,0,0,0,0,0,0,0
CJ1040341246,0,0,1,0,0,0,0,0,0,0,1,0,0,0,3,0,0,0,0,2,0,0,0,1,0,0,0,0,0,1,0,0,0,0,0,0,0,0,0,0,0,4,0,2,1,1,1,0,2,1,0,0,1,0,0,0
CJ1040341247,0,0,0,0,1,1,0,0,0,0,0,0,0,0,0,0,0,0,0,1,0,0,0,0,0,0,0,0,0,0,0,0,1,0,0,1,0,0,0,3,2,0,0,0,1,0,0,0,0,0,1,1,0,0,0,0
CJ1040341251,5,6,11,0,2,1,2,2,2,16,23,0,0,1,2,3,1,2,0,0,3,5,0,1,1,4,4,3,3,3,1,0,0,0,5,1,5,1,0,1,1,3,1,0,1,0,3,2,2,0,1,2,0,1,3,0
CJ1040341254,0,0,0,0,0,0,0,0,0,0,0,0,0,0,0,0,0,0,0,1,0,0,2,1,0,1,0,0,0,0,0,2,0,0,0,0,2,1,0,0,0,0,0,0,2,1,0,0,1,0,0,0,1,1,0,0
CJ1040341258,0,0,0,0,0,0,0,0,0,0,1,0,0,0,0,2,0,0,1,1,1,0,0,0,2,1,1,3,1,2,0,1,0,0,0,4,1,2,2,3,5,6,3,1,3,5,3,1,4,2,5,1,2,3,2,2
CJ1040341262,0,0,0,0,0,0,0,0,0,0,0,0,8,0,2,0,12,0,9,24,15,8,5,15,8,9,10,7,10,9,7,13,9,13,5,3,19,16,13,7,7,5,16,16,3,10,3,8,3,2,7,4,5,4,4,2
CJ1040341263,0,0,0,0,0,0,1,0,0,0,0,0,0,0,0,0,0,0,1,0,2,0,0,4,2,1,2,1,3,3,1,4,1,1,2,3,0,2,4,2,7,7,6,3,10,8,4,8,7,6,5,4,1,5,4,0
CJ1040341270,0,0,0,0,1,0,0,0,0,0,0,1,1,0,0,0,0,0,0,0,1,0,1,0,0,5,0,0,0,2,0,2,0,3,2,0,1,2,1,5,1,0,3,1,1,4,3,5,4,0,3,1,0,3,2,2
CJ1040341287,0,0,0,0,0,0,0,0,0,0,0,0,0,0,0,0,0,0,0,0,0,0,0,0,0,0,0,0,0,0,0,0,0,0,2,0,1,0,0,0,2,3,0,2,0,0,1,0,0,0,1,2,0,1,0,1
CJ1040341291,0,2,3,2,1,2,1,1,1,0,0,2,0,1,1,7,5,0,7,9,10,6,9,0,5,4,1,4,10,0,1,6,6,6,7,3,6,7,5,8,4,4,9,9,7,5,9,8,10,2,7,2,4,3,8,6
CJ1040341292,0,0,0,0,0,0,0,0,0,0,0,0,0,0,0,0,0,0,0,0,0,0,0,0,1,0,2,0,0,0,0,0,0,0,1,0,0,2,0,0,0,1,1,0,0,0,1,1,1,0,0,1,0,0,0,0
CJ1040341295,0,0,0,0,0,0,0,0,1,0,1,0,1,0,0,0,0,0,0,1,1,0,0,0,0,0,0,0,0,0,1,0,0,1,1,0,1,1,0,0,1,0,0,0,0,2,0,0,0,0,0,0,0,0,0,0
CJ1040341299,0,0,0,0,0,7,3,0,0,3,1,1,0,0,0,0,0,0,0,0,10,1,2,7,6,0,2,4,5,2,7,2,1,2,2,3,7,4,3,2,9,8,4,5,13,7,5,3,10,5,4,6,5,5,12,7
CJ1040341307,0,0,0,0,0,0,0,0,0,0,0,0,0,0,0,0,0,0,0,0,0,0,0,0,0,0,0,0,0,2,0,0,0,0,1,1,1,3,0,4,3,0,2,3,0,3,1,5,3,7,0,2,1,0,1,1
CJ1040341325,0,0,0,0,0,0,0,0,0,0,0,0,0,0,0,0,0,0,0,0,0,0,0,0,0,0,1,0,2,0,0,0,0,0,0,0,2,2,4,2,1,1,3,2,0,2,5,0,1,5,5,2,0,2,3,1
CJ1040341332,0,0,0,0,0,0,0,0,0,0,0,0,0,0,0,0,0,0,0,0,0,0,0,0,0,0,0,0,1,0,0,0,0,0,0,1,0,0,1,0,0,0,1,2,0,1,0,2,0,0,2,0,2,0,1,1
CJ1040341380,0,0,0,0,0,0,0,0,0,0,0,0,0,0,0,0,0,0,0,0,0,0,0,0,0,0,0,0,0,0,0,0,2,0,1,0,0,0,0,0,0,0,0,0,6,1,0,0,1,2,1,2,1,0,4,0
CJ1040341397,0,6,0,1,4,2,1,2,3,2,4,4,3,1,6,3,4,0,4,0,8,0,3,4,2,1,2,3,2,0,3,2,4,1,0,5,0,1,3,6,2,3,6,3,0,3,3,1,1,4,1,5,0,0,7,2
CJ1040341398,0,0,0,0,0,0,0,0,0,0,0,0,0,0,0,0,0,0,0,0,10,5,2,3,1,3,1,2,3,2,2,4,0,8,6,4,6,0,2,3,2,5,4,3,1,2,4,1,2,3,1,2,0,2,5,2
CJ1040341399,0,0,0,0,0,0,0,0,0,0,0,0,0,0,0,0,0,0,0,0,7,4,4,3,1,0,2,0,4,1,2,1,2,0,0,1,2,0,0,1,0,0,0,0,1,0,1,0,0,0,0,0,0,0,0,1
CJ1040341404,0,0,0,0,1,1,0,0,0,0,1,1,0,0,1,1,1,0,0,3,2,2,2,4,2,0,1,0,3,0,1,3,1,4,2,2,3,0,3,3,5,4,3,5,7,10,6,0,8,5,8,7,4,8,7,5
CJ1040341459,0,2,3,2,2,7,1,6,1,5,1,10,1,3,2,4,18,0,10,7,10,28,27,19,16,2,6,15,9,10,8,12,4,6,15,22,2,27,14,10,16,4,9,18,17,18,23,13,16,14,8,3,12,10,11,10
CJ1040341460,0,0,0,0,0,0,5,0,0,2,0,0,1,1,1,0,0,0,1,2,0,0,0,2,2,2,1,0,1,3,0,5,0,0,0,7,0,6,1,0,3,3,2,0,0,0,0,5,12,3,9,1,3,1,4,1
CJ1040341526,0,2,0,0,0,1,0,1,2,2,1,1,1,2,1,2,3,0,3,10,12,1,4,8,7,1,6,3,6,2,2,5,7,0,4,6,5,4,4,8,5,3,12,11,7,10,11,4,4,6,4,5,2,5,6,0
CJ1040341536,0,1,0,0,0,0,0,0,0,0,0,0,2,0,0,1,0,0,1,0,0,0,0,0,0,0,0,0,0,0,0,0,1,0,0,0,0,0,0,1,0,0,0,0,1,1,0,1,0,0,0,0,0,3,0,0
CJ1040341538,2,3,6,7,5,0,4,9,4,8,8,4,5,6,10,4,2,0,6,14,9,6,5,13,8,5,4,12,5,18,7,9,14,17,10,0,28,16,22,9,9,5,13,20,5,9,18,16,17,15,8,9,0,20,15,9
CJ1040341628,0,0,0,0,0,0,0,0,0,0,0,0,0,0,0,0,0,0,0,0,0,0,0,0,0,0,0,0,0,0,0,0,0,0,0,4,1,3,6,5,2,4,3,3,2,7,1,4,7,3,4,4,1,4,6,0
CJ1040760105,0,50,50,0,50,50,0,0,50,0,50,0,50,0,0,0,50,0,50,0,0,0,50,0,0,0,50,50,0,50,0,0,50,0,0,0,0,50,0,50,0,0,50,0,0,50,0,50,0,50,0,0,0,11,20,15
CJ1040760108,0,0,0,0,0,0,0,0,0,0,10,0,12,0,0,18,0,0,0,0,0,0,0,0,30,20,20,20,5,0,0,0,30,0,0,0,0,0,0,0,20,20,0,0,10,10,20,0,0,6,15,0,0,0,0,0
CJ1040760154,0,0,0,0,0,0,0,0,1,0,2,1,0,0,0,0,0,0,0,0,0,0,0,0,0,0,0,0,0,0,0,0,2,2,0,0,0,0,0,0,0,0,0,2,0,2,0,0,0,0,0,0,1,2,2,0
CJ1040760172,0,2,6,0,29,0,0,0,0,50,0,0,0,0,0,0,50,0,0,0,0,0,0,50,0,0,30,0,20,50,0,0,0,0,50,0,50,0,0,0,50,72,0,28,0,50,0,50,56,0,0,20,20,20,10,55
CJ1111051073,0,0,0,0,0,0,0,0,0,0,0,0,0,0,0,0,0,0,0,0,0,0,0,100,0,0,0,0,0,0,0,0,0,200,50,50,50,50,0,50,50,50,0,32,0,0,0,50,150,0,0,0,0,0,50,0
CJ1111051075,0,0,0,0,0,0,0,0,0,0,0,0,0,0,0,0,0,0,0,0,0,100,0,0,0,0,0,0,0,0,0,0,150,90,0,50,0,50,0,50,50,60,0,30,0,50,0,0,100,0,0,0,0,0,20,0
CJ1111051123,0,0,0,0,0,0,0,0,0,0,0,0,0,0,0,0,0,0,0,0,0,0,0,0,0,10,0,0,20,20,0,0,0,0,0,0,0,0,0,30,30,0,2,0,0,50,0,0,20,0,18,0,0,0,0,20
CJ1111051141,0,0,0,0,0,0,0,0,0,0,0,0,0,0,0,0,0,0,0,0,0,0,0,0,0,0,0,0,0,0,3,10,20,70,26,30,180,0,461,0,0,0,0,1,0,60,40,20,20,40,55,50,0,70,20,0
CJ1111051217,0,0,0,0,0,0,0,0,0,0,0,0,0,0,0,0,0,0,0,0,0,0,0,0,0,0,2,3,0,0,15,4,0,60,0,0,0,0,10,0,0,1,1,0,0,10,0,16,0,0,8,0,0,0,0,0
CJ1111051221,0,0,0,0,0,0,0,0,0,0,0,0,0,0,0,0,0,0,0,0,0,0,0,0,0,0,0,0,0,0,0,38,0,30,30,30,30,20,60,0,60,30,30,60,40,92,0,0,0,0,0,0,10,0,0,0
CJ1111051228,0,0,0,0,0,0,0,0,0,0,0,0,0,0,0,0,0,0,0,0,0,0,0,0,0,0,35,20,95,0,0,0,0,0,0,0,50,30,30,50,50,0,50,40,40,0,60,0,50,50,31,0,0,0,0,0
CJ1111100030,0,0,0,52,0,0,0,0,0,0,0,0,0,0,0,0,0,0,0,0,0,0,0,0,0,30,0,0,0,0,0,0,20,0,5,10,0,20,0,0,0,0,10,15,0,0,0,0,3,0,10,0,0,0,0,0
CJ1111220109,0,0,0,0,0,0,0,0,0,0,0,0,0,0,0,0,0,0,0,0,0,0,0,0,0,0,0,0,0,0,0,0,0,88,20,0,30,0,70,140,50,7,0,0,30,50,0,30,40,30,0,20,0,0,30,0
CJ1111220110,0,0,0,0,0,0,0,0,0,0,0,0,0,0,0,0,0,0,0,0,12,0,1,0,0,0,0,0,0,0,1,0,36,0,4,0,0,20,50,21,50,5,0,0,0,0,0,20,0,20,0,10,0,0,0,0
CJ1212030698,0,20,60,0,50,20,0,55,45,30,120,0,0,0,0,0,0,0,20,50,0,0,5,0,30,20,0,20,0,20,10,0,50,30,30,0,0,0,0,0,0,0,20,55,0,0,0,50,0,0,0,40,0,0,0,0
CJ1212030818,0,50,0,0,0,0,0,20,0,0,29,20,0,0,0,30,0,0,0,40,0,0,20,0,0,40,0,0,0,0,0,0,40,0,0,0,0,0,0,0,0,0,30,0,0,0,30,0,0,40,0,0,0,0,40,0
CJ1212031226,0,20,0,0,0,0,0,0,0,0,0,0,0,0,0,0,10,0,0,0,10,0,0,5,5,0,0,25,0,0,0,25,0,0,0,0,0,0,0,0,0,0,0,15,0,0,0,0,0,0,0,0,0,10,0,10
CJ1212031361,0,10,0,0,0,10,0,40,10,0,0,0,0,0,0,0,0,0,25,0,5,0,5,0,20,35,0,5,0,0,0,0,0,30,0,5,10,0,0,0,0,0,0,0,20,0,0,0,0,0,0,15,0,0,0,0
CJ1212031372,0,0,0,0,2,0,0,0,0,10,5,0,10,3,0,0,0,0,23,35,14,0,13,0,0,16,0,10,0,0,5,2,0,7,10,3,11,7,5,0,0,0,0,0,1,0,3,10,5,0,0,0,0,10,0,21
CJ1212031378,0,5,0,0,0,0,5,0,0,5,10,0,0,0,0,15,0,0,0,0,10,20,0,50,20,0,0,10,0,0,0,0,0,0,10,10,0,10,35,2,15,0,25,33,0,0,0,10,40,0,10,0,0,0,0,0
CJ1212031399,0,0,30,0,20,0,30,0,0,0,0,0,0,20,20,30,0,0,0,0,30,0,0,5,0,30,0,20,0,0,30,0,0,0,0,0,40,0,20,0,0,65,0,0,30,0,60,0,0,30,0,2,30,10,30,0
CJ1212031529,0,20,0,0,20,0,50,20,0,5,0,45,0,0,0,20,20,10,0,0,0,0,0,0,10,0,0,0,0,0,0,10,0,0,30,0,0,0,0,0,0,10,0,0,0,0,0,0,0,0,0,0,0,0,0,5
CJ1212031552,0,0,0,4,0,0,0,30,0,0,30,0,0,0,20,0,0,10,15,0,0,10,10,0,0,10,0,0,0,10,0,13,20,0,0,0,0,0,0,0,0,10,0,5,0,2,10,0,20,0,0,10,0,0,0,0
CJ1212031895,0,20,0,10,40,0,0,0,0,0,0,0,0,0,0,0,0,0,0,0,0,0,5,45,0,0,0,10,0,0,0,10,0,0,0,0,0,10,0,0,0,0,0,0,20,0,0,0,0,30,20,40,0,5,0,0
CJ1212031913,0,30,5,20,60,5,10,50,25,50,25,35,35,0,20,0,0,0,0,30,0,0,40,0,0,10,0,20,20,0,0,10,0,5,20,0,10,0,0,0,0,0,10,0,0,0,5,20,50,0,0,0,0,10,0,0
CJ1212031940,0,57,0,5,10,35,5,0,10,30,0,0,0,25,0,0,0,0,0,20,0,0,0,0,0,0,0,10,0,0,0,0,0,0,10,0,0,0,0,0,0,0,0,0,0,0,0,5,12,0,0,0,0,0,0,0
CJ1212031949,0,30,0,0,0,10,0,0,0,8,0,0,0,0,0,15,0,0,0,0,0,0,15,0,0,0,0,0,0,0,12,0,0,1,0,20,0,10,6,0,0,0,20,0,0,10,0,0,20,0,0,0,0,0,13,0
CJ1212031968,0,0,0,0,0,0,0,20,0,0,0,0,0,10,0,0,0,0,0,0,20,2,0,0,0,0,0,5,0,0,0,0,0,0,0,0,0,20,0,5,20,20,12,0,0,0,20,0,0,0,0,0,0,0,5,0
CJ1212031981,0,0,5,0,20,0,0,0,0,0,0,0,0,0,0,0,0,0,0,10,0,20,5,0,0,0,0,0,0,0,0,20,14,0,0,0,0,0,20,1,0,20,10,0,30,0,20,0,0,0,0,0,0,0,0,0
CJ1212031988,0,0,0,0,0,0,0,0,9,15,25,2,0,0,28,0,0,0,0,0,0,0,0,0,0,0,0,0,3,0,20,0,10,0,17,0,0,0,10,0,0,10,0,5,0,0,6,0,2,5,0,12,0,0,0,2
CJ1212031995,0,30,20,5,15,35,50,25,20,50,30,20,20,30,10,70,0,0,0,0,10,10,20,30,15,0,0,20,30,5,0,0,10,0,10,0,10,0,10,0,0,0,15,0,20,0,5,20,0,0,15,0,0,0,0,20
CJ1212031997,0,0,0,0,2,0,5,0,0,20,10,0,10,1,20,0,0,0,0,35,20,5,15,0,0,20,10,7,10,15,3,15,7,0,50,0,0,0,0,0,0,10,0,0,0,0,0,0,0,0,0,0,0,0,0,15
CJ1212032036,130,280,103,160,190,75,160,320,137,115,214,360,89,180,50,120,100,10,120,120,230,100,260,80,60,140,110,200,150,180,70,150,80,140,60,80,0,120,20,40,100,115,150,95,70,40,80,0,40,0,40,30,0,10,40,50
CJ1212032040,0,0,10,20,0,0,5,15,0,0,0,10,0,10,10,0,0,0,0,0,0,0,0,0,0,0,0,0,0,0,0,0,20,0,0,0,0,5,0,0,0,0,0,0,0,0,0,5,0,0,0,0,0,5,0,0
CJ1212032064,0,30,0,0,0,0,10,20,0,10,11,0,6,16,0,0,0,0,17,0,0,0,0,0,0,20,0,0,0,0,5,0,0,0,0,10,0,0,0,0,0,15,0,0,0,15,6,0,0,0,5,0,0,0,0,2
CJ1212032078,30,75,85,15,15,65,50,80,60,30,50,100,50,120,40,0,10,0,35,90,20,25,100,55,30,60,65,75,60,30,3,7,0,5,30,62,13,80,0,20,15,10,90,15,70,75,0,30,50,40,0,60,10,0,5,0
CJ1212032086,0,0,30,0,10,20,0,10,35,5,20,20,0,5,10,10,0,0,0,10,0,20,0,5,0,0,0,0,0,20,0,0,0,0,0,5,0,0,0,0,0,0,0,10,5,20,0,10,5,0,20,22,0,0,0,0
CJ1212032088,0,10,0,10,10,0,30,5,0,0,0,0,0,0,0,20,0,0,45,0,0,20,5,0,20,0,0,0,10,0,0,20,20,0,0,0,30,10,0,20,0,20,0,0,0,5,20,0,0,0,0,0,0,0,0,0
CJ1212032097,0,11,0,0,0,0,10,5,20,5,0,20,0,0,0,0,0,0,0,5,0,0,10,0,5,0,0,0,0,0,20,0,0,0,0,0,0,0,0,0,0,0,0,0,0,10,0,0,0,0,0,5,0,0,0,0
CJ1212032104,15,80,20,30,40,30,0,20,50,60,20,40,20,20,0,20,50,0,49,30,30,0,35,0,0,20,20,90,0,20,20,11,45,80,0,25,30,40,20,10,20,40,0,0,20,40,20,10,0,20,11,10,20,10,0,0
CJ1212032149,0,10,0,0,15,0,0,0,0,32,0,0,0,0,0,20,0,0,0,60,5,0,5,0,0,0,0,0,10,0,0,0,0,5,0,0,0,0,50,0,0,0,0,0,0,0,30,0,20,0,0,15,0,0,0,0
CJ1212032194,20,30,0,25,70,0,0,70,0,50,90,0,0,110,0,20,20,0,20,20,5,25,10,40,0,20,50,0,10,50,10,5,20,30,20,10,55,30,20,0,0,30,50,0,0,20,20,0,0,0,0,0,20,0,0,0
CJ1212032201,0,0,0,0,3,5,0,0,32,10,5,10,10,0,0,0,0,0,18,0,20,5,5,0,0,0,0,5,0,0,0,0,10,0,5,5,0,0,0,0,0,0,0,0,0,0,0,0,0,0,0,0,0,3,0,0
CJ1212032203,0,30,0,30,50,0,70,50,0,20,40,90,20,30,10,90,40,0,110,0,90,95,115,0,20,60,0,0,0,0,0,0,0,0,0,0,0,0,0,0,0,0,0,0,0,0,0,0,0,0,0,0,0,0,0,0
CJ1212032216,0,8,30,0,45,5,20,64,0,10,10,58,0,20,2,20,40,0,38,2,60,40,15,20,10,20,50,35,50,55,0,15,0,10,30,5,85,0,0,0,15,35,20,50,30,30,30,30,60,0,10,50,0,40,0,30
CJ1212032235,0,0,0,5,10,0,20,5,0,0,0,0,20,0,0,0,0,0,4,0,5,5,5,0,0,0,0,5,11,0,0,0,0,0,0,0,0,0,0,0,0,6,13,0,2,0,10,1,10,0,5,0,0,3,5,14
CJ1212032238,0,0,0,0,0,0,0,17,0,0,0,0,10,0,0,0,0,0,20,25,10,0,10,0,0,10,0,0,0,0,0,0,0,20,0,5,0,10,10,0,20,0,10,0,0,12,0,0,30,0,0,20,0,20,5,0
CJ1212032250,0,0,0,20,0,0,0,10,0,0,0,0,0,0,0,0,10,0,0,40,0,0,5,0,10,10,0,0,0,0,0,0,0,0,0,0,0,0,0,20,15,10,10,10,0,10,0,0,0,0,0,20,0,0,20,0
CJ1212032251,0,20,0,0,0,0,0,1,0,10,0,0,0,0,0,0,15,0,0,5,0,0,5,0,0,3,0,0,0,0,0,0,0,0,0,0,0,5,0,5,0,0,15,0,0,0,0,0,0,0,0,0,0,0,0,0
CJ1212032263,0,0,20,0,50,0,10,0,80,0,0,20,30,5,0,45,10,0,0,10,0,0,0,0,0,0,0,0,0,50,0,0,0,0,0,0,10,0,0,0,0,0,0,0,0,0,0,0,10,0,0,0,0,20,0,0
CJ1212032264,0,2,10,30,0,0,8,0,0,0,0,0,0,0,0,0,0,0,0,0,0,0,0,0,0,0,0,0,0,0,5,0,40,5,0,0,0,0,10,0,0,0,0,20,0,0,20,0,0,0,0,0,0,10,20,0
CJ1212032273,5,30,0,90,60,5,0,70,100,15,10,90,30,0,0,10,25,5,90,10,40,50,10,90,25,15,20,70,0,40,25,50,10,15,0,20,0,20,15,10,0,30,35,0,0,0,0,0,0,0,10,20,0,0,0,0
CJ1212032287,0,0,0,0,0,20,0,0,5,0,0,15,0,0,35,0,0,0,0,20,0,0,0,10,0,20,0,0,0,0,0,0,0,0,0,0,0,0,0,0,4,0,15,0,0,0,20,0,0,0,0,0,0,0,5,0
CJ1212032291,0,10,0,30,0,45,8,30,10,0,45,0,0,46,10,0,0,0,0,35,0,0,10,20,15,0,26,5,10,8,0,10,5,20,0,20,0,30,0,15,0,5,0,0,0,8,0,20,10,10,0,5,30,0,0,0
CJ1212032307,12,10,28,0,0,0,0,0,0,5,0,0,5,0,5,25,0,0,5,0,0,0,0,0,0,5,0,0,0,0,0,10,0,0,0,0,0,0,5,0,0,0,0,6,0,0,0,8,0,0,0,10,0,6,0,0
CJ1212032371,10,0,0,0,0,0,0,10,0,15,0,0,10,0,10,0,0,0,0,5,20,0,31,0,0,0,5,0,0,0,0,0,0,0,0,0,0,15,0,0,0,2,0,0,0,0,0,0,5,0,0,0,0,0,2,0
CJ1212032376,0,20,0,0,22,0,50,60,20,20,60,30,0,15,10,20,0,15,10,35,0,0,0,10,0,10,0,40,8,0,0,20,30,0,42,0,8,0,10,0,15,30,0,11,0,34,15,0,35,0,0,7,0,0,0,3
CJ1212032399,0,0,0,0,18,0,17,0,0,20,20,0,2,10,0,2,0,0,5,5,0,0,0,0,0,0,0,0,5,0,0,0,0,0,0,0,2,0,0,0,0,0,0,0,0,0,0,0,1,0,0,0,0,1,0,0
CJ1212032417,5,65,40,30,80,25,20,20,50,15,15,60,0,80,0,0,5,0,0,10,80,20,36,30,30,54,0,50,30,20,0,32,10,40,0,30,0,0,0,30,20,0,0,0,0,0,0,0,0,0,0,0,0,0,0,2
CJ1212032425,0,20,5,0,0,30,10,0,30,0,0,20,0,5,0,45,0,5,0,5,0,0,0,1,10,10,0,0,0,0,0,2,0,0,20,0,0,0,0,0,0,10,0,5,0,0,5,20,5,0,0,0,0,0,0,0
CJ1212032426,0,40,10,50,10,0,30,0,15,0,0,30,0,80,10,0,10,0,35,20,30,0,30,30,0,0,0,0,20,0,0,0,0,10,0,30,0,0,0,0,0,0,0,0,0,0,0,0,0,0,0,0,0,0,0,0
CJ1212032428,20,0,0,0,0,30,0,0,0,5,5,20,0,0,0,0,0,0,0,0,20,0,10,0,0,0,0,0,0,0,5,0,0,0,0,0,0,10,0,0,0,0,0,0,0,5,0,0,0,0,0,0,0,0,0,0
CJ1212032436,0,45,0,0,0,0,0,10,0,0,0,3,0,0,0,20,0,0,0,0,0,0,0,0,0,8,0,0,0,0,0,0,1,3,0,0,0,0,5,0,0,0,0,0,0,0,20,0,0,15,0,0,0,0,20,0
CJ1212032443,50,50,40,0,0,100,50,0,50,0,50,0,50,0,0,50,20,0,0,0,0,0,0,0,0,0,0,2,0,28,0,0,0,0,0,0,0,0,0,0,0,0,0,0,0,0,0,0,0,0,0,0,0,0,0,0
CJ1212032444,0,10,0,0,0,0,20,0,20,0,0,20,0,0,0,0,0,0,5,15,0,20,0,0,0,0,0,10,0,0,0,10,0,0,20,10,0,0,0,0,3,10,10,0,0,0,10,18,0,5,10,0,5,0,5,0
CJ1212032446,0,0,15,0,10,0,10,0,0,0,0,0,0,20,0,0,0,0,5,20,0,0,20,10,0,10,0,20,0,0,0,0,0,10,0,5,0,0,10,20,0,0,10,10,0,0,0,0,0,0,0,0,10,0,0,0
CJ1212032449,0,0,0,0,0,30,0,20,0,0,0,20,20,0,0,0,20,0,0,10,20,0,10,0,0,0,62,0,0,20,0,5,20,0,5,0,20,10,20,0,0,0,0,0,0,20,30,0,0,0,10,0,0,0,5,0
CJ1212032452,10,0,40,0,0,0,2,25,15,20,0,0,50,15,20,10,10,0,10,40,0,33,30,20,0,0,40,60,0,60,0,40,0,0,0,0,30,25,0,5,0,0,0,0,0,19,0,0,0,0,0,0,0,0,40,0
CJ1212032501,0,0,0,5,0,5,8,10,0,0,0,0,0,0,8,0,0,0,10,10,0,0,5,0,0,0,5,3,0,0,0,0,10,0,0,5,0,0,0,0,0,0,0,0,0,0,0,0,0,20,0,0,0,0,0,0
CJ1212032503,0,0,0,0,0,26,0,0,0,0,0,0,0,27,5,0,2,0,10,0,20,2,0,5,0,20,9,40,0,0,5,0,5,0,15,26,5,0,30,24,10,0,20,67,0,0,0,15,0,0,0,40,0,0,20,0
CJ1212032515,0,10,0,0,0,0,0,0,0,5,10,0,0,10,10,0,0,0,0,0,0,0,0,0,0,0,0,0,0,0,0,5,15,0,0,0,0,0,0,0,0,10,0,0,0,0,5,0,10,0,0,0,0,0,0,0
CJ1212032521,30,0,35,50,60,55,30,70,60,20,40,20,30,0,0,20,80,0,0,60,40,75,25,30,20,0,40,90,0,98,22,32,60,90,30,10,50,130,90,20,30,50,20,118,70,70,100,30,70,40,40,80,30,0,120,10
CJ1212032523,0,0,0,0,0,0,0,0,0,0,0,0,0,0,0,0,0,0,0,0,0,50,0,0,0,0,0,15,5,0,0,0,0,30,0,5,0,30,15,0,20,6,0,24,0,0,30,0,0,0,10,0,15,0,0,5
CJ1212032536,0,0,0,0,15,0,10,0,50,0,10,30,0,30,0,0,0,0,15,1,0,0,0,20,0,0,0,20,3,0,0,0,0,0,0,10,10,0,0,0,0,0,0,0,0,0,0,0,0,1,0,0,0,0,0,0
CJ1212032538,0,10,10,0,0,5,20,10,20,0,30,0,20,10,20,20,0,0,0,30,0,30,20,5,0,0,10,0,15,0,0,0,20,30,0,0,25,0,0,20,10,15,10,0,0,10,0,0,10,0,0,15,0,0,0,0
CJ1212032548,0,0,0,0,0,0,15,0,0,0,20,0,0,0,10,10,10,0,0,10,0,0,5,0,0,5,0,0,0,0,0,0,10,0,0,0,0,0,0,5,0,15,0,3,0,0,6,0,5,0,0,0,0,0,0,2
CJ1212032576,0,0,0,10,0,0,0,20,20,0,1,0,0,0,5,0,0,0,0,0,0,0,10,19,0,0,0,10,0,20,0,0,10,20,0,5,0,0,0,0,5,0,19,0,0,0,0,0,0,0,0,0,0,0,10,0
CJ1212032581,0,10,5,0,5,0,0,0,0,0,15,10,5,5,10,10,0,0,0,0,10,0,0,0,0,0,0,0,5,0,0,0,0,0,0,0,0,0,0,0,0,0,0,0,0,5,0,10,0,0,0,0,0,0,0,0
CJ1212032597,0,0,0,0,20,2,3,0,0,0,7,0,0,0,10,0,0,9,0,0,0,0,0,0,0,0,0,0,0,0,0,0,10,0,10,0,0,4,0,0,0,0,0,20,0,0,20,0,0,0,0,0,0,5,0,0
CJ1212032615,0,5,15,0,0,10,26,0,30,15,0,0,0,0,0,19,0,0,20,10,0,0,0,0,0,0,0,0,0,0,0,0,0,0,0,0,0,20,20,0,0,0,2,0,2,0,0,0,0,0,0,0,0,0,0,1
CJ1212032672,0,0,10,0,5,0,0,5,5,0,15,0,20,0,0,0,0,5,0,1,5,5,0,30,9,5,2,0,0,0,0,0,0,0,0,0,0,10,5,0,4,0,10,0,0,0,14,0,0,0,0,0,0,0,5,0
CJ1212032684,0,0,0,0,10,15,0,0,8,17,0,0,0,20,0,0,0,0,10,20,20,30,0,15,0,0,0,0,0,0,20,0,0,0,0,0,0,0,0,0,15,20,15,15,0,20,10,0,0,0,20,0,0,0,0,0
CJ1212032708,0,20,0,0,0,0,10,10,0,0,10,0,0,0,0,0,5,0,15,0,0,0,0,0,10,5,0,0,0,0,0,0,20,5,0,0,0,0,0,0,0,0,10,0,0,0,0,0,0,0,0,0,0,0,0,0
CJ1212032722,0,50,5,10,55,20,0,0,30,20,0,0,0,0,0,0,0,0,10,90,10,3,5,30,0,0,30,30,0,0,20,0,0,0,0,0,20,35,0,20,0,10,0,0,10,0,30,0,20,20,0,20,0,0,10,0
CJ1212032727,0,10,0,0,15,0,0,0,25,0,0,0,0,0,10,10,0,0,3,20,7,0,0,0,0,0,25,0,0,0,20,0,5,0,0,0,10,0,0,0,0,0,0,0,0,0,0,0,0,0,0,0,2,0,0,5
CJ1212032728,0,0,10,0,0,0,20,30,0,0,0,0,30,20,0,20,0,0,10,30,10,40,10,50,0,50,0,75,20,0,0,55,0,0,35,0,30,50,0,20,52,13,0,30,0,0,0,28,10,60,20,0,0,0,10,0
CJ1212032729,5,50,98,20,50,60,60,70,10,40,0,50,46,0,35,60,5,0,20,6,8,20,0,40,20,31,0,0,30,10,0,0,20,0,40,0,0,0,69,0,30,20,20,30,50,20,0,20,50,0,0,0,20,30,0,0
CJ1212032799,0,50,10,0,0,0,0,0,30,10,0,10,0,0,30,0,0,0,0,0,0,0,0,0,20,0,0,0,0,0,0,0,0,0,0,0,0,0,0,0,10,0,0,0,17,0,0,0,0,0,0,10,0,0,0,0
CJ1212032943,0,80,2,50,0,13,0,20,15,20,0,0,0,0,0,0,20,0,0,0,70,0,5,30,20,0,0,0,0,0,0,0,30,0,0,0,10,0,2,3,0,0,0,0,0,0,0,0,0,0,0,0,0,0,0,0
CJ1212032946,0,0,0,0,0,0,0,0,21,0,0,0,0,0,0,0,0,0,0,15,2,0,15,0,20,3,5,32,25,0,0,2,0,0,20,2,0,26,0,0,25,25,0,20,5,5,40,1,0,15,5,20,7,0,5,5
CJ1212032958,0,35,50,20,0,60,30,15,20,30,0,70,0,20,0,30,0,0,15,40,0,0,50,0,0,20,40,0,0,5,0,0,0,5,45,1,32,30,0,0,25,1,24,0,0,20,0,20,50,0,0,0,0,0,20,0
CJ1212032959,0,0,33,0,0,15,22,20,0,5,20,20,0,5,0,0,0,0,0,10,0,0,0,0,0,0,0,0,0,0,0,0,0,0,0,0,10,0,10,5,45,0,0,0,0,0,0,0,0,5,30,53,0,50,0,0
CJ1212032972,0,5,0,0,5,5,0,10,0,15,0,35,0,0,0,0,10,0,0,0,0,0,0,0,5,0,10,0,5,5,0,5,0,5,5,5,5,0,0,0,0,10,0,10,0,0,0,0,10,0,0,0,0,0,0,0
CJ1212033035,10,30,0,50,20,20,0,0,20,20,0,2,10,0,0,20,0,0,5,0,40,2,5,0,20,0,0,0,0,0,20,20,10,10,0,0,0,0,0,0,0,0,0,0,0,20,30,0,0,20,0,0,0,0,5,0
CJ1212033036,0,0,0,0,50,0,0,50,50,100,50,100,20,0,0,0,0,50,0,50,0,40,40,50,50,0,0,1,0,50,0,0,50,0,0,0,0,0,0,0,0,0,0,0,0,0,0,0,0,0,0,0,0,0,0,0
CJ1212033042,0,10,70,0,0,20,20,25,10,25,0,30,50,0,10,0,10,0,10,20,50,0,10,0,0,0,50,0,0,10,0,50,50,20,20,50,20,0,0,0,10,0,30,0,0,40,50,30,0,0,0,30,0,0,20,0
CJ1212033079,50,0,30,70,0,0,30,0,0,5,0,40,0,0,10,0,0,0,50,0,0,0,0,0,15,0,0,0,0,0,0,0,0,0,0,0,0,0,0,0,0,0,0,0,0,0,0,0,0,0,0,10,0,0,0,0
CJ1212033089,0,20,0,0,0,0,10,15,37,0,0,1,20,20,0,0,0,0,0,35,0,25,7,0,0,10,0,0,0,0,0,0,5,0,0,0,0,0,0,0,0,0,0,0,0,5,0,0,0,0,0,0,0,0,0,0
CJ1212033111,5,0,45,0,0,0,0,0,0,40,20,40,0,0,0,0,0,0,0,0,0,0,0,0,0,0,100,0,0,100,0,0,0,0,0,90,110,0,236,130,130,210,60,260,130,60,80,0,200,210,150,70,50,30,230,70
CJ1212033182,0,20,0,0,0,20,50,20,50,0,20,50,30,0,0,50,40,0,50,0,0,0,50,0,0,0,0,50,0,50,0,0,0,50,0,0,50,0,0,0,20,0,0,0,0,0,0,0,0,0,0,0,0,0,0,0
CJ1212033334,30,0,0,0,0,50,30,1,69,40,0,40,0,20,50,30,5,5,60,50,0,70,30,50,100,0,40,110,150,50,100,0,120,120,30,80,70,70,40,30,10,30,50,20,30,70,30,0,20,30,20,30,0,20,50,30
CJ1212033343,0,0,0,0,0,0,0,10,0,0,0,0,0,0,0,0,0,0,0,0,20,0,0,0,20,0,10,20,20,10,0,20,0,20,0,0,20,20,20,20,0,0,20,0,20,0,30,0,0,0,20,0,0,0,20,0
CJ1212033395,0,0,5,0,0,0,5,0,0,30,0,3,3,0,4,0,5,0,5,0,0,0,2,5,0,13,0,20,0,0,0,0,30,0,20,0,10,10,0,10,10,0,10,0,1,20,0,0,0,0,20,0,0,0,12,0
CJ1212033409,0,150,0,0,0,0,100,0,150,0,0,250,0,0,0,0,200,0,30,150,50,40,0,0,50,0,50,100,0,0,0,0,0,0,0,30,20,0,146,0,170,80,0,0,170,0,0,0,70,0,0,150,0,0,140,42
CJ1212033435,0,45,75,18,10,40,18,99,70,0,40,70,20,20,0,20,20,0,40,70,50,60,40,100,30,80,40,15,20,0,0,30,78,77,10,0,10,20,60,75,5,0,30,20,70,20,75,0,35,0,10,45,0,35,10,15
CJ1212033462,0,0,0,50,0,0,50,50,0,0,0,99,0,0,0,0,0,0,0,50,0,0,0,0,50,0,0,30,0,0,0,0,0,0,0,0,0,0,70,100,50,70,0,0,170,0,0,0,0,0,0,50,0,0,0,42
CJ1212033463,0,0,0,0,0,0,50,0,0,0,0,50,0,0,0,0,0,0,0,20,30,20,0,0,20,20,0,50,0,0,0,0,0,0,0,0,0,0,30,40,50,20,0,0,20,0,0,0,10,0,0,30,0,0,40,20
CJ1212033622,4,0,0,2,0,0,0,0,0,0,0,0,0,2,0,0,2,0,0,1,0,0,0,0,1,0,2,0,2,0,0,0,0,0,0,0,0,0,0,0,0,0,0,0,0,0,2,0,0,2,0,0,0,0,0,0
CJ1212033765,0,0,5,0,0,15,33,15,0,0,0,15,0,5,0,0,0,0,1,10,0,0,0,0,0,0,0,0,0,0,0,0,0,0,0,0,10,0,15,0,30,0,0,0,0,0,0,0,0,0,0,50,0,0,0,0
CJ1212033786,0,0,0,0,10,0,0,0,0,0,0,0,0,0,0,0,0,0,0,0,0,0,5,0,0,0,0,10,0,0,0,0,0,0,0,0,0,0,0,0,0,0,10,0,20,0,0,10,0,20,0,0,5,0,10,20
CJ1212033790,0,10,0,0,0,5,0,20,20,0,10,38,10,0,0,0,0,0,0,30,0,10,30,0,0,0,0,0,0,0,0,0,10,20,0,0,10,0,0,0,10,0,0,0,0,0,0,0,0,0,0,10,0,0,0,0
CJ1212033791,0,0,0,0,0,0,0,0,0,0,0,0,0,0,0,0,0,0,0,0,0,0,0,0,0,0,0,0,0,0,0,0,0,0,0,0,50,0,40,10,5,45,30,0,0,0,30,0,20,5,15,10,0,6,0,5
CJ1212033792,0,45,5,28,0,15,65,30,53,60,25,20,65,18,0,0,0,0,0,71,20,42,50,20,8,10,20,55,50,0,0,50,30,35,25,0,30,0,28,30,20,88,31,0,5,10,30,10,50,10,45,32,0,15,23,5
CJ1212033793,0,0,0,0,0,0,0,0,0,0,0,0,0,0,0,10,0,0,0,40,0,50,0,40,20,40,0,50,150,0,170,0,70,50,90,20,110,50,80,170,130,20,100,40,140,0,90,90,0,50,180,0,30,20,160,40
CJ1212033794,0,40,15,0,0,15,15,5,10,50,10,18,25,10,5,0,0,0,5,55,10,13,10,14,14,30,10,15,31,0,0,30,25,0,15,0,30,0,10,40,20,48,18,0,2,30,30,8,0,10,20,40,0,7,22,5
CJ1212033795,0,15,0,10,5,8,5,0,5,0,15,0,0,10,10,0,0,0,0,10,0,10,30,10,0,0,20,25,0,0,0,0,10,0,0,0,10,0,5,0,0,5,15,5,0,0,0,0,0,5,0,0,20,0,30,0
CJ1212033813,5,35,0,0,20,20,10,60,0,0,35,35,20,30,45,45,0,0,0,75,55,0,100,50,20,40,30,30,10,53,0,40,70,70,7,50,50,20,10,60,70,70,65,50,30,80,90,0,30,0,109,30,5,0,65,45
CJ1212033818,0,0,0,0,10,40,30,0,0,0,30,20,0,0,0,20,0,0,0,0,5,20,0,0,0,25,0,0,0,0,0,0,0,0,0,0,0,0,30,0,0,0,0,15,5,0,20,0,10,0,0,0,0,20,0,0
CJ1212033820,0,0,0,0,0,0,0,0,0,0,0,0,0,0,0,0,0,0,0,0,0,0,0,0,0,50,0,50,0,50,0,0,0,50,0,22,28,0,0,0,20,1,0,20,0,5,0,0,0,0,0,0,0,30,0,24
CJ1212033827,0,0,0,0,0,0,0,0,0,5,0,0,0,2,0,0,0,0,0,0,0,0,0,8,0,0,0,0,0,0,0,0,0,8,0,5,17,0,20,0,0,0,4,0,0,0,0,0,0,0,4,3,0,0,0,0
CJ1212033858,0,0,0,0,0,15,0,0,27,0,0,0,0,0,0,0,0,0,0,8,0,0,5,0,0,5,0,0,10,0,0,0,0,20,5,0,0,0,0,5,0,0,0,0,0,20,0,20,0,0,10,0,0,0,0,0
CJ1212033861,10,20,110,72,70,60,61,90,57,30,135,35,20,0,0,165,35,10,170,20,90,110,110,90,110,120,0,80,170,100,90,102,33,140,79,90,186,310,130,190,100,316,224,240,350,385,310,70,340,165,270,190,90,250,172,0
CJ1212033873,0,10,0,0,0,30,0,0,10,10,0,60,0,0,0,10,0,0,10,0,60,0,10,0,30,0,0,0,0,0,0,50,0,20,0,0,0,20,0,20,0,20,40,0,100,10,0,90,0,0,0,0,0,61,50,0
CJ1212033936,0,0,0,0,0,0,0,0,10,0,0,0,0,1,0,0,0,0,0,0,0,0,5,21,0,0,5,0,0,0,10,5,0,0,20,0,0,0,0,0,10,0,0,0,0,0,0,0,0,0,0,0,0,0,5,0
CJ1212033963,20,10,0,0,15,10,25,26,10,0,10,5,20,0,29,0,0,0,0,0,80,40,10,0,30,0,20,70,0,40,20,5,0,5,110,5,20,45,120,80,0,0,0,50,50,0,70,60,20,20,40,60,10,0,40,160
CJ1212033968,0,0,0,0,0,5,0,5,0,0,10,0,0,0,0,0,0,0,20,2,0,0,5,0,3,0,0,0,0,0,0,0,0,0,5,0,5,0,5,0,0,0,13,0,16,10,0,11,0,0,15,0,0,25,0,0
CJ1212033974,0,0,20,0,20,40,0,10,0,20,0,0,0,50,0,0,0,0,0,0,10,0,0,0,20,0,10,0,10,40,0,0,0,0,0,0,6,0,0,0,5,10,0,40,0,5,0,0,0,0,10,0,0,0,0,0
CJ1212033977,0,0,0,0,20,0,5,0,0,20,0,0,10,0,0,20,0,0,0,0,0,0,5,0,0,0,0,0,0,0,0,0,0,10,0,0,10,10,0,0,0,0,25,0,0,0,15,0,0,0,0,0,0,0,20,0
CJ1212034103,0,10,30,3,0,5,5,5,5,0,16,15,35,15,5,11,5,0,0,10,5,0,0,0,0,0,20,30,10,0,0,0,0,10,0,30,10,0,0,10,30,0,30,0,0,10,20,0,0,0,0,30,0,20,0,0
CJ1212034109,0,0,10,0,0,0,0,0,0,0,10,0,10,0,0,10,0,0,10,0,0,0,5,0,0,30,0,0,0,0,0,20,0,0,30,0,0,10,20,0,20,0,0,0,0,0,0,10,0,20,0,20,0,0,0,0
CJ1212034140,0,0,0,0,0,0,20,0,10,0,0,10,0,0,0,0,0,0,0,0,0,10,2,0,10,0,0,0,0,0,0,0,0,0,10,0,0,10,0,10,0,0,0,0,0,8,0,0,0,0,0,0,0,0,0,0
CJ1212034141,0,0,0,0,0,0,0,20,0,1,49,0,0,0,0,0,0,0,20,10,20,0,0,0,0,30,0,0,0,0,10,0,10,0,0,0,0,0,10,10,1,0,0,0,10,0,0,0,0,0,0,0,0,0,0,0
CJ1212034152,0,0,0,0,5,0,0,5,2,0,0,0,0,0,0,5,0,2,0,0,0,0,0,0,0,0,0,1,0,2,0,0,5,0,0,0,0,2,0,5,0,0,0,3,0,0,0,2,0,0,3,0,0,0,0,0
CJ1212034176,40,0,30,30,0,40,0,0,10,0,20,20,10,0,0,0,20,0,0,0,0,0,10,0,40,20,0,10,0,0,0,0,0,10,10,0,10,0,0,0,0,0,20,0,0,10,0,8,10,22,0,15,0,22,0,10
CJ1212034193,0,0,10,0,10,21,0,0,20,10,0,15,5,5,0,4,0,0,2,10,0,0,0,0,0,0,0,0,0,0,0,0,0,0,0,0,1,0,33,0,0,0,0,0,0,0,0,0,0,0,30,50,0,20,0,0
CJ1212034223,140,50,50,100,310,100,200,250,150,150,220,150,100,150,250,70,0,0,150,150,210,150,155,200,170,230,85,0,100,250,150,270,250,100,150,0,0,50,0,0,0,5,20,0,0,0,20,0,30,20,0,0,0,30,20,0
CJ1212034266,0,0,0,0,0,0,0,0,0,0,0,10,0,0,0,0,0,0,15,0,0,0,0,0,0,5,0,20,0,30,10,0,0,0,0,0,10,5,0,0,0,0,0,0,0,0,0,20,0,20,0,0,0,0,0,0
CJ1212034275,0,310,265,88,245,405,200,365,105,70,250,600,240,120,150,195,171,0,80,80,250,165,209,180,130,185,260,130,50,150,0,190,50,140,80,50,360,200,75,0,230,230,230,220,50,120,170,130,110,70,100,290,0,20,80,0
CJ1212034276,10,15,20,7,20,6,20,5,40,20,20,20,30,10,20,30,10,0,10,0,50,20,30,0,0,20,50,70,0,0,0,20,0,0,30,30,0,0,0,110,20,0,90,0,110,22,10,20,0,10,0,60,0,20,20,0
CJ1212034277,0,90,20,10,60,25,5,60,20,70,50,20,115,10,0,10,20,0,60,0,70,0,60,0,0,60,90,120,0,0,0,50,10,40,20,50,90,50,0,10,70,150,20,50,80,110,50,30,100,0,50,60,0,50,50,0
CJ1212034278,0,0,20,0,0,0,0,0,0,0,10,20,0,0,0,10,10,0,0,0,10,20,0,0,0,0,0,0,0,10,20,30,0,0,0,30,10,0,0,0,0,0,0,0,0,0,0,10,0,0,0,0,0,0,0,0
CJ1212034279,0,90,70,40,70,90,10,0,190,70,140,120,220,40,30,90,20,0,90,70,100,100,205,0,70,150,80,170,30,150,50,160,80,130,50,50,240,130,70,97,80,200,200,130,100,140,120,110,160,10,30,200,0,0,50,0
CJ1212034282,0,30,0,0,0,0,0,0,0,0,0,15,0,20,0,0,0,0,20,0,15,30,0,0,0,0,30,0,0,0,0,50,0,0,0,0,0,0,0,0,0,0,0,0,0,20,76,0,0,0,0,0,0,0,0,0
CJ1212034284,0,0,15,0,5,5,5,0,0,5,0,15,10,0,5,0,5,0,10,0,10,0,10,0,10,0,60,0,0,10,0,50,10,30,30,30,0,0,0,10,10,0,40,10,0,10,0,10,0,0,0,25,0,0,0,0
CJ1212034302,0,0,0,0,0,5,5,0,0,0,0,0,0,0,0,0,0,0,0,0,0,10,20,20,0,0,0,0,0,0,0,0,40,0,10,25,0,0,10,15,5,10,10,15,0,0,0,14,20,10,55,10,0,0,10,10
CJ1212034303,20,590,355,383,224,451,420,537,480,325,420,400,490,178,620,230,60,0,170,620,380,440,420,380,110,310,340,360,160,134,130,290,350,235,125,80,176,180,260,415,190,445,200,174,50,200,320,215,385,120,110,280,70,440,160,0
CJ1212034328,60,30,0,0,70,0,50,0,30,0,10,20,0,0,30,0,20,0,10,0,10,10,20,0,30,0,10,10,10,40,20,20,0,10,0,40,10,40,20,30,20,60,0,0,20,20,0,12,22,10,0,30,0,10,12,10
CJ1212034348,0,20,0,0,0,0,0,30,5,5,0,0,25,0,0,0,0,0,0,0,0,0,0,10,0,10,5,0,10,0,0,0,0,0,0,0,20,0,0,0,0,0,0,0,6,0,0,0,5,0,0,0,0,9,0,0
CJ1212034443,0,15,0,0,0,0,10,0,20,0,0,0,0,0,0,0,0,0,0,20,0,0,0,0,20,0,0,0,0,0,0,0,10,0,0,5,1,0,0,1,0,0,0,0,0,0,0,0,0,0,0,3,0,0,0,0
CJ1212034464,10,0,0,0,20,0,0,2,0,0,0,0,0,0,0,10,0,0,0,10,0,0,5,0,10,0,5,0,0,20,10,0,10,10,0,0,10,10,0,0,0,0,0,0,0,0,0,10,0,0,0,0,0,5,0,0
CJ1212034485,0,0,0,1,0,0,0,0,5,0,0,0,4,0,0,0,0,0,0,0,0,10,0,0,0,0,0,5,1,0,0,0,4,0,0,5,5,0,5,0,5,5,5,5,5,10,0,10,0,0,0,10,0,0,0,0
CJ1212034672,0,0,10,2,5,0,0,10,0,3,0,10,0,5,0,0,0,0,0,3,0,0,0,20,0,0,0,0,0,0,0,0,20,10,0,0,0,0,10,10,0,0,0,10,0,0,0,0,0,0,0,0,0,10,0,0
CJ1212034674,0,0,10,0,10,0,0,0,0,0,0,0,10,0,10,5,0,0,10,0,0,0,10,10,3,2,0,0,0,10,0,20,0,0,0,20,0,0,0,10,0,20,0,0,20,0,20,0,20,0,5,0,0,0,20,5
CJ1212034703,5,5,15,1,0,7,25,0,0,30,2,5,0,0,10,0,5,0,0,6,0,5,5,0,0,0,0,0,0,0,0,0,0,0,0,2,5,10,3,0,0,0,10,22,4,2,0,1,1,0,2,8,0,5,0,0
CJ1212034709,0,10,5,3,10,10,0,10,0,3,3,0,0,3,0,0,0,0,2,3,0,10,0,0,0,0,0,0,0,10,3,0,20,0,0,0,0,2,5,0,0,10,0,5,2,10,20,0,10,0,7,0,5,5,10,0
CJ1212034718,0,0,0,0,20,0,5,5,0,0,0,0,0,0,0,0,3,0,0,0,0,15,0,2,30,0,0,0,0,0,0,0,0,0,0,0,0,0,0,0,0,5,10,0,0,10,20,0,0,0,0,0,0,5,0,1
CJ1212034772,0,0,0,0,0,0,0,0,0,0,0,0,0,0,0,0,0,0,0,50,0,0,40,0,0,10,20,0,30,0,0,20,10,30,0,0,20,15,0,10,0,10,0,0,0,0,15,20,0,0,0,30,0,10,30,0
CJ1212034797,0,0,0,0,0,0,5,3,0,6,0,0,10,20,0,0,2,0,0,14,20,0,2,0,0,13,0,0,0,5,0,0,0,5,5,0,0,10,0,0,0,0,5,10,0,0,20,0,0,0,0,0,0,0,15,1
CJ1212034804,0,0,0,0,0,0,0,0,32,20,50,80,50,0,0,60,20,0,0,50,0,50,20,20,0,0,40,150,100,150,0,50,108,50,80,0,50,0,0,50,0,15,80,55,20,0,0,50,0,20,0,10,10,0,50,50
CJ1212060185,0,10,12,10,5,0,6,12,10,3,0,0,2,6,0,2,5,0,3,0,2,0,5,10,0,0,0,0,0,0,0,5,0,0,0,0,0,0,0,10,0,12,5,0,0,0,0,0,3,0,0,0,15,0,0,0
CJ1212060288,0,20,0,15,5,15,0,25,0,5,0,10,0,0,10,0,0,0,0,0,0,0,10,0,0,0,0,0,0,0,0,0,0,0,0,0,0,0,0,0,0,0,0,0,0,0,5,0,0,0,0,0,0,0,0,0
CJ1212060318,0,0,0,0,0,0,3,0,0,0,1,2,4,0,3,2,0,0,3,0,2,0,0,3,1,1,1,0,3,0,0,3,0,0,0,0,3,0,0,3,0,5,0,0,5,0,0,0,0,0,0,0,0,0,0,0
CJ2070550057,0,0,0,0,0,0,0,0,0,0,0,0,0,0,0,0,0,0,0,0,0,0,0,0,0,0,0,0,27,0,50,75,0,50,0,0,50,0,25,75,0,50,50,0,100,75,50,50,50,85,105,43,0,50,65,0
CJ2070550064,0,50,100,50,50,50,50,50,50,100,47,100,0,100,0,50,80,0,0,150,0,100,50,50,50,50,0,50,100,100,50,100,48,50,100,50,50,150,50,99,150,50,150,100,249,50,150,50,150,100,150,50,50,50,100,50
CJ2070550069,0,0,0,0,0,0,0,0,0,0,0,0,0,0,0,0,0,0,0,0,0,0,0,0,0,0,0,0,0,0,0,0,0,0,0,0,50,0,100,0,0,100,0,50,50,0,0,50,0,50,25,25,25,50,0,25
CJ2070550077,0,0,0,25,25,0,0,24,0,0,50,0,0,25,0,0,0,0,0,0,25,0,25,25,0,30,0,0,0,50,0,0,0,0,0,0,50,0,50,0,0,25,25,0,50,0,0,0,25,25,0,50,0,0,0,0
CJ2121020027,0,200,0,0,0,200,0,0,0,200,0,0,200,0,400,0,0,0,0,0,0,0,200,0,0,0,200,0,200,0,0,0,200,0,0,100,200,0,400,0,0,500,0,1000,0,500,400,400,0,500,0,500,0,500,300,0
CJ2121020032,0,0,0,0,0,0,0,0,0,0,0,0,0,0,0,100,0,0,0,0,200,0,0,200,500,0,300,200,0,200,800,0,0,0,300,0,500,0,500,0,246,200,0,300,700,0,0,300,0,480,0,500,300,0,500,0
CJ2121040300,8000,0,0,0,5000,2000,2000,4000,2000,2000,4800,2000,2000,3200,2000,4000,0,0,0,3000,3000,0,3000,3000,5000,5000,3000,6500,0,500,0,3000,3000,3000,2000,1000,4000,2000,4000,4000,4300,3000,5000,3000,3000,3000,3000,0,4000,3000,2000,3000,2300,4700,3000,0
CJ2121040457,0,0,0,0,0,0,1200,1100,700,200,1100,1500,1000,200,300,1200,500,0,0,0,200,1000,1100,1000,900,1400,400,0,400,1500,1400,1600,700,1400,0,300,1200,1000,1500,1100,1400,500,0,2000,1400,800,800,400,1000,800,1200,300,600,1000,1900,800
CJ2121041464,0,0,0,0,0,0,0,0,0,0,0,0,100,0,100,100,0,0,700,0,0,0,0,500,0,500,0,0,0,500,0,0,0,0,300,0,200,0,500,0,500,500,500,0,400,500,0,500,500,1000,0,1000,0,500,500,0
CJ2121041586,0,0,0,100,0,100,0,0,0,0,200,0,0,0,200,0,0,0,0,0,0,200,0,0,0,200,0,100,0,100,0,0,0,0,0,100,0,100,0,200,0,200,0,300,0,0,0,300,0,0,200,200,0,200,0,0
CJ2121050051,0,30,0,0,30,40,0,0,30,0,0,0,0,30,0,0,0,0,0,0,30,0,0,0,0,0,0,30,0,0,0,0,0,0,30,0,0,0,0,30,0,0,0,0,0,30,40,30,50,0,0,0,0,60,0,0
CJ2121050251,0,30,0,30,0,30,0,30,0,0,30,0,30,0,30,30,0,0,0,0,30,0,30,0,0,10,30,0,30,0,0,0,0,30,0,0,0,30,0,0,0,0,29,0,0,30,0,0,30,0,0,30,0,0,30,0
CJ2121050358,0,0,0,0,0,60,60,0,0,30,0,0,0,30,0,0,30,0,0,0,30,0,0,30,0,0,0,30,0,0,0,60,0,0,0,0,0,0,30,0,0,0,30,0,30,0,0,0,0,0,0,0,0,0,0,0
CJ2121050359,0,0,0,0,100,150,0,80,0,0,0,0,0,0,0,0,0,0,0,0,0,0,0,0,0,0,130,0,60,0,0,0,50,50,0,0,60,0,0,0,0,0,0,0,0,0,0,0,0,50,60,0,0,50,80,0
CJ2121050500,0,0,30,30,0,0,0,0,60,0,0,0,0,0,30,0,0,0,0,30,0,30,0,0,60,0,0,60,0,60,30,60,90,0,0,0,50,100,0,0,50,110,0,50,120,0,50,0,50,110,0,0,50,0,90,0
CJ2121050514,0,100,0,50,87,0,0,100,0,100,0,80,0,0,50,80,0,0,0,100,0,0,70,0,30,0,0,50,100,0,50,0,0,130,0,0,100,0,0,110,60,0,0,100,0,120,50,50,0,0,100,0,0,0,80,0
CJ2121050565,200,200,400,200,500,400,350,749,600,400,700,700,400,699,700,300,450,0,500,650,399,550,600,650,300,600,500,700,0,700,600,600,500,500,499,700,0,0,0,0,0,0,0,200,0,0,0,0,0,0,0,0,0,0,0,0
CJ2121050605,0,0,50,0,100,50,100,0,0,50,100,100,50,50,100,0,0,0,100,0,0,30,100,100,30,50,100,0,0,100,50,0,0,100,150,100,0,100,100,100,100,0,0,100,100,60,80,0,50,50,100,30,50,100,100,0
CJ2121050621,30,0,0,0,0,0,80,0,0,58,0,0,0,0,30,0,0,0,30,0,30,0,0,30,30,0,0,0,30,0,0,30,0,0,0,30,0,0,0,30,0,30,0,60,0,0,0,0,0,0,0,0,0,0,0,0
CJ2121050630,0,0,30,0,0,0,0,30,0,0,30,0,40,0,0,0,0,0,30,0,30,30,30,30,30,30,0,60,0,100,0,50,50,50,0,50,0,80,0,50,50,80,30,90,0,30,60,0,0,50,50,0,100,30,60,0
CJ2121050631,0,0,0,0,0,10,0,0,0,0,10,0,0,10,0,10,15,0,0,0,0,0,0,0,0,0,0,0,0,30,0,0,0,0,0,30,0,0,0,30,0,0,30,0,0,60,0,60,0,0,0,0,0,0,30,0
CJ2121050635,100,0,0,100,0,0,0,100,0,0,0,100,0,0,0,0,50,0,0,50,0,50,0,50,0,50,0,0,0,100,0,0,0,0,100,0,0,100,0,0,100,0,100,0,30,100,0,50,50,100,0,0,0,0,100,0
CJ2121050642,0,0,0,30,0,0,30,0,0,0,30,0,0,0,0,0,0,0,30,0,0,0,0,0,0,30,0,0,0,0,0,0,30,0,0,0,0,0,30,0,0,30,0,0,0,30,0,0,0,30,0,0,0,0,30,0
CJ2121050645,31,0,0,30,0,0,30,0,30,30,0,0,0,0,60,0,60,0,0,50,0,0,50,180,0,100,100,0,100,100,100,0,100,0,100,0,100,150,0,100,100,100,0,100,100,0,0,50,50,40,150,0,50,100,0,0
CJ2121050654,100,0,150,0,100,100,100,0,50,150,0,100,100,0,100,0,209,0,50,130,0,80,100,50,150,180,0,100,200,100,150,150,150,100,150,100,100,100,50,150,150,150,100,50,89,11,100,50,50,100,119,50,50,150,50,0
CJ2121050678,0,0,0,0,0,0,0,0,0,0,0,0,0,0,0,0,30,0,0,0,0,30,30,0,0,0,0,60,0,30,0,30,0,0,30,0,0,0,30,30,0,0,0,59,0,0,0,60,30,0,0,60,0,30,0,0
CJ2121050685,100,200,150,300,250,250,200,450,400,150,300,200,200,300,480,200,100,0,900,300,400,550,250,350,400,550,300,400,600,800,200,300,600,800,899,500,600,1400,700,500,1200,1100,1100,600,700,400,400,600,450,400,600,580,350,481,1500,350
CJ2121050705,0,0,0,0,0,0,15,0,0,0,0,0,0,0,0,0,0,0,0,0,0,0,0,0,30,0,60,0,30,0,0,0,60,0,0,0,30,0,0,60,0,0,0,0,0,30,0,0,0,0,30,0,0,60,0,0
CJ2121050720,0,80,0,0,0,0,30,30,30,0,60,0,0,30,30,0,0,0,50,0,50,0,0,50,0,80,0,0,0,0,30,0,30,0,30,0,0,30,30,60,0,0,0,50,0,0,59,30,0,60,0,0,0,80,0,0
CJ2121060387,0,0,50,0,100,0,110,0,100,0,50,80,0,100,100,50,0,0,100,0,50,0,50,50,90,60,50,110,50,200,100,100,100,0,50,100,90,0,110,100,110,0,100,100,0,20,0,0,50,0,0,0,0,50,80,0
CJ2121060433,0,30,0,0,0,0,0,30,0,0,30,0,0,0,30,0,30,0,0,0,0,0,0,0,0,30,30,30,0,30,30,30,30,0,30,0,0,0,0,60,0,0,0,60,0,0,0,0,0,0,0,0,0,0,0,0
CJ2121060465,0,30,0,0,0,30,30,0,0,30,30,0,0,30,0,30,0,0,0,0,0,0,60,0,0,30,30,0,58,0,60,0,60,30,0,50,0,0,0,80,0,0,0,80,0,0,90,0,0,0,0,0,0,0,0,0
CJ2121080021,2000,0,0,0,1500,2000,0,0,1000,0,1000,1000,1000,1000,500,2000,0,0,0,0,1500,500,0,1300,1000,500,2000,0,1000,0,0,1000,0,0,500,0,1500,0,1000,0,0,1000,0,1000,0,500,0,500,300,500,1000,0,0,700,0,1000
CJ2121080094,0,500,0,0,400,300,150,450,450,200,300,550,200,0,0,650,200,0,350,500,300,150,550,300,600,350,150,400,200,800,450,550,450,600,750,0,550,250,400,200,800,500,0,0,0,400,100,300,0,250,350,350,150,500,600,250
CJ2121080680,0,0,100,0,0,0,0,0,0,0,0,0,0,100,0,0,0,0,0,0,0,0,0,0,0,0,100,0,0,0,0,0,0,0,0,0,0,100,0,100,0,200,0,0,0,100,100,100,100,0,200,0,200,0,200,0
CJ2121080953,0,600,1000,900,800,2500,0,0,0,1000,1000,1000,0,1000,0,1000,0,0,0,1000,0,1000,500,1500,1000,1500,2000,0,1000,1000,0,0,0,500,500,1000,1000,0,1000,0,1500,0,500,500,1000,0,1000,0,0,1000,1000,0,1500,0,1000,1000
CJ2121081227,0,0,0,0,0,0,0,0,100,0,200,0,0,0,200,0,0,0,0,0,0,0,100,0,100,0,0,200,0,200,0,0,0,0,0,100,100,0,200,0,100,300,0,0,400,200,0,300,0,300,0,400,0,0,200,0
CJ2121090013,0,1000,0,0,1000,1000,0,0,500,0,500,1000,0,500,500,1000,0,0,0,0,500,0,500,500,1000,0,500,0,500,500,0,1500,0,0,0,0,1000,0,1000,0,0,0,500,1000,0,0,0,500,300,500,500,0,700,0,500,0
CJ2121090050,0,500,0,0,400,300,200,450,400,200,250,550,500,100,0,400,200,0,150,400,550,300,200,300,500,350,200,450,0,650,350,0,850,500,750,0,400,250,650,100,850,150,0,100,450,450,100,300,0,500,200,300,200,500,500,300
CJ2121090635,0,0,0,0,0,100,0,0,100,0,0,0,0,0,100,0,0,0,0,0,0,0,0,0,0,0,0,0,0,0,0,0,0,0,0,0,0,100,0,100,0,0,0,0,100,0,0,100,100,100,200,0,200,0,200,0
CJ2121090901,0,600,1000,900,800,2500,0,0,1000,1500,0,1000,0,1000,100,500,0,0,0,1000,0,1000,500,1500,1000,500,2000,500,1500,0,0,0,0,500,500,0,1500,0,1000,0,1500,0,500,500,1000,0,0,1000,0,0,1000,1000,0,500,600,0
CJ2121091171,0,0,0,0,0,0,0,0,100,0,0,200,0,0,200,0,0,0,0,0,0,0,200,0,0,0,0,0,0,200,0,0,200,0,0,0,100,100,0,200,0,200,0,300,200,200,0,200,0,300,0,200,200,0,200,0
CJ2122140016,0,1100,0,1000,0,800,700,500,600,300,800,1400,400,900,900,400,500,0,700,1100,700,700,900,900,500,1600,100,1100,1500,200,1500,800,700,600,1800,0,1100,600,800,200,1600,300,300,800,1000,0,700,400,200,500,500,0,200,200,1100,700
CJ2222120092,0,0,0,0,0,0,0,0,0,0,0,0,0,0,0,0,0,0,0,0,0,0,0,0,0,100,0,0,0,0,0,0,0,0,81,1,0,0,0,0,0,0,1,0,0,0,50,0,0,40,0,30,20,50,27,0
CJ2222120130,0,0,0,0,0,0,0,0,0,0,0,0,0,0,0,0,0,0,0,0,0,0,0,0,0,0,0,0,0,0,0,0,0,0,53,30,117,0,420,50,0,15,15,0,0,0,0,0,0,30,80,120,20,60,30,100
CJ2222120135,0,0,0,0,0,0,0,0,0,0,0,0,0,0,0,0,0,0,0,4,126,0,0,10,1,39,0,0,20,31,52,50,20,20,20,0,1,0,0,30,6,0,0,0,0,0,0,0,0,33,10,0,15,0,0,32
CJ2222120138,0,0,0,0,0,0,0,0,0,0,0,0,0,0,0,0,0,0,0,0,0,0,0,0,0,0,0,0,10,0,0,1,0,1,0,0,0,1,5,0,0,0,30,0,0,30,0,30,0,30,0,22,0,0,0,0
CJ2222120174,0,0,0,0,0,0,0,0,0,0,0,0,0,0,0,0,0,0,0,0,0,0,0,10,4,23,43,0,0,0,39,40,21,0,0,0,0,0,0,0,0,50,0,0,0,0,50,0,0,60,40,0,0,0,0,0
CJ2222120177,0,0,0,0,0,0,0,0,0,0,0,0,0,0,0,0,0,0,0,0,0,0,0,0,49,1,0,20,15,32,0,0,13,0,0,0,0,10,20,0,0,20,0,20,0,60,0,0,0,0,0,0,10,20,0,0
CJ2222120204,0,0,0,0,0,0,0,0,0,0,0,0,0,0,0,0,0,0,0,0,0,0,0,0,0,0,0,0,0,0,0,0,0,0,0,0,0,0,0,0,0,0,11,30,0,0,5,1,30,20,5,20,20,5,20,0
CJ2222130377,0,0,420,560,140,280,700,420,560,420,840,1190,630,0,630,700,420,0,770,560,0,1120,1050,630,1118,282,0,490,1120,1260,1190,980,770,1100,1540,280,730,1120,1190,490,1120,340,0,312,910,770,280,700,350,700,630,458,280,560,1260,280
CJ2222130415,0,0,0,0,0,0,49,50,50,0,0,50,0,50,0,0,100,0,0,0,0,50,0,100,0,0,0,0,0,0,100,0,0,0,0,0,0,0,0,0,0,0,0,50,0,0,0,0,0,0,0,0,0,0,0,0
CJ2222130416,500,300,300,300,300,250,200,100,350,450,100,50,0,0,50,0,0,0,50,0,0,299,50,100,0,350,350,400,400,0,100,100,50,0,0,50,100,0,50,50,0,0,0,0,0,50,0,0,0,0,0,0,0,0,0,0
CJ2222130522,49,0,50,0,50,0,0,0,0,50,0,0,50,0,0,0,0,0,50,0,0,0,0,0,0,0,0,50,0,0,0,0,50,0,0,0,0,50,0,50,50,0,50,0,50,50,0,100,50,50,50,0,0,100,0,100
CJ2222130718,0,0,0,0,150,0,0,0,0,100,0,0,0,100,0,50,50,0,0,0,0,0,0,50,0,0,0,0,50,50,0,50,0,0,50,0,0,0,50,0,0,50,50,0,0,50,0,0,50,0,0,0,0,50,0,0
CJ2222130724,49,0,0,0,0,0,50,0,0,50,0,0,100,0,0,0,0,0,0,0,0,0,50,0,0,0,0,49,0,0,0,50,0,0,0,0,0,0,0,50,0,50,0,50,0,50,0,50,0,50,0,50,50,0,0,0
CJ2222130794,0,0,0,0,200,100,100,0,0,0,0,0,0,0,0,0,0,0,0,0,0,0,0,0,0,0,0,0,0,0,0,50,50,0,0,50,50,0,0,0,50,0,0,50,0,0,0,0,50,0,50,50,0,50,0,0
CJ2222130798,0,0,300,0,200,0,0,50,0,0,50,50,50,0,150,50,0,50,100,99,0,100,100,0,50,0,0,199,450,50,300,0,0,0,0,0,50,0,50,0,50,50,0,0,50,0,50,0,50,0,50,0,0,50,0,0
CJ2222140077,0,0,0,200,0,0,0,0,100,0,0,0,0,0,100,0,0,0,0,0,0,0,0,0,0,100,0,0,0,0,0,0,0,0,100,100,0,0,100,100,0,100,0,0,200,0,100,0,100,300,0,100,0,100,200,0
CJ2222140171,300,0,0,0,300,0,0,0,200,200,0,0,0,0,200,0,0,0,0,0,100,100,200,50,100,100,200,0,0,0,0,200,0,100,200,0,200,0,200,200,0,200,0,0,200,0,400,0,0,0,200,200,0,200,0,0
CJ2222200062,0,800,0,0,840,270,350,400,600,0,620,800,120,0,200,200,200,0,600,400,540,400,260,430,200,490,0,200,400,600,200,400,200,400,60,450,200,490,20,420,240,200,20,420,650,10,0,0,0,0,0,0,0,0,0,0
CJ2222200075,0,0,0,0,0,0,1000,0,0,0,1500,0,0,0,0,0,1500,0,0,0,0,0,0,1000,0,0,0,1000,0,0,0,0,0,0,0,0,500,0,0,500,0,500,0,0,0,500,0,0,0,120,480,500,0,0,0,0
CJ2222200215,0,50,0,0,0,50,0,0,50,0,50,0,50,0,0,50,0,0,0,0,100,0,0,0,0,0,0,0,0,50,0,0,0,100,0,0,0,0,0,50,0,0,0,50,0,0,0,50,0,0,50,0,0,0,50,0
CJ2222280036,50,0,0,50,0,100,105,5,0,0,82,200,50,50,50,0,50,0,0,56,0,110,0,50,32,80,0,0,0,0,0,0,50,60,0,0,150,50,50,100,30,0,50,0,100,0,100,100,0,50,50,0,50,0,0,50
CJ2222280037,0,0,0,0,0,100,105,110,100,50,100,50,50,50,50,0,50,0,0,56,0,50,0,50,32,50,0,0,0,0,0,0,50,60,0,0,100,50,50,50,50,0,50,0,100,0,50,50,0,0,50,0,50,110,30,0
CJ2222280038,160,0,150,100,50,50,50,50,50,100,0,200,50,0,100,50,50,0,80,0,65,100,50,123,80,30,50,22,50,0,0,0,0,100,50,30,140,50,80,100,100,200,175,50,165,100,100,150,100,150,100,10,0,47,100,100
CJ2222280039,160,0,150,100,50,50,50,50,50,100,0,200,50,0,100,50,50,0,80,0,65,100,50,123,80,30,50,50,50,0,0,0,0,100,50,30,140,50,80,100,100,200,175,50,200,100,100,150,100,150,100,17,0,35,100,100
CJ2222280040,0,50,0,50,0,50,0,50,0,50,0,0,50,0,0,0,30,0,110,0,0,0,33,50,0,0,0,0,0,0,0,0,0,0,0,0,0,0,50,0,52,0,0,0,0,32,50,0,50,0,50,0,50,60,50,0
CJ2222280041,100,100,0,100,100,130,100,0,0,100,100,40,0,0,100,100,0,0,100,0,100,0,200,0,100,60,0,0,0,100,0,0,100,100,100,100,0,200,0,180,0,100,160,0,100,100,100,100,0,100,60,0,0,18,100,0
CJ2222280042,50,50,0,50,50,60,50,0,0,50,0,20,0,0,50,50,0,0,50,0,50,0,100,0,50,50,0,0,0,50,0,0,50,50,50,50,0,100,0,90,0,50,80,0,50,50,50,50,0,50,55,0,0,50,50,0
CJ2222280048,0,30,0,50,0,0,20,0,20,32,20,0,40,0,0,10,0,0,10,40,32,40,0,39,10,20,13,6,20,20,0,0,0,90,10,20,20,40,0,20,41,30,75,20,0,50,80,24,15,30,0,50,0,50,20,0
CJ2222280049,0,30,0,50,0,0,20,0,20,32,20,0,40,0,0,10,0,0,10,40,32,40,0,39,10,20,13,6,20,20,0,0,0,90,10,20,20,40,0,20,41,30,75,20,0,50,60,24,15,10,0,50,0,50,20,0
CJ2222280067,0,0,4,0,3,0,0,0,0,0,4,2,3,5,7,1,1,0,1,2,0,4,0,0,0,0,0,0,0,0,0,0,0,0,0,0,0,0,0,0,0,0,0,0,0,0,0,14,0,7,2,0,1,14,6,4
CJ2222280080,0,0,0,0,0,0,0,0,20,0,0,0,0,0,2,2,0,0,0,0,2,0,0,50,0,0,30,2,0,50,0,0,45,0,0,0,0,0,0,23,0,30,0,0,0,94,0,0,50,0,0,1,0,50,0,0
CJ2222280081,0,0,0,0,0,0,0,0,20,0,0,0,0,0,2,2,0,0,0,0,2,0,0,50,0,0,30,2,0,50,0,0,45,0,0,0,0,0,0,23,0,30,0,0,0,94,0,0,50,0,0,1,0,50,0,0
CJ2222280084,0,0,0,0,0,0,0,0,0,0,0,0,0,0,0,0,0,0,0,0,0,30,0,50,30,0,0,40,0,50,0,0,0,0,20,0,0,0,65,80,85,50,80,20,0,100,200,0,84,216,0,0,30,170,100,100
CJ2222280085,0,0,0,0,0,0,0,0,0,0,0,0,0,0,0,0,0,0,0,0,0,30,0,50,30,0,0,40,0,50,0,0,0,0,20,0,0,0,65,80,85,50,80,20,0,100,200,0,84,216,0,0,30,170,100,100
CJ2222280086,0,0,0,0,0,0,0,0,0,0,0,0,0,0,0,0,0,0,0,0,0,30,0,50,30,0,0,40,0,50,0,0,0,0,20,0,0,0,65,80,85,50,80,20,0,100,200,0,84,216,0,0,30,170,100,100
CJ2222280087,0,0,0,0,0,0,0,0,20,0,0,0,0,0,2,0,0,0,0,0,0,0,0,50,0,0,30,2,0,50,0,0,45,0,0,0,0,0,0,23,0,30,0,0,0,98,0,0,50,0,0,1,0,50,0,0
CJ4040030089,0,0,1,4,0,5,0,0,0,0,0,0,0,0,0,0,0,0,0,0,0,0,0,0,0,0,0,0,0,0,0,0,0,0,0,3,0,0,0,0,0,0,0,0,0,0,0,1,3,0,3,4,0,3,2,0
CJ4040090319,0,0,0,0,0,0,0,0,0,50,0,0,0,50,0,0,0,0,10,0,90,0,0,50,0,0,100,0,0,0,0,0,50,0,0,0,0,0,0,0,0,0,0,0,0,0,25,0,0,35,0,0,0,20,5,0
CJ4040090320,0,0,0,0,0,0,0,0,0,50,0,0,0,50,0,0,0,0,10,0,90,0,0,50,0,0,100,0,0,0,0,0,50,0,0,0,0,0,0,0,0,0,0,0,0,0,25,0,0,35,10,0,0,20,5,0
CJ4040090397,0,0,0,0,10,0,0,2,0,4,4,9,5,8,0,6,7,0,0,0,6,8,19,19,9,8,19,13,0,10,9,6,3,25,6,14,7,35,25,45,4,0,10,6,52,57,23,25,39,31,10,26,6,35,28,10
CJ4040090398,0,0,0,0,10,0,0,1,0,4,5,9,5,8,0,6,7,0,0,0,6,8,19,19,9,8,20,13,0,10,9,6,3,25,6,14,7,35,25,45,8,0,12,6,52,57,23,25,39,31,10,26,6,35,28,10
CJ4040090417,0,0,0,0,0,0,50,0,0,0,0,0,0,0,0,0,0,0,0,0,0,0,0,0,30,0,0,0,0,0,0,0,30,0,0,0,3,6,0,0,0,0,0,1,9,0,2,0,12,9,5,0,0,5,20,0
CJ4040090418,0,0,0,0,0,0,50,0,0,0,0,0,0,0,0,0,0,0,0,0,0,0,0,0,30,0,0,0,0,0,0,0,30,0,0,0,3,6,0,0,0,0,0,1,9,0,2,0,22,9,5,0,0,5,15,0
CJ4040090419,0,0,0,0,0,0,1,0,1,0,3,0,0,0,0,5,1,0,0,1,2,0,0,1,0,0,2,1,2,0,2,7,0,1,4,1,3,0,2,0,0,0,0,0,5,9,5,4,0,3,10,5,6,0,2,14
CJ4040090420,0,0,0,0,0,0,1,0,1,0,3,0,0,0,0,5,1,0,0,1,2,0,0,1,0,0,2,1,2,0,2,6,0,1,3,0,2,0,2,2,2,0,0,0,5,10,5,4,0,3,10,6,6,1,4,14
CJ4040090427,0,0,0,0,0,6,4,2,1,1,12,3,0,8,1,8,1,0,10,0,0,6,9,11,6,2,0,2,0,16,1,12,2,10,10,5,7,0,10,10,8,5,9,2,21,23,1,0,2,0,14,1,5,15,17,2
CJ4040090428,0,0,0,0,0,6,4,2,1,1,12,3,0,8,1,8,1,0,10,0,0,6,9,11,6,2,0,2,0,16,1,12,2,10,10,5,7,0,10,10,7,5,9,2,21,23,1,2,2,0,14,1,5,15,17,2
CJ4040090433,0,0,0,0,10,0,0,0,0,0,0,0,0,0,2,1,1,0,2,2,5,5,8,0,3,7,7,5,3,3,3,6,5,7,1,0,0,1,0,25,0,10,6,0,15,9,12,16,0,35,15,0,5,13,15,0
CJ4040090434,0,0,0,0,10,0,0,0,0,0,0,0,0,0,2,1,1,0,2,3,5,5,8,0,3,8,7,5,3,3,3,6,5,7,1,0,0,1,0,25,0,10,6,0,15,9,6,20,0,37,15,0,5,13,15,0
CJ4040090435,0,0,0,10,0,0,20,0,0,0,20,0,20,0,0,0,0,0,10,0,0,30,30,0,0,0,0,0,0,100,0,0,0,0,0,0,0,0,0,0,0,0,0,10,6,4,0,0,0,0,0,6,0,0,0,0
CJ4040090436,0,0,0,10,0,0,20,0,0,0,20,0,20,0,0,0,0,0,10,0,0,30,30,0,0,0,0,0,0,100,0,0,0,0,0,0,0,0,0,0,0,0,0,10,6,4,0,0,0,0,0,6,0,0,0,0
CJ4040090439,0,0,0,0,0,0,0,0,0,0,0,1,0,0,0,0,1,0,0,0,0,0,0,0,0,0,2,1,3,1,1,0,0,1,2,0,2,0,0,0,0,1,3,3,0,0,0,0,0,0,0,0,0,2,0,0
CJ4040090440,0,0,0,0,0,0,0,0,0,0,0,1,0,0,0,0,1,0,0,0,0,0,0,0,0,0,4,1,3,1,1,0,0,1,2,0,0,0,0,0,0,1,3,3,0,0,0,0,0,0,0,0,0,2,0,0
CJ4040090459,0,0,0,0,5,0,0,0,0,0,0,0,3,0,0,2,0,0,0,2,5,0,0,3,1,2,3,1,0,0,0,0,3,8,3,0,1,0,0,0,0,16,7,0,0,20,0,0,0,20,0,15,0,15,5,5
CJ4040090460,0,0,0,0,5,0,0,0,0,0,0,0,3,0,0,2,0,0,0,2,5,0,0,3,1,2,3,1,0,0,0,0,3,10,3,0,1,0,0,0,0,15,6,0,0,20,0,0,0,20,0,15,0,15,5,5
CJ4040090467,0,0,0,0,0,0,0,0,0,2,1,1,0,3,0,0,0,0,0,0,0,0,1,1,1,0,0,2,0,0,0,1,0,1,2,1,0,0,0,0,1,0,1,0,1,2,2,0,0,0,0,3,0,1,1,2
CJ4040090468,0,0,0,0,0,0,0,0,0,2,1,1,0,3,0,0,0,0,0,0,0,0,1,1,1,0,0,2,0,0,0,1,0,1,2,1,0,0,0,0,1,0,1,0,1,2,2,0,0,0,0,2,1,1,1,2
CJ4040190307,1,2,2,1,0,3,1,2,0,3,1,0,2,0,3,2,0,0,0,2,2,0,1,1,0,1,2,1,2,0,3,1,0,0,0,0,0,0,0,0,0,0,0,0,0,0,0,0,0,0,0,0,0,0,0,0
CJ4040190308,1,2,2,1,0,3,1,2,0,3,1,0,2,0,3,2,0,0,0,2,2,0,1,1,0,1,2,1,2,0,3,1,0,0,0,0,0,0,0,0,0,0,0,0,0,0,0,0,0,0,0,0,0,0,0,0
CJ4040190309,1,2,2,1,0,3,1,2,0,3,1,0,2,0,3,2,0,0,0,2,2,0,1,1,0,1,2,1,2,0,3,1,0,0,0,0,0,0,0,0,0,0,0,0,0,0,0,0,0,0,0,0,0,0,0,0
CJ4040190310,0,0,0,0,0,0,1,1,0,0,0,0,0,0,0,1,0,0,0,1,2,0,1,0,0,1,1,1,1,0,1,0,0,0,0,0,0,0,0,0,0,0,0,0,0,0,0,0,0,0,0,0,0,0,0,0
CJ4040190311,0,0,0,0,0,1,0,0,0,0,0,0,0,0,1,0,0,0,1,0,0,1,2,2,0,1,0,0,0,1,0,0,0,0,0,0,0,0,0,0,0,0,0,0,1,0,1,0,0,0,0,0,0,0,0,0
CJ4040190377,0,0,0,2,0,2,0,0,0,0,1,0,1,0,1,1,0,0,0,1,0,0,0,0,2,0,1,0,0,1,0,0,0,0,0,1,2,1,0,0,0,0,0,0,0,0,0,0,0,0,0,0,0,0,0,1
CJ4040200656,0,7,0,10,0,0,4,0,0,0,21,0,0,0,0,21,0,0,11,0,0,0,0,0,0,0,0,0,0,0,0,0,0,0,0,0,0,0,0,10,0,10,0,0,10,12,0,0,0,0,8,0,0,4,4,0
CJ4040500080,0,0,2500,0,0,0,0,800,0,0,0,2000,0,0,3300,0,0,0,0,1500,0,0,0,0,2500,0,0,3000,0,0,0,0,3000,0,0,0,0,0,0,0,3000,0,0,0,0,400,0,0,0,1300,0,0,0,0,0,0
CJ4040500162,0,0,0,0,1900,0,0,0,0,0,0,1500,0,0,1000,1000,0,0,0,0,0,1000,0,0,2000,0,0,0,0,1900,0,0,0,0,2000,0,0,0,2500,0,0,1000,4000,0,0,0,0,3400,0,0,1900,0,0,0,0,0
CJ4040500163,0,0,900,0,0,0,600,0,0,1000,0,0,0,0,1800,0,0,0,0,1000,0,0,0,0,1000,0,0,1400,0,0,0,0,600,0,0,0,0,500,1500,0,2200,0,1600,0,0,2400,0,0,0,2400,0,0,0,0,0,500
CJ4040500178,0,0,0,0,200,0,0,0,200,0,0,0,0,0,0,50,0,150,0,0,0,100,0,0,0,0,0,200,0,0,0,0,0,0,0,0,0,100,0,0,0,200,0,0,0,160,0,0,0,100,0,0,100,0,0,0
CJ4040500180,0,0,200,0,0,0,100,0,0,100,0,0,0,0,300,0,0,0,0,0,0,0,0,0,100,0,0,100,0,0,0,0,0,100,0,0,0,100,0,0,200,160,0,0,0,0,350,0,0,0,0,100,0,0,0,400
CJ4040500205,0,0,1000,0,0,0,400,0,0,1200,0,0,0,0,1400,0,0,0,0,0,0,500,500,0,1000,0,0,900,0,0,0,0,0,1000,0,0,0,850,250,0,2500,0,0,0,0,1500,0,0,0,1400,0,0,0,0,0,1000
CJ4040560322,0,0,0,0,0,0,0,0,0,0,0,0,0,4,6,2,0,0,0,0,2,0,0,0,0,2,4,2,0,2,0,0,0,0,0,0,0,0,0,0,0,2,0,0,0,0,4,12,2,4,6,2,2,8,8,0
CJ4040560323,0,0,0,0,0,0,0,0,0,0,0,0,0,4,6,2,0,0,0,0,1,0,0,0,0,1,2,1,0,1,0,0,0,0,0,0,0,0,0,0,0,1,0,0,0,0,2,5,1,2,3,2,1,4,4,0
CJ4040880026,0,0,0,0,0,5,7,1,1,1,2,0,1,1,6,3,3,0,2,3,4,2,0,3,3,0,1,0,3,5,6,7,0,10,5,0,5,10,0,0,0,0,0,0,0,0,2,9,7,7,6,2,0,5,0,5
CJ4040880027,0,0,0,0,0,5,7,1,1,1,2,17,0,0,0,0,0,0,0,30,0,0,0,0,0,0,0,0,10,0,0,10,0,10,6,0,0,0,0,0,0,0,0,0,0,0,0,5,5,5,0,0,0,5,0,0
CJ4040880028,0,0,0,0,0,5,7,1,1,1,2,0,1,1,6,3,3,0,2,3,4,2,0,3,3,0,1,0,3,5,6,7,0,10,5,0,5,10,0,0,0,0,0,0,0,0,2,9,7,7,6,2,0,5,0,5
CJ4141010124,0,0,0,0,0,0,500,0,0,0,0,400,0,0,400,500,0,0,0,0,500,0,0,0,0,0,0,0,0,0,400,0,0,0,0,0,0,500,0,0,0,200,0,0,200,0,300,0,0,0,300,0,0,0,0,0
CJ4141010125,0,0,0,0,0,0,500,0,0,0,0,500,0,0,500,600,0,0,0,0,0,500,0,0,0,0,0,0,0,0,300,0,0,0,0,0,0,0,0,0,0,200,0,300,0,0,500,0,0,600,0,0,0,0,0,0
CJ4141010126,0,0,0,0,0,0,500,0,0,0,0,500,0,0,544,56,0,0,0,0,0,500,0,0,0,0,0,0,0,0,300,0,0,0,0,0,0,0,0,0,0,200,0,300,0,0,500,0,0,600,0,0,0,0,0,0
CJ4141070086,0,0,0,0,5,5,0,0,10,0,0,20,0,0,5,0,0,0,15,0,10,0,0,0,10,0,0,0,10,0,0,20,0,0,0,0,0,0,0,0,0,0,0,0,0,0,0,0,0,0,0,0,0,0,0,0
CJ4141070101,30,20,60,20,50,0,0,70,0,50,0,50,0,25,20,10,0,0,0,20,20,0,0,0,0,15,0,70,0,0,50,10,0,0,10,0,0,0,0,0,30,40,0,0,20,15,8,0,0,20,0,0,0,30,0,0
CJ4141100494,0,5,0,0,0,5,0,3,5,0,0,0,0,0,0,0,0,0,0,0,0,0,5,0,7,0,5,5,5,5,0,5,0,5,0,5,0,5,0,0,0,0,0,0,0,0,0,0,0,3,17,1,0,0,0,0
CJ4141100498,0,10,0,0,10,0,0,0,3,5,0,0,0,0,0,0,5,0,0,0,0,5,0,0,5,0,3,4,0,5,5,0,5,0,0,0,5,0,5,0,0,5,0,0,0,0,0,0,0,0,0,0,0,0,0,0
CJ4141100502,0,0,5,10,25,0,0,0,0,0,0,0,5,10,0,0,0,0,0,0,0,15,0,0,0,5,0,0,0,10,5,5,5,0,5,0,0,10,0,10,0,5,5,7,0,0,0,5,0,0,5,0,0,0,0,0
CJ4141110017,0,0,2,0,0,5,3,0,0,0,0,0,0,0,0,7,0,0,0,0,5,0,0,0,0,0,0,16,0,4,0,8,0,0,4,0,4,4,0,0,0,4,4,0,0,0,0,0,2,2,0,0,0,2,0,0
CJ4141120416,0,0,5,0,0,0,5,0,0,5,0,0,5,0,0,0,0,0,0,0,0,0,3,0,2,0,3,5,5,5,3,2,0,7,5,0,0,5,5,0,0,5,0,0,0,0,0,0,0,0,0,0,0,0,0,0
CJ4141150756,0,0,0,0,0,0,0,0,0,0,0,0,0,0,0,0,0,0,0,0,0,0,0,0,0,0,0,0,0,0,0,0,0,22,0,1,0,0,0,0,30,50,40,0,50,0,40,0,50,50,50,0,40,0,50,0
CJ4141150757,0,0,0,0,0,0,0,0,0,0,0,0,0,0,0,0,0,0,0,0,0,0,0,0,0,0,0,0,0,0,0,0,0,0,0,13,30,0,30,0,90,30,40,0,20,0,40,0,50,50,50,0,40,0,70,0
CJ4141150758,0,0,0,0,0,0,0,0,0,0,0,0,0,0,0,0,0,0,0,0,0,0,0,0,0,0,0,0,0,0,0,0,1,50,0,1,0,0,50,0,50,50,40,0,50,0,40,0,50,50,50,0,18,0,0,0
CJ4141150833,0,0,0,0,0,0,0,0,0,0,0,0,0,0,0,50,0,0,98,152,0,100,140,74,0,250,0,0,110,0,100,0,78,0,80,0,0,50,0,50,0,50,0,50,0,100,0,0,0,0,50,0,108,0,0,0
CJ4141150840,0,0,0,0,0,0,0,0,0,0,0,0,0,0,0,0,0,0,0,0,0,0,0,150,80,0,70,18,82,80,20,0,0,0,0,0,160,0,40,200,0,100,0,50,0,60,60,60,120,0,0,0,0,0,77,30
CJ4141150866,1,0,0,0,0,0,0,0,4,0,0,0,3,1,0,0,1,0,0,0,0,0,0,0,0,0,2,1,0,0,0,0,2,0,2,0,0,0,0,2,0,0,0,0,0,0,0,6,0,1,1,0,0,0,0,1
CJ4141150881,0,0,0,0,0,0,0,0,0,0,9,0,5,0,7,4,0,0,0,0,0,0,0,0,0,0,0,0,2,0,6,2,5,0,3,0,4,5,5,5,0,5,5,0,0,15,10,0,23,0,20,0,0,0,0,0
CJ4141150900,0,0,0,0,0,13,0,0,5,0,20,0,20,0,0,0,0,0,0,0,0,0,0,0,0,5,15,15,15,15,10,25,0,0,0,0,0,0,0,0,0,0,0,0,0,0,0,0,0,0,0,0,0,0,0,0
CJ4141150905,0,0,0,1,0,0,0,1,1,17,5,2,1,2,0,0,1,0,0,0,6,2,1,1,0,0,0,0,0,0,0,0,0,1,0,0,0,0,0,0,0,2,0,0,0,0,0,5,0,0,1,2,0,0,0,1
CJ4141150910,0,3,0,0,1,2,1,0,0,2,0,2,2,0,1,0,2,0,0,2,0,1,0,0,2,2,1,0,0,2,3,1,0,2,1,0,0,0,1,0,2,0,0,0,0,0,3,3,0,0,0,0,0,2,0,0
CJ4141150911,0,0,3,3,1,3,0,2,0,0,1,3,1,1,1,0,1,0,0,0,0,3,1,0,2,1,1,3,1,0,0,1,0,0,0,0,0,0,0,0,0,0,0,0,0,1,1,3,0,2,1,1,0,0,0,1
CJ4141150914,0,0,2,0,0,0,0,0,0,0,0,0,2,1,0,0,0,0,0,1,1,0,0,0,1,0,0,3,0,0,1,0,0,0,0,0,0,1,0,0,0,0,1,0,0,1,0,0,2,0,0,0,0,0,0,2
CJ4141150920,0,0,0,0,0,0,0,0,0,0,0,0,0,0,0,0,0,0,0,0,20,50,0,15,15,0,0,0,0,0,0,0,0,0,0,0,0,10,14,1,25,15,11,0,0,0,0,0,0,0,0,0,0,0,0,0
CJ4141150948,0,0,0,0,0,0,0,0,0,0,0,0,0,0,0,0,0,0,0,0,0,0,0,0,0,0,0,0,0,25,0,30,0,0,45,0,0,0,0,0,100,0,0,50,50,0,50,1,50,0,99,0,0,0,0,0
CJ4141150986,0,0,0,0,0,0,0,0,0,2,0,0,2,3,0,6,1,0,1,0,2,7,10,3,14,8,10,19,4,14,0,18,6,18,12,0,0,0,0,25,10,15,0,0,0,0,0,20,30,0,0,0,0,0,0,0
CJ4141150987,0,0,0,0,1,1,3,0,0,0,0,0,0,0,0,0,0,0,0,0,0,0,0,0,2,0,0,5,3,0,0,0,0,0,0,0,0,0,0,0,0,0,0,0,0,0,0,0,10,1,9,0,0,10,0,10
CJ4141150988,0,0,0,0,1,1,3,0,0,0,0,0,0,0,0,0,0,0,0,0,0,0,0,0,5,3,0,4,3,0,1,1,1,2,0,0,1,1,0,0,3,2,0,0,3,0,0,0,10,1,0,0,0,10,0,10
CJ4141150992,0,0,0,0,4,3,4,0,0,0,0,0,0,2,0,0,1,0,1,0,3,0,0,1,0,2,0,0,0,1,1,0,1,2,0,3,0,2,0,1,0,1,0,0,2,6,4,3,3,0,0,0,0,0,13,0
CJ4141150995,0,0,0,0,1,0,0,0,0,0,1,1,0,0,0,1,1,0,0,0,0,0,0,0,0,0,0,0,3,0,0,0,0,0,0,0,0,0,4,0,0,0,0,0,0,6,3,19,0,0,0,0,0,0,0,0
CJ4141150997,0,0,0,0,0,0,0,0,0,0,0,0,0,0,0,0,0,0,0,0,0,0,0,0,0,0,5,2,1,6,0,5,5,0,10,0,0,0,0,0,0,5,5,11,0,0,0,0,0,0,0,0,0,0,0,0
CJ4141150998,2,3,0,1,2,6,0,0,1,3,5,1,1,0,1,3,0,0,0,0,1,0,0,0,0,0,0,0,0,0,0,0,0,0,0,0,0,0,0,0,0,0,0,0,0,0,0,0,0,0,0,0,0,15,10,10
CJ4141151001,0,0,0,0,1,1,13,7,22,5,11,0,0,0,0,0,0,0,0,0,0,0,0,0,0,0,0,0,0,0,0,0,0,0,0,20,30,50,0,0,0,0,0,0,0,0,50,0,0,0,0,0,0,0,0,0
CJ4141151004,0,0,0,0,0,4,4,0,0,2,1,1,1,3,1,13,2,0,2,0,0,2,2,9,0,2,5,2,5,12,5,5,10,5,13,3,5,0,10,8,16,0,15,0,25,10,10,20,20,0,0,10,20,0,20,0
CJ4141151007,0,0,0,0,1,1,1,0,0,0,0,0,0,0,0,0,0,0,0,0,1,4,3,2,0,7,3,5,6,2,2,2,0,0,4,2,0,0,0,5,13,6,0,0,0,0,0,0,0,50,0,0,20,20,10,10
CJ4141151008,0,0,0,0,0,0,0,0,0,0,1,0,2,3,0,3,3,0,6,0,0,1,0,0,0,0,0,8,1,5,5,0,3,4,0,5,2,5,3,10,5,0,0,0,0,0,0,0,10,21,0,0,0,0,19,0
CJ4141151013,0,1,0,0,0,1,0,0,6,0,2,10,0,1,2,1,3,0,1,0,0,0,1,0,2,3,8,0,5,0,3,0,0,0,0,0,0,0,5,0,3,0,0,0,0,3,5,0,0,1,2,0,9,0,0,0
CJ4141151026,0,0,0,0,1,1,0,0,1,0,1,1,1,2,0,0,4,0,0,0,0,2,1,2,1,2,0,0,0,4,0,2,0,3,0,1,2,2,0,0,1,1,7,0,1,1,2,3,4,2,4,0,0,0,0,4
CJ4141151028,0,0,0,0,0,1,1,0,0,0,1,0,1,0,0,0,0,0,0,0,0,0,0,0,0,0,0,0,0,1,0,0,0,0,0,0,1,0,0,0,0,1,1,0,0,0,2,0,0,0,0,0,0,2,4,0
CJ4141151029,0,0,0,0,0,1,1,0,0,0,0,0,0,0,0,1,0,0,0,0,4,0,0,0,0,3,1,1,0,0,0,0,2,6,2,1,3,0,0,0,0,12,2,0,5,16,10,1,10,15,20,0,0,10,10,10
CJ4141180013,0,0,0,0,90,0,15,120,0,0,0,0,15,30,0,15,15,0,0,0,0,30,0,15,0,30,0,19,0,0,0,0,0,0,0,0,0,0,0,0,0,0,0,0,0,0,0,0,0,0,0,0,0,0,0,0
CJ4141200252,0,0,0,0,0,0,10,20,0,0,0,0,0,0,10,0,10,0,0,0,10,0,0,0,10,20,0,10,0,30,10,30,0,0,20,0,0,10,30,0,0,20,0,0,10,0,10,0,10,0,0,10,0,0,0,0
CJ4141230015,0,0,0,0,0,0,0,0,0,0,0,0,0,0,0,0,0,0,0,20,80,0,0,0,0,0,0,30,20,20,0,70,60,0,0,0,0,0,0,0,0,100,0,100,0,100,0,0,0,50,100,0,10,50,0,50
CJ4141240143,0,0,20,0,0,0,0,13,0,0,0,0,20,0,0,0,0,0,0,0,0,0,20,0,0,0,0,0,0,0,0,10,0,0,0,0,0,0,0,10,0,11,0,10,0,10,0,0,9,5,3,0,0,0,0,5
CJ4141240147,0,0,20,20,0,0,0,0,0,0,0,0,0,0,0,0,0,0,0,0,0,0,0,50,0,20,20,20,0,0,0,0,0,40,0,20,10,20,0,80,0,0,0,0,0,0,0,0,0,0,0,0,0,0,0,0
CJ4141240148,0,0,40,68,0,0,0,0,0,0,0,0,0,0,0,0,0,0,0,0,0,0,0,80,0,20,80,20,0,0,32,0,0,0,0,60,0,0,40,40,10,0,0,0,30,0,0,0,0,0,0,0,0,0,0,0
CJ4141240149,0,0,0,0,50,0,0,0,0,0,0,0,0,0,0,0,0,0,0,0,0,0,0,0,0,30,0,0,0,0,0,0,0,2,80,20,10,40,50,0,0,0,0,0,20,10,0,0,0,0,0,0,0,20,0,0
CJ4141240173,0,60,0,40,0,0,40,0,0,20,0,0,0,0,0,0,0,0,0,0,0,0,60,70,0,80,100,20,0,160,0,0,0,0,80,70,0,0,40,60,110,50,0,0,80,70,0,0,52,40,58,0,0,0,0,0
CJ4141240179,0,25,0,0,0,0,0,0,0,0,0,0,0,0,0,0,0,0,0,0,0,0,0,40,0,20,40,0,10,20,0,0,10,20,20,10,0,0,10,30,10,0,0,0,20,10,0,40,0,20,0,5,0,0,0,0
CJ4141240183,10,0,0,0,0,0,0,0,0,0,0,0,0,0,0,0,2,0,0,0,2,0,0,1,0,3,0,1,1,1,2,2,0,2,0,0,0,0,0,0,0,0,0,0,0,0,0,0,1,0,0,0,2,1,1,0
CJ4141240199,0,3,5,0,22,0,0,0,0,0,0,0,0,22,0,0,0,0,0,0,0,0,0,0,10,10,0,0,0,7,0,0,2,17,0,0,0,10,0,5,0,0,0,0,5,0,0,3,3,0,5,3,0,0,0,0
CJ4141240205,0,0,20,0,0,0,0,0,0,0,5,0,5,6,10,10,0,0,0,0,0,0,1,0,8,5,0,0,0,2,0,0,5,0,5,0,5,10,0,0,5,0,10,10,0,0,0,13,10,9,10,0,0,5,10,10
CJ4141240210,0,0,0,20,0,0,0,30,0,0,20,20,20,20,0,20,0,0,0,0,40,20,20,25,0,24,30,0,0,28,20,20,0,30,0,0,20,0,0,0,0,0,13,0,10,20,0,0,0,0,0,0,0,0,0,0
CJ4141240228,0,0,3,0,0,0,2,0,0,0,0,2,2,0,0,5,2,0,0,3,1,3,5,8,2,3,15,5,0,3,2,6,3,10,3,0,0,25,20,30,5,0,0,0,39,21,2,21,20,11,6,5,0,20,10,0
CJ4141240229,0,0,0,3,0,0,3,0,0,0,1,3,0,2,0,0,0,0,0,0,0,0,2,2,0,2,0,3,0,0,0,2,2,0,0,0,0,4,0,0,7,0,4,0,5,0,0,0,0,0,0,0,0,0,0,0
CJ4141240232,2,2,0,0,10,0,0,2,4,4,5,0,1,0,5,2,0,0,0,0,1,8,9,3,11,0,5,9,17,14,0,0,0,0,0,0,0,0,0,0,0,0,0,0,10,5,0,0,5,0,0,0,0,0,0,0
CJ4141240233,0,0,0,0,2,0,7,0,0,0,0,0,0,1,0,0,0,0,0,0,0,0,0,0,0,3,0,0,0,0,1,0,2,2,0,0,0,0,0,0,0,0,0,0,0,5,1,3,2,0,0,0,0,0,6,0
CJ4141240236,23,2,5,0,14,0,10,10,14,42,30,26,30,0,30,20,20,0,0,0,0,15,16,20,11,12,0,0,0,20,10,10,0,0,0,0,0,0,0,0,0,0,0,0,0,0,0,0,0,0,0,0,0,0,0,0
CJ4141240237,0,0,0,0,0,0,6,1,0,0,6,0,2,8,1,1,3,0,0,0,9,5,8,7,6,11,4,6,0,6,5,0,0,0,0,14,7,9,0,0,0,0,0,0,0,30,17,1,24,15,0,0,0,0,0,0
CJ4141240239,0,0,0,0,0,0,12,0,2,0,0,0,5,1,2,4,2,0,0,0,3,5,0,4,9,7,3,4,0,0,0,0,12,6,0,0,0,6,0,5,5,0,0,0,12,0,3,0,14,7,4,0,0,0,40,0
CJ4141240241,0,2,2,0,4,0,0,0,0,0,4,0,0,0,0,0,0,0,0,0,0,0,4,6,0,4,0,3,0,4,0,9,0,0,0,0,0,0,0,0,0,0,0,5,1,0,14,18,10,2,0,0,0,20,0,10
CJ4141240244,0,0,3,12,0,0,0,0,12,0,5,2,7,5,1,7,5,0,0,0,8,5,8,0,0,5,5,0,7,6,5,0,5,0,0,0,0,0,0,0,0,0,10,0,7,10,8,0,13,0,11,0,0,0,0,0
CJ4141240245,0,0,0,16,0,0,0,7,0,0,20,5,6,0,10,0,0,0,0,20,10,0,16,8,10,10,0,0,0,0,0,0,0,0,0,0,0,0,0,0,0,0,0,0,0,0,0,0,0,0,0,0,0,0,0,0
CJ4141240246,0,0,0,0,0,0,0,0,0,0,1,1,0,1,0,2,0,0,0,0,0,0,0,0,0,0,0,1,2,0,2,5,0,0,0,0,0,0,0,0,0,0,0,0,1,3,0,0,0,0,0,0,0,0,0,1
CJ4141240248,0,0,0,0,0,0,0,0,2,0,6,0,0,0,7,0,0,0,5,0,3,0,0,0,2,5,0,0,10,8,5,0,0,0,6,0,0,10,10,0,0,10,10,0,0,20,25,0,10,10,10,0,0,10,9,10
CJ4141240250,0,0,0,0,0,0,4,4,13,0,12,0,0,0,0,0,0,0,0,0,0,21,0,12,5,6,10,0,10,15,15,10,15,10,12,0,9,0,5,10,6,9,20,10,0,45,31,20,20,26,30,0,0,15,0,0
CJ4141240252,0,0,0,0,1,6,1,2,2,1,10,3,0,7,0,4,0,0,4,0,4,6,8,9,5,0,0,0,0,16,0,10,0,9,10,6,5,0,10,10,5,5,5,0,20,20,10,5,0,5,10,0,0,10,0,0
CJ4141240256,0,0,0,0,2,0,0,2,1,0,2,0,3,0,2,1,1,0,2,1,3,2,11,1,1,7,8,6,1,3,3,5,5,4,0,0,0,0,0,25,0,10,3,0,15,4,2,0,26,16,15,0,0,0,0,0
CJ4141240257,0,0,0,3,0,0,0,13,3,0,5,4,7,0,8,0,1,0,11,0,0,0,6,0,8,3,4,5,5,7,0,10,0,0,0,2,0,0,0,0,0,0,0,0,6,0,0,0,17,11,0,8,1,0,0,0
CJ4141240259,0,0,0,0,0,1,2,0,0,0,1,0,0,0,0,9,0,0,0,0,2,0,1,2,1,2,0,1,0,1,1,2,2,0,0,0,0,0,0,1,3,0,0,2,1,4,1,0,2,2,5,1,0,0,8,0
CJ4141240260,0,3,3,0,4,0,2,2,5,0,3,2,2,2,0,3,0,0,0,0,3,1,7,8,1,7,2,3,0,0,0,7,0,5,0,0,0,1,0,0,0,0,2,8,1,6,0,0,0,0,0,0,0,0,0,0
CJ4141240261,0,0,0,0,0,0,0,0,0,0,0,0,0,0,0,0,0,0,0,0,0,0,0,0,0,0,2,0,0,4,3,0,0,0,7,5,0,16,10,5,7,0,5,0,0,10,10,0,10,0,10,0,0,0,0,0
CJ4141240262,0,0,0,5,10,0,0,0,0,0,15,0,0,0,0,0,0,0,0,0,3,3,7,0,0,3,0,5,0,10,0,0,0,0,2,7,0,5,10,8,7,0,0,0,5,15,0,10,0,10,0,0,0,0,0,0
CJ4141240264,0,0,0,0,0,10,0,0,20,0,5,5,8,10,5,0,10,0,0,27,0,10,0,12,9,0,0,0,20,20,0,20,10,15,0,10,10,10,10,20,0,30,20,10,10,20,0,10,0,9,19,0,9,10,70,10
CJ4141240265,0,0,1,1,0,0,0,2,0,0,1,0,0,0,0,4,0,0,0,0,5,6,0,0,2,5,0,0,0,3,3,0,0,2,5,0,0,0,0,0,2,0,0,0,2,0,0,0,0,0,5,0,0,4,0,0
CJ4141240266,0,0,0,0,1,0,0,1,0,0,0,0,0,0,0,0,0,0,0,1,1,0,0,0,0,0,0,2,0,0,0,2,0,1,0,0,2,1,0,0,0,2,1,2,2,3,0,0,0,0,0,1,0,1,0,0
CJ4141240268,0,0,5,0,0,0,3,1,0,0,1,1,4,0,0,0,2,0,0,0,0,0,0,0,4,0,0,0,0,0,0,2,2,7,0,0,0,5,0,0,5,0,0,0,0,0,0,0,0,0,0,0,0,0,0,0
CJ4141240271,0,0,0,0,1,0,1,0,0,1,0,0,3,0,0,3,0,0,0,1,5,0,0,3,0,2,3,1,1,0,0,0,3,6,1,0,0,0,0,0,0,20,7,0,0,24,3,0,5,15,4,11,0,15,5,5
CJ4141240272,0,0,0,0,0,0,0,0,0,0,0,0,0,0,0,0,0,0,0,0,3,1,0,0,1,0,0,0,0,0,0,0,2,0,1,2,0,0,0,0,1,0,3,0,0,0,0,0,3,0,2,0,0,0,0,5
CJ4141240273,0,0,0,0,0,0,0,0,0,0,0,2,0,1,0,0,0,0,0,0,1,2,0,0,0,1,0,0,0,1,1,0,0,1,0,0,0,0,0,0,1,0,0,0,0,0,3,0,0,0,0,0,0,0,0,0
CJ4141240278,0,0,0,0,0,0,0,0,0,2,1,0,1,1,0,0,0,0,0,0,0,0,1,1,1,0,0,2,0,0,0,1,0,0,2,1,0,0,0,0,0,0,0,0,0,2,0,0,0,0,2,1,1,0,1,1
CJ4141240279,0,0,0,0,0,0,0,0,0,0,0,0,0,2,6,0,0,0,0,0,0,0,0,2,0,0,5,0,0,0,3,0,0,0,0,0,0,0,0,0,3,5,5,0,0,2,3,0,0,2,2,0,0,5,0,0
CJ4141240282,0,0,0,0,0,0,0,0,0,0,0,0,0,0,1,0,0,0,0,0,3,0,0,0,2,0,0,0,0,0,3,0,0,0,0,0,0,1,0,0,0,1,0,0,0,0,0,0,0,1,7,0,0,1,2,0
CJ4141240289,0,0,0,0,0,0,0,0,0,0,0,0,0,0,0,0,0,0,0,0,0,0,30,0,0,1,0,8,7,8,0,20,0,10,10,0,0,22,19,7,0,0,0,0,4,0,0,0,0,0,0,0,0,0,0,0
CJ4141240293,0,0,0,0,0,0,0,0,0,0,0,0,0,0,0,0,0,0,0,0,0,0,0,0,0,0,0,0,0,0,0,1,0,1,0,0,0,0,1,5,2,0,0,0,0,3,0,3,0,3,5,3,6,0,0,10
CJ4141260073,0,61,0,20,10,70,60,20,40,70,30,0,0,30,50,30,20,20,0,30,20,19,0,0,0,0,0,0,0,0,0,0,0,0,0,0,0,0,0,0,0,0,0,0,0,0,0,0,0,0,0,0,0,0,0,0
CJ4141260079,0,30,0,0,20,10,20,20,10,10,0,0,0,10,10,20,10,0,0,0,10,10,20,0,10,0,20,10,20,0,10,30,10,0,40,0,0,20,20,20,0,10,10,10,10,0,0,10,10,10,0,0,0,0,10,0
CJ4141260084,0,20,0,0,10,10,10,0,10,10,0,0,0,0,10,0,0,0,0,0,10,0,0,0,10,10,10,10,20,0,0,20,0,10,10,0,10,10,20,0,0,10,0,0,10,0,0,10,0,0,10,0,0,0,0,0
CJ4141260098,0,0,10,0,0,10,10,0,0,0,0,0,5,5,0,10,5,0,0,0,5,5,0,5,5,10,0,10,5,10,10,0,20,0,0,0,20,8,0,0,5,0,0,0,0,0,0,0,0,0,0,3,0,0,9,0
CJ4141360735,0,5,0,0,0,5,5,5,5,0,0,0,0,0,0,0,0,0,0,0,0,0,0,0,5,0,0,0,0,0,0,5,0,0,5,0,0,0,5,0,5,0,0,0,0,0,0,0,0,0,0,0,0,0,0,0
CJ4141410133,0,0,0,0,0,0,0,0,0,0,0,0,0,0,0,0,0,0,0,0,0,0,0,0,160,0,340,0,0,0,0,0,0,0,0,0,0,0,0,0,0,0,0,50,30,20,20,0,0,60,0,20,0,20,40,0
CJ4141410136,0,0,0,0,0,0,0,0,0,0,0,0,0,0,0,0,0,0,0,0,0,0,0,152,0,0,0,0,0,0,0,50,50,70,40,0,0,0,0,39,100,70,90,50,0,50,0,0,0,39,0,0,0,0,0,0
CJ4141410137,0,0,0,0,0,0,0,0,0,0,0,0,0,0,0,0,0,0,0,0,0,0,0,149,0,0,0,0,0,0,0,50,50,50,40,0,0,0,0,39,100,70,50,50,0,50,0,0,0,30,40,29,0,0,0,0
CJ4141410172,0,0,0,0,0,0,0,0,0,0,0,0,0,0,0,0,0,82,70,148,0,0,100,317,0,300,0,0,0,0,100,200,0,0,0,0,0,0,0,0,50,150,0,50,170,0,0,0,0,0,0,0,0,0,22,0
CJ4141410173,0,0,0,0,0,0,0,0,0,0,0,0,0,0,0,0,0,55,70,175,0,0,100,317,0,300,0,0,0,0,160,140,0,0,0,0,0,0,0,0,50,150,0,50,170,0,0,0,0,0,0,0,0,0,90,0
CJ4141410210,0,0,0,0,0,0,0,0,0,0,0,0,0,0,0,0,0,0,0,0,0,0,100,0,0,0,0,0,0,50,0,50,0,100,0,0,50,20,0,30,50,0,0,0,0,70,80,0,0,20,30,20,20,20,0,0
CJ4141410211,0,0,0,0,0,0,0,0,0,0,0,0,0,0,0,0,0,0,0,0,0,0,100,0,0,0,0,0,0,0,0,30,0,100,50,20,0,0,0,0,20,20,0,0,0,70,80,0,0,0,30,50,20,20,0,0
CJ4141640173,0,0,0,0,75,0,0,60,0,0,0,0,15,15,0,15,15,0,0,0,0,30,0,0,0,0,0,15,0,30,0,30,15,0,0,0,0,30,0,15,0,15,15,0,15,0,0,15,15,0,15,15,0,0,0,0
CJ4141670290,0,0,0,10,0,0,0,0,0,0,8,0,0,2,0,30,0,0,0,0,0,10,0,0,0,0,0,0,0,0,30,20,0,0,0,0,0,20,0,0,0,22,0,0,0,10,0,0,0,0,10,0,0,0,0,0
CJ4141670314,1,5,2,12,5,7,2,3,5,2,0,2,8,4,2,0,0,0,0,0,0,0,0,0,0,0,0,0,0,0,0,0,0,0,0,0,0,0,0,0,0,0,0,0,0,0,0,0,0,0,0,0,0,0,0,0
CJ4141670383,0,480,560,400,0,240,800,400,560,0,0,0,0,160,880,640,320,0,0,0,400,400,640,0,0,0,0,400,300,700,600,80,720,1200,0,0,0,0,0,0,0,0,0,0,0,0,0,0,0,0,301,360,120,0,220,0
CJ4141670399,336,1232,896,996,672,504,224,560,784,896,168,122,56,56,56,56,0,0,0,168,0,560,224,280,448,896,1008,448,1120,224,0,560,56,56,56,56,168,224,112,56,56,56,56,0,56,112,0,0,0,0,0,0,0,0,0,0
CJ4141670447,0,0,0,30,0,90,130,140,70,40,80,30,49,40,60,0,60,20,30,80,0,30,0,120,40,49,0,0,0,30,30,39,0,0,30,30,0,40,0,30,30,40,20,0,80,0,0,0,0,0,0,0,0,0,0,0
CJ4141670498,0,0,40,0,40,0,0,0,0,40,0,0,30,0,0,0,30,0,50,30,0,30,0,0,0,0,0,0,10,0,0,30,299,0,0,10,10,30,0,0,148,0,200,400,50,0,200,170,20,0,0,0,0,110,50,0
CJ4141670499,0,0,200,0,0,0,0,0,0,100,0,0,100,0,0,0,100,0,100,0,0,50,0,0,0,0,0,0,20,0,0,60,800,0,0,10,0,0,0,0,200,40,411,800,100,0,400,300,0,0,0,0,0,220,100,0
CJ4141670606,0,0,0,0,0,0,0,0,0,0,0,0,0,0,133,0,102,0,0,42,120,36,70,70,0,0,60,60,0,40,0,0,0,120,60,80,60,48,0,0,0,0,0,0,0,0,0,0,0,0,0,0,0,0,0,0
CJ4141670665,0,1,0,0,2,4,4,2,5,1,5,1,7,3,8,6,2,1,0,3,3,1,3,2,1,3,1,1,1,2,2,2,1,1,0,5,1,1,2,6,5,5,2,1,2,0,3,0,5,0,0,1,0,0,1,0
CJ4141670668,0,0,0,0,0,40,120,50,60,180,170,0,180,60,180,60,60,70,0,140,140,160,80,80,90,70,10,30,0,60,0,49,100,80,40,60,70,170,370,0,0,0,0,3,70,30,70,60,60,30,30,30,40,40,30,0
CJ4141670717,98,0,0,0,0,50,100,150,250,50,0,400,150,150,100,50,250,0,0,250,200,250,300,200,150,100,100,150,0,100,450,50,100,150,150,0,100,0,0,210,400,500,390,0,100,399,100,100,100,100,100,300,0,200,200,100
CJ4141670719,0,10,0,0,0,0,0,0,20,10,20,0,0,30,0,25,0,0,20,25,35,0,50,20,0,20,20,30,0,20,0,70,20,55,0,0,40,0,75,25,25,50,0,0,0,0,0,0,0,50,0,50,0,0,0,0
CJ4141670727,0,0,0,0,0,0,0,0,0,0,0,20,30,0,0,0,0,0,25,0,0,0,0,0,0,0,0,0,15,0,20,0,0,0,20,0,0,30,0,0,0,0,30,0,0,0,0,0,0,10,0,50,0,0,0,0
CJ4141670733,0,2,0,0,3,2,0,2,1,1,2,1,2,2,1,0,0,0,0,0,0,0,0,0,0,0,0,0,0,0,0,0,0,0,0,0,0,0,0,0,0,0,0,0,0,0,0,0,0,0,0,0,0,0,0,0
CJ4141670763,0,1,0,1,0,0,0,0,0,0,0,1,0,0,0,0,0,0,0,0,0,0,0,0,0,0,0,0,0,3,0,1,0,6,0,0,0,1,1,1,1,0,0,0,0,0,1,0,0,0,6,0,0,0,0,0
CJ4141670784,0,0,0,0,0,0,0,0,0,0,0,0,0,0,0,0,0,0,0,0,0,0,0,0,0,0,20,30,31,19,0,0,0,0,0,0,0,0,0,5,0,20,50,20,0,10,0,0,0,0,50,30,0,20,0,0
CJ4141670785,5,0,5,5,0,5,5,5,5,15,5,0,5,0,10,0,5,0,0,0,10,0,5,0,15,0,0,3,17,10,3,10,0,5,5,0,5,15,5,0,0,10,9,5,0,0,10,0,0,0,5,0,0,0,5,0
CJ4141670796,1,0,0,1,0,0,0,0,0,0,1,1,2,0,2,0,0,0,0,0,0,0,0,0,0,0,0,0,0,0,0,1,0,1,0,0,0,1,1,0,0,2,1,0,0,0,0,0,0,0,0,0,0,0,2,0
CJ4141670805,0,0,0,0,0,120,80,0,120,120,120,40,100,40,60,0,0,0,100,100,60,120,60,160,80,120,40,30,80,110,40,0,140,130,30,90,140,60,100,10,43,80,70,150,170,135,0,0,0,0,0,0,0,57,120,40
CJ4141670828,40,30,40,40,70,250,40,110,50,0,80,120,130,0,80,80,50,0,0,40,58,40,90,30,60,120,80,0,40,70,70,80,90,70,100,70,90,140,120,171,60,60,130,190,220,109,60,90,100,140,50,130,102,0,139,60
CJ4141670830,0,1,3,2,4,0,1,0,0,0,1,0,6,3,4,1,0,0,0,3,0,0,0,1,1,2,2,0,0,0,0,0,0,0,0,0,0,0,0,0,0,0,0,0,0,0,0,0,0,0,0,0,0,0,0,0
CJ4141670833,0,0,0,0,30,0,20,0,0,13,0,0,0,30,0,20,0,0,0,0,0,0,0,0,30,0,20,0,0,0,0,0,0,0,0,0,0,20,0,0,0,17,0,0,0,0,0,0,0,10,10,10,0,10,10,0
CJ4141670837,0,30,30,30,0,24,0,0,0,0,0,30,0,30,40,0,30,0,0,30,30,0,30,0,0,0,0,0,12,80,0,0,50,30,30,0,50,60,30,0,40,30,20,40,40,0,20,50,50,50,59,0,20,20,40,0
CJ4141670850,0,0,0,20,0,0,0,0,0,0,30,0,0,0,0,0,0,0,0,20,0,0,0,0,0,0,10,10,0,0,0,20,0,0,0,20,0,10,20,0,0,0,40,30,0,0,0,10,0,0,10,8,0,0,0,0
CJ4141670852,0,40,90,40,40,40,0,0,40,0,40,0,120,50,0,0,0,0,50,0,0,40,0,80,0,0,0,20,0,10,0,20,40,0,0,10,30,20,50,100,90,110,0,100,0,80,10,30,10,20,20,30,20,50,50,0
CJ4141670853,0,80,180,80,80,80,0,0,80,0,80,0,243,0,0,40,60,0,100,0,0,80,0,160,0,0,0,40,0,20,0,40,80,0,0,20,60,40,100,200,180,220,0,200,0,160,20,60,20,40,40,60,40,100,100,0
CJ4141670864,10,32,0,45,45,15,20,20,5,15,5,5,0,5,10,30,5,0,5,5,15,20,5,20,10,10,5,0,0,0,0,0,0,0,0,0,10,16,15,15,10,10,10,15,10,0,10,10,10,5,10,0,0,0,0,0
CJ4141670865,0,0,0,1,0,0,2,2,0,0,1,1,0,0,0,1,2,0,0,0,0,0,3,0,0,0,0,0,0,0,6,0,0,0,0,0,2,0,1,1,2,0,0,0,0,1,1,0,0,0,0,0,0,0,2,0
CJ4141670866,0,5,0,5,5,15,15,5,0,10,5,0,0,0,20,0,5,0,0,5,5,15,0,0,0,5,10,5,0,0,2,10,2,3,5,10,5,10,5,5,5,5,5,5,0,0,3,5,5,0,0,0,0,0,0,0
CJ4141670873,0,0,0,0,0,0,0,0,1,0,2,0,2,3,0,0,0,0,0,0,0,0,0,2,1,0,0,0,0,1,5,0,0,1,0,0,0,0,0,0,0,0,0,0,0,0,0,0,0,14,2,0,2,2,0,0
CJ4141670879,0,0,0,0,0,0,0,1,0,1,2,0,1,0,1,0,0,0,0,0,1,1,0,0,1,2,1,0,2,0,3,1,0,2,3,3,1,1,1,0,0,0,0,3,1,1,3,1,0,0,0,0,0,0,1,0
CJ4141670881,0,0,0,0,0,0,0,0,0,0,0,0,0,0,0,0,0,0,0,0,0,0,0,0,0,0,0,0,0,0,0,0,0,0,70,0,150,77,0,103,100,150,100,150,20,80,150,0,110,100,0,0,0,170,30,0
CJ4141670883,0,0,8,0,0,0,0,7,0,10,0,10,0,0,10,13,0,0,0,0,10,10,0,0,3,7,0,5,0,10,15,0,0,20,0,20,0,10,10,20,0,0,0,0,0,30,10,0,0,10,0,0,10,10,10,0
CJ4141670892,1,2,0,0,2,0,0,0,0,0,1,1,1,2,0,0,1,0,0,2,0,1,0,1,0,1,0,1,2,1,0,2,0,1,1,2,0,0,0,0,3,0,1,0,0,3,0,1,0,2,0,1,0,1,2,0
CJ4141670916,0,10,10,0,10,30,0,5,5,20,5,0,0,0,20,0,0,0,0,10,20,10,0,10,0,10,0,5,10,0,10,20,0,10,0,0,5,20,10,0,0,5,5,5,15,0,0,0,10,0,10,0,0,10,0,0
CJ4141670917,0,5,0,0,0,15,0,0,5,5,0,0,0,0,15,0,0,0,0,0,10,0,0,10,0,0,0,5,15,0,0,0,0,0,0,0,5,7,0,0,5,5,0,5,0,0,0,0,5,0,5,0,0,0,3,0
CJ4141670918,6,5,7,7,25,6,10,3,5,20,14,7,7,10,8,5,8,0,1,13,12,14,4,9,14,10,8,8,8,11,5,3,3,3,0,0,0,0,0,0,0,0,0,0,0,0,0,0,0,0,0,0,0,0,0,0
CJ4141670930,0,0,0,0,0,0,0,0,0,0,0,0,0,0,0,0,0,0,0,0,0,0,0,0,0,0,0,0,0,0,3,2,2,3,2,3,6,2,3,5,0,5,1,0,9,2,2,0,0,0,0,0,0,0,0,0
CJ4141670931,140,260,540,120,0,0,600,400,240,280,740,280,0,0,240,700,160,0,440,320,400,680,440,560,640,840,600,920,200,560,800,920,1080,300,120,0,120,420,840,360,140,0,0,0,0,0,0,0,0,0,440,560,600,270,0,0
CJ4141670932,0,0,0,0,0,0,0,0,0,0,0,0,0,0,2,0,0,0,0,4,1,2,0,0,1,0,0,0,0,1,1,0,1,1,1,0,0,0,0,2,1,4,1,0,2,2,3,0,0,0,0,0,0,0,0,0
CJ4141670934,0,0,0,0,0,0,0,0,0,0,0,0,0,0,0,0,0,0,0,0,0,0,0,0,0,0,0,0,21,52,0,42,0,46,39,0,0,7,14,31,7,9,4,36,17,0,12,51,14,49,58,0,0,21,21,0
CJ4141670941,0,0,40,0,30,0,40,0,0,30,40,0,40,0,40,0,0,0,0,40,0,0,0,40,0,20,10,0,20,60,0,30,0,40,20,62,34,34,30,70,0,19,0,83,51,0,68,0,34,34,34,64,0,40,20,0
CJ4141670944,0,0,0,0,0,0,0,10,0,10,0,15,0,0,15,0,0,0,0,0,0,0,0,0,18,2,0,5,0,15,0,20,0,20,0,0,20,0,20,0,20,20,0,0,30,10,20,10,10,0,0,10,0,0,20,0
CJ4141670946,50,80,130,49,107,100,110,170,60,240,120,180,110,120,200,60,60,0,60,150,160,240,120,270,120,40,110,0,70,140,40,160,170,210,160,190,110,200,180,220,300,300,200,300,219,120,120,140,0,100,320,80,100,260,200,100
CJ4141670947,0,0,0,1,0,0,0,1,1,17,5,2,1,2,0,0,1,0,0,0,6,2,1,1,3,0,0,2,0,0,0,0,0,0,0,0,0,0,0,0,0,0,0,0,0,0,0,0,0,0,0,0,0,0,0,0
CJ4141670952,0,0,2,2,3,1,1,1,0,1,1,1,1,1,0,0,0,0,0,1,0,1,0,0,1,5,0,1,1,1,0,1,2,1,3,1,0,2,0,0,0,1,3,0,0,1,0,0,1,5,0,0,0,0,0,0
CJ4141670958,3,2,0,2,0,0,0,0,1,0,2,2,1,0,3,0,0,0,0,0,0,2,1,0,2,0,0,1,1,1,0,0,0,0,1,0,0,0,0,1,0,0,0,0,0,1,0,2,0,0,0,0,0,0,0,0
CJ4141670962,0,4,3,1,2,5,2,5,5,2,4,4,5,5,1,6,0,0,0,0,2,13,5,6,0,0,0,0,0,0,0,0,0,0,0,0,0,0,0,0,0,10,20,0,5,9,6,0,0,0,0,0,0,0,0,0
CJ4141670965,16,0,0,16,0,16,32,0,0,16,0,0,0,16,0,32,0,0,0,0,0,16,0,16,16,0,16,16,16,16,0,32,0,0,32,0,16,16,0,0,10,0,0,0,0,0,0,0,0,0,0,0,0,0,0,0
CJ4141670988,0,2,6,12,10,0,0,10,20,5,30,20,15,50,0,0,0,0,0,30,30,0,70,0,0,0,0,0,0,0,50,0,0,30,0,50,0,30,0,0,0,0,0,0,0,0,0,0,0,0,0,0,0,0,0,0
CJ4141670989,0,0,0,0,28,56,192,112,0,168,224,200,0,0,0,0,0,0,70,84,70,112,154,0,0,84,112,252,154,364,14,0,0,0,0,0,224,168,98,0,0,0,0,0,0,0,0,0,0,0,0,0,0,0,0,0
CJ4141671001,0,0,0,0,0,0,1,0,0,5,11,15,0,0,0,10,0,0,0,0,0,0,0,0,0,0,0,0,0,0,0,0,0,0,0,0,0,0,0,25,25,0,10,0,10,30,0,0,50,0,0,0,0,0,0,0
CJ4141671002,0,0,0,0,4,3,6,1,0,0,5,0,0,2,0,0,1,0,0,0,0,0,0,0,0,0,0,0,0,0,0,0,0,0,0,0,0,0,0,0,0,0,0,0,2,6,2,0,5,2,3,0,0,0,13,0
CJ4141671005,0,0,4,0,3,0,0,0,0,0,4,2,3,5,7,1,1,0,1,2,0,4,0,0,0,0,0,0,0,0,0,0,0,0,0,0,0,0,0,0,0,0,0,0,0,0,0,0,0,7,2,0,1,14,6,0
CJ4141671012,13,15,2,1,13,19,19,28,20,50,47,48,42,0,9,0,10,0,39,0,0,0,0,0,50,0,30,50,11,0,0,50,0,50,0,50,0,39,0,0,0,0,0,0,0,0,0,0,0,0,0,0,0,0,0,0
CJ4141671013,0,0,0,2,0,1,0,0,0,0,0,0,0,0,0,0,0,0,0,0,0,0,0,0,3,0,1,0,1,1,0,4,2,0,0,0,0,3,0,0,5,4,0,2,0,3,1,0,0,0,0,0,0,0,0,0
CJ4141671014,0,0,0,0,0,0,0,0,0,0,0,0,0,0,0,0,0,0,0,0,0,0,0,360,240,0,300,44,100,150,150,150,0,100,50,0,200,100,0,0,56,0,0,0,50,100,150,0,0,0,0,0,0,0,50,0
CJ4141671018,0,0,0,0,3,5,4,0,2,3,5,1,1,0,0,0,0,0,0,0,0,0,1,0,0,0,0,0,0,0,0,0,0,0,0,0,0,0,0,0,0,0,0,0,0,0,0,10,20,0,0,0,0,0,0,0
CJ4141671021,0,0,0,0,0,2,3,2,0,8,0,0,0,0,0,0,0,0,0,0,0,0,0,0,5,10,0,3,0,9,5,0,5,20,5,10,10,18,0,0,0,25,0,30,40,20,30,30,0,0,10,0,20,20,0,20
CJ4141671022,0,0,0,0,0,2,3,2,0,8,0,0,0,0,0,0,0,0,0,0,0,0,0,0,5,10,0,3,0,8,5,0,5,20,5,10,10,18,0,0,0,25,0,30,44,20,30,30,0,0,10,0,20,20,0,20
CJ4141671025,1,0,0,1,0,2,16,0,24,0,6,0,0,0,0,0,10,0,0,25,15,0,0,0,0,20,10,0,20,20,20,20,20,6,0,0,0,0,34,0,20,28,14,0,0,38,0,0,0,0,0,0,0,0,0,30
CJ4141671047,0,0,0,0,0,19,1,0,5,10,20,0,20,10,20,0,0,0,20,45,0,0,0,0,49,0,0,0,0,0,0,0,0,0,0,0,20,24,0,0,0,0,0,0,0,0,0,0,0,0,0,0,0,0,100,0
CJ4141671048,0,0,0,0,1,1,0,0,1,0,1,1,1,0,0,0,4,0,0,0,0,2,1,2,1,2,2,0,0,0,0,0,0,0,0,0,0,0,0,0,0,0,0,0,0,0,0,0,0,0,0,0,0,0,0,0
CJ4141671049,0,0,0,0,0,1,1,0,0,0,3,0,1,0,0,0,0,0,0,0,0,0,0,0,0,0,0,0,0,1,0,0,0,0,0,0,2,0,0,0,0,1,0,0,0,0,0,0,0,0,0,0,0,2,4,4
CJ4141671056,0,0,0,0,0,0,0,0,0,0,0,3,0,2,0,0,0,0,0,0,0,0,2,7,0,1,0,0,0,0,0,6,0,0,0,2,2,0,0,0,2,4,2,0,0,0,2,0,0,0,0,0,0,0,0,0
CJ4141671072,0,0,0,0,0,0,0,0,0,0,0,0,0,0,0,0,0,0,0,0,0,0,0,0,2,1,0,0,0,0,0,4,1,0,1,0,3,1,0,0,0,0,0,0,1,0,1,1,7,0,0,0,0,0,0,0
CJ4141671127,0,0,0,0,0,0,0,0,0,0,0,0,0,0,0,0,0,0,0,0,0,0,0,0,0,0,0,0,0,0,0,0,0,0,0,0,0,0,0,0,0,0,0,0,0,0,2,2,1,2,9,18,1,12,5,5
CJ4141760055,0,0,0,0,0,40,120,50,0,180,110,0,240,60,180,20,0,0,0,200,160,120,80,80,90,70,0,0,100,0,0,0,120,80,50,50,100,150,100,0,0,200,0,100,0,100,0,100,0,0,50,0,50,50,50,0
CJ4141760096,0,0,0,0,0,90,20,0,30,60,80,40,50,20,40,0,0,0,0,30,30,80,60,110,50,90,30,40,10,30,0,0,30,100,60,50,50,100,0,0,50,0,100,50,150,100,0,0,0,0,0,0,100,0,50,50
CJ4141760097,0,30,0,0,0,20,30,0,50,60,40,0,50,0,20,0,0,0,0,20,30,40,0,40,20,30,20,0,0,0,0,0,0,50,30,0,30,90,0,0,0,100,0,0,50,50,0,50,0,0,0,0,0,0,50,0
CJ4141760098,0,0,2,0,0,3,1,0,1,0,0,0,0,0,0,0,0,0,0,2,1,0,0,0,0,0,1,0,0,0,1,2,0,0,0,1,0,0,0,1,0,0,0,0,0,0,3,1,0,2,2,1,4,0,0,0
CJ4141760101,0,0,0,30,0,0,0,20,0,0,0,0,30,0,0,20,15,0,0,20,0,20,10,0,0,40,10,0,0,30,0,0,30,0,0,0,20,0,30,15,0,20,0,10,20,0,20,10,20,20,0,20,10,0,0,0
CJ4141760135,0,0,0,0,150,100,60,190,60,240,120,127,50,50,220,90,80,0,0,137,0,0,100,100,160,0,0,0,0,0,0,200,163,0,100,200,0,200,100,0,0,0,0,0,0,0,0,0,0,0,0,0,50,150,200,200
CJ4141760136,0,0,0,0,0,0,0,0,0,0,0,0,0,0,0,0,0,0,0,0,0,0,5,0,0,0,0,0,0,0,0,0,0,0,0,0,0,3,0,0,5,2,0,0,0,3,2,1,2,3,0,0,0,0,3,0
CJ4141820036,0,0,0,0,135,230,103,30,20,10,0,10,0,0,10,0,0,0,0,0,0,0,0,0,0,1,1,0,6,0,15,20,10,100,0,0,60,0,0,0,0,0,0,0,0,0,0,5,6,20,50,70,0,20,0,40
CJ4141820055,0,39,1,1,0,6,5,2,0,2,0,1,0,0,0,1,1,1,0,1,1,5,0,0,3,0,3,2,1,2,2,4,2,8,0,0,0,2,0,5,0,4,0,0,1,0,1,0,3,0,3,0,0,0,0,0
CJ4142110047,0,3,1,0,6,0,0,0,1,0,3,0,0,0,0,0,0,0,1,10,0,0,0,0,6,4,3,1,3,0,0,5,0,0,10,0,2,6,0,0,5,14,5,2,5,8,1,0,0,13,2,5,0,1,7,7
CJ4142110054,0,0,6,3,11,0,0,0,0,0,0,2,0,7,1,2,0,0,10,2,5,0,3,1,5,2,0,0,0,11,13,9,0,0,5,0,3,10,10,0,0,5,0,1,1,1,31,9,2,4,0,1,0,1,0,2
CJ4142430082,0,0,0,0,0,0,0,0,0,0,0,0,0,0,0,0,0,0,0,0,0,0,0,3,25,5,20,13,34,0,0,0,0,0,14,20,0,0,20,20,20,9,40,10,30,0,20,10,0,20,10,20,2,20,0,7
CJ4142430104,0,0,0,0,0,0,0,0,0,0,0,0,0,0,0,0,60,0,80,40,100,70,50,69,120,55,55,8,15,35,26,17,0,0,20,20,20,20,0,0,0,0,0,10,0,35,10,0,0,20,15,20,10,10,20,10
CJ4142430113,0,0,0,0,0,0,0,0,0,0,0,0,0,0,0,0,60,0,0,0,40,0,26,60,14,96,4,80,70,8,44,28,0,60,20,20,40,130,20,80,100,100,20,90,110,40,60,0,20,80,37,80,40,45,30,0
CJ4142430127,0,0,0,0,0,0,0,0,0,0,0,0,0,0,0,0,0,0,0,0,0,0,34,0,0,0,0,0,68,55,17,5,20,0,10,0,0,0,10,0,10,5,0,0,0,0,0,0,0,0,0,0,0,0,0,0
CJ4142430154,0,0,0,0,0,0,0,0,0,0,0,0,0,0,0,0,0,0,0,0,0,0,0,0,0,0,0,0,0,0,0,0,0,0,0,0,0,0,0,0,0,120,211,48,20,30,86,0,20,40,45,40,20,40,50,35
CJ4142430200,0,0,0,0,0,0,0,0,0,0,0,0,0,0,0,0,0,0,0,0,16,20,10,4,0,0,0,0,0,0,0,0,0,0,0,0,10,0,10,0,0,20,0,0,0,10,0,0,0,0,10,35,0,5,0,0
CJ4142430230,0,0,0,0,0,0,0,0,0,0,0,0,0,0,0,0,0,0,0,0,10,22,18,0,0,35,15,20,20,5,25,20,0,0,10,16,0,20,21,0,40,20,0,97,45,40,0,11,20,20,29,11,20,20,0,0
CJ4142430239,0,0,0,0,0,0,0,0,0,0,0,0,0,0,0,0,0,0,0,0,0,0,44,0,0,0,0,0,0,0,0,0,0,0,0,0,0,20,0,10,20,0,0,15,10,0,25,0,0,10,21,19,0,0,0,0
CJ4142470022,0,0,0,0,0,0,0,0,0,0,0,0,0,0,0,0,0,0,0,0,0,0,0,0,30,35,20,15,110,30,51,0,30,15,20,0,20,24,0,15,25,15,15,30,0,0,0,0,0,0,0,0,0,0,0,0
CJ4142470023,0,0,0,0,0,0,0,0,0,0,0,0,0,0,0,0,0,0,0,0,0,0,0,0,0,0,0,70,70,120,140,0,0,0,0,0,0,0,114,192,64,64,64,64,128,64,46,0,0,0,0,0,0,0,30,30
CJ4142470039,0,0,0,0,0,0,0,0,0,0,0,0,0,0,0,0,0,0,0,0,0,0,0,0,0,0,0,0,0,0,0,0,0,0,0,20,0,15,15,30,0,21,0,20,0,40,30,9,0,0,0,0,0,0,15,0
CJ5010060070,0,3,0,1,0,0,1,3,20,15,50,0,20,0,1,0,0,0,0,0,0,15,10,0,0,0,0,0,0,0,0,0,0,0,0,0,17,8,0,0,0,20,20,5,0,0,0,0,0,0,0,0,0,0,0,0
CJ5050000501,0,0,0,0,0,0,0,161,118,51,0,17,224,80,70,125,160,0,110,33,138,25,104,182,80,94,0,0,0,0,0,0,0,0,0,0,0,0,0,0,0,0,0,0,0,0,0,0,0,0,0,0,0,0,39,0
CJ5050000719,40,20,20,20,24,40,20,49,20,32,0,50,20,38,40,20,0,0,30,29,20,30,20,36,20,40,20,14,0,49,0,0,55,40,31,0,62,20,26,15,40,25,0,0,30,20,0,49,25,36,19,30,10,22,33,52
CJ5050000735,0,0,0,27,0,0,7,0,10,25,0,0,0,21,0,0,0,0,30,0,0,0,20,0,0,0,20,0,0,10,0,0,0,0,20,0,0,20,0,0,0,0,10,0,10,10,0,0,0,0,0,10,3,2,16,4
CJ5050000765,21,21,42,41,42,38,50,0,0,42,0,21,24,25,29,0,21,0,41,21,21,21,21,21,21,21,21,20,0,38,0,42,21,16,0,43,21,19,0,21,0,20,18,0,21,19,0,25,16,18,20,15,16,14,22,11
CJ5050000784,0,0,17,0,25,25,3,21,43,0,27,20,0,0,0,0,0,0,0,0,35,0,44,0,0,0,0,0,70,0,0,0,0,40,20,20,30,0,20,20,20,20,19,0,0,0,0,0,22,37,31,50,62,17,12,3
CJ5050000794,0,0,0,0,0,0,0,0,0,0,0,0,0,0,0,0,0,0,0,0,0,0,0,0,0,0,0,0,0,43,30,14,32,18,6,9,28,8,10,19,10,10,9,29,5,0,0,0,0,28,0,0,30,0,0,0
CJ5050000802,0,0,0,0,0,0,0,33,0,12,10,0,0,0,0,0,0,0,0,0,0,0,0,0,0,0,0,0,0,0,0,0,0,0,0,0,0,0,0,0,0,0,0,0,20,10,7,13,10,10,4,14,12,9,13,8
CJ5050000869,0,0,0,0,0,0,0,0,0,0,0,0,0,0,0,0,0,0,0,0,0,0,0,0,0,0,0,0,0,0,0,0,0,0,0,0,0,0,0,0,0,18,0,0,0,5,3,4,2,2,3,7,0,3,4,1
CJ5050000871,0,0,0,0,0,0,0,0,0,0,0,0,0,0,0,0,0,0,0,0,0,0,0,0,0,0,0,0,0,0,0,0,0,0,0,0,0,0,0,0,0,10,0,0,9,0,3,1,7,1,1,8,0,0,3,1
CJ5050000881,0,0,0,0,0,0,0,0,0,0,0,0,0,0,0,0,0,0,16,29,8,0,0,0,0,67,0,0,13,69,43,73,35,36,52,74,27,31,0,0,0,0,0,0,0,0,0,0,0,0,0,0,0,0,0,0
CJ5050000889,0,0,0,0,0,0,0,0,0,0,0,0,0,0,0,0,0,0,0,0,0,0,0,46,0,0,0,0,0,0,0,0,0,0,0,0,19,10,0,0,22,8,0,0,18,14,4,3,6,5,11,0,0,0,6,8
CJ5050000897,0,0,0,0,0,0,0,0,0,0,27,0,0,0,9,0,0,0,20,0,20,0,0,20,0,0,0,0,0,19,0,0,0,0,0,0,20,0,0,3,17,0,0,0,0,0,2,6,11,7,0,15,0,0,27,7
CJ5050000919,0,0,0,0,0,0,0,0,0,0,0,0,0,0,0,0,0,0,0,0,0,0,0,0,0,0,0,0,0,0,0,0,0,0,0,0,7,10,1,6,0,0,8,7,19,4,2,6,11,1,0,16,4,3,6,2
CJ5050000999,0,0,36,20,40,0,20,45,41,10,30,40,39,0,0,82,0,0,45,0,0,70,38,20,40,20,20,17,0,20,0,20,20,20,15,20,0,20,17,0,20,0,20,23,0,20,27,23,25,24,11,45,23,7,31,13
CJ5050001005,0,0,0,0,0,0,0,0,0,0,0,0,0,0,0,0,0,0,0,0,0,0,0,0,0,0,0,0,0,0,0,28,1,15,0,0,7,21,55,19,25,34,7,0,0,0,6,0,0,0,0,0,0,0,0,0
CJ5050001013,0,0,0,0,0,0,0,0,0,0,0,0,0,0,0,0,0,0,0,0,0,0,0,0,0,0,0,0,0,0,0,0,0,4,1,0,0,0,4,2,8,3,8,0,0,8,6,5,1,2,0,7,0,0,0,0
CJ5050001018,0,0,0,0,0,0,0,0,0,0,0,0,0,0,0,0,0,0,0,0,0,0,0,0,0,0,0,0,0,0,0,0,0,0,0,0,0,0,0,14,13,17,15,24,15,21,25,17,31,23,38,18,9,8,20,7
CJ5050001043,0,0,0,0,0,0,0,0,0,0,0,0,0,0,0,0,0,0,0,0,0,0,0,0,0,0,28,51,10,20,31,3,7,0,1,4,2,5,38,11,2,0,5,21,7,9,6,9,8,5,13,12,3,7,6,5
CJ5050001055,0,0,0,0,0,0,0,0,0,0,0,0,0,0,0,0,0,0,0,0,14,6,0,0,20,10,17,20,11,0,1,7,6,13,11,20,2,0,0,0,25,12,20,3,27,2,29,11,6,13,18,12,16,8,8,6
CJ5050001071,0,0,0,0,0,0,0,0,0,0,0,0,0,0,0,0,0,0,0,0,0,0,0,0,0,0,0,0,0,0,0,0,0,0,0,300,445,600,665,281,81,156,202,79,32,87,95,33,30,68,48,23,6,35,4,0
CJ5050001091,0,0,0,0,0,0,0,0,0,0,0,0,0,0,0,0,0,0,0,0,0,0,0,0,0,0,0,0,0,0,13,17,0,36,2,4,29,2,4,34,8,11,3,17,0,0,0,0,0,0,0,0,0,0,0,0
CJ5050001112,0,0,0,0,0,0,0,0,0,0,0,0,0,0,0,0,0,0,0,0,0,0,0,0,0,0,0,0,0,0,0,0,0,0,0,0,0,32,7,0,25,5,29,1,26,3,27,2,2,22,8,0,0,42,12,12
CJ5050001123,0,0,0,0,0,0,0,0,0,0,0,0,0,0,0,0,0,0,0,0,0,17,0,0,12,0,10,19,0,0,0,0,0,27,25,6,0,45,13,0,30,0,13,13,0,0,31,22,0,5,26,0,0,28,14,10
CJ5050001155,0,0,1,167,0,14,35,175,8,40,57,3,39,0,208,0,0,0,0,190,0,0,0,0,0,0,0,0,0,0,0,0,0,0,0,0,0,0,0,0,0,0,0,0,0,0,0,0,0,0,0,0,0,0,0,0
CJ5050001156,0,0,0,20,0,40,78,34,76,0,0,0,67,0,0,193,0,0,0,0,193,0,0,0,0,0,0,0,0,0,0,0,0,0,0,0,0,0,0,0,0,0,0,0,0,5,0,0,2,12,5,9,0,0,9,1
CJ5050001157,0,0,85,0,0,0,47,92,0,0,0,79,49,0,124,183,33,0,90,150,80,32,0,20,37,0,0,0,0,0,0,0,0,0,0,0,0,0,0,0,0,0,0,16,4,0,20,2,18,0,0,0,0,8,15,2
CJ5050001158,0,0,0,0,0,0,49,0,0,20,30,0,0,0,34,10,0,0,0,0,16,40,0,0,0,40,0,0,0,0,0,19,0,0,0,0,0,0,0,0,0,29,0,0,50,0,0,0,0,4,0,0,0,0,4,0
CJ5050001159,0,0,28,0,20,10,42,20,20,38,0,36,0,30,20,20,0,0,25,20,18,0,0,0,0,0,0,0,0,0,0,0,0,0,0,0,0,0,51,0,0,0,0,0,0,0,0,0,0,10,0,15,0,0,0,0
CJ5050001171,0,0,0,0,0,0,0,0,0,0,0,0,0,0,0,0,0,0,0,0,0,0,0,0,0,0,0,0,0,28,0,22,5,26,6,0,0,13,17,28,14,16,25,5,0,69,16,3,0,59,0,54,4,0,0,0
CJ5050001191,0,0,0,0,0,0,0,0,0,0,0,0,0,0,0,0,0,0,0,0,0,0,0,0,0,0,0,0,0,0,0,0,0,0,5,2,8,0,0,0,0,0,0,8,11,2,4,0,1,0,1,36,10,5,2,0
CJ5050001237,0,0,0,0,0,0,0,0,0,0,0,0,0,0,142,20,18,0,18,105,0,34,64,0,80,120,39,21,39,50,18,33,30,65,65,10,19,69,48,58,39,0,0,25,17,30,36,30,10,32,39,24,3,85,28,31
CJ5050001263,0,0,0,0,0,0,0,0,0,0,0,0,0,0,0,0,0,0,0,0,0,0,0,0,0,0,10,0,0,0,0,3,0,0,0,0,0,0,12,3,3,1,10,8,3,0,5,5,2,4,8,2,3,2,2,2
CJ5050001266,0,0,0,0,0,0,0,0,0,0,0,0,0,0,0,0,0,0,0,0,0,0,0,0,0,0,0,0,0,0,0,0,0,0,0,0,0,0,0,0,0,0,0,7,13,10,5,8,7,8,7,5,1,3,2,2
CJ5050001352,0,0,0,0,0,0,0,0,0,0,0,0,0,0,0,0,0,0,0,0,0,0,0,0,0,0,0,0,0,0,0,0,0,0,0,0,0,0,0,0,0,0,4,0,11,0,4,2,5,2,7,0,0,14,3,3
CJ5050001429,0,0,0,0,0,0,0,0,0,0,0,0,0,0,0,0,0,0,0,0,0,0,0,0,0,0,0,0,0,0,0,0,0,0,0,0,0,0,0,0,0,29,0,0,0,40,0,20,6,3,19,12,3,7,10,40
CJ5050120413,0,0,0,0,0,0,0,0,0,0,0,0,0,0,0,0,0,0,0,0,0,0,0,0,0,0,0,0,0,0,0,0,0,0,0,0,0,0,0,0,0,1,11,12,0,1,2,8,3,1,10,7,1,3,1,0
CJ5050120525,0,0,0,0,0,0,0,0,0,0,0,0,0,0,0,0,0,0,0,0,0,0,0,0,0,0,0,0,0,0,0,0,0,0,0,0,0,0,0,0,3,1,3,4,5,0,0,1,7,1,2,0,4,10,6,0
CJ5050120552,0,0,0,0,0,0,0,0,0,0,0,0,0,0,0,60,0,0,0,29,8,26,13,3,0,20,8,28,18,11,7,3,17,0,0,18,8,0,4,3,0,0,13,101,8,0,129,62,0,0,0,0,0,0,50,9
CJ5050240118,0,3,2,2,3,0,0,0,0,0,6,0,0,0,0,3,0,0,0,0,0,2,4,2,0,4,1,2,2,4,0,0,0,0,0,7,0,0,0,0,0,0,6,7,0,0,0,20,10,2,0,0,0,19,0,8
CJ5050240119,0,0,0,0,2,0,3,0,0,0,0,0,0,0,0,3,0,0,0,0,0,0,0,1,0,3,0,2,0,0,0,4,0,0,0,0,0,0,0,0,0,0,0,3,4,0,0,0,0,4,0,0,0,4,5,0
CJ5050240126,0,0,0,0,0,0,0,0,0,0,0,0,2,0,0,0,0,0,0,2,1,0,0,0,0,0,0,0,0,2,1,0,0,2,1,2,2,0,0,0,1,2,0,0,0,0,3,0,0,0,0,0,0,0,0,0
CJ5050270140,0,0,0,0,0,0,0,0,0,0,0,0,0,0,0,0,0,0,0,0,0,0,0,0,0,0,0,0,0,0,0,0,0,2,2,5,5,3,4,0,2,1,0,4,4,0,2,0,0,0,0,3,0,1,0,0
CJ6060010115,0,0,0,0,0,1000,3000,2000,0,4000,8000,8000,0,9000,12000,0,0,0,0,8000,0,7000,0,9000,0,5000,4000,13200,0,9000,0,3000,9000,0,6000,5000,5000,11000,6000,6000,6000,0,9000,6000,12000,0,100,1000,6000,7000,0,0,3900,6000,0,7000
CJ6060020037,1,0,0,0,0,0,2,1,0,1,0,2,0,0,0,0,0,0,0,0,0,0,0,0,0,0,0,2,1,0,0,0,0,0,3,1,1,0,0,0,0,1,0,0,1,0,0,0,0,0,0,0,0,0,0,0
CJ6060030155,0,0,0,0,0,100,0,0,0,0,0,0,0,0,0,0,200,0,0,0,0,0,0,0,0,0,0,100,200,0,0,200,400,400,0,0,500,0,0,200,0,0,400,0,0,0,0,0,250,0,0,0,350,0,0,0
CJ6060060164,0,0,0,0,0,0,0,0,0,0,0,0,0,0,0,0,0,0,0,0,0,0,150,0,0,200,0,100,0,150,0,20,100,80,150,0,0,100,0,100,50,0,100,0,150,0,100,0,0,100,100,0,0,50,200,0
CJ6060060674,0,0,30,31,19,20,30,60,0,30,0,0,20,0,20,30,0,0,0,0,20,0,30,0,20,30,0,30,0,10,0,30,30,0,30,0,0,45,0,0,30,20,0,0,30,15,0,30,0,0,20,0,20,0,20,0
CJ6060060675,0,0,30,39,24,50,20,60,0,30,0,0,30,0,30,30,0,0,0,0,30,0,30,0,30,30,0,30,0,17,0,30,30,0,30,0,0,51,0,0,30,30,0,0,30,20,0,30,0,0,30,0,20,0,20,0
CJ6060060676,0,0,30,39,28,50,20,60,0,30,0,0,30,0,30,2,0,0,0,0,1,0,30,0,25,30,0,30,0,24,0,30,30,0,30,0,0,50,0,0,20,1,0,0,20,20,0,30,0,0,30,0,20,0,20,0
CJ6060060677,0,0,10,20,7,20,0,30,50,0,0,0,0,0,0,28,0,0,0,0,11,0,13,7,0,15,0,40,6,12,15,25,20,0,20,0,0,28,0,0,17,20,0,0,0,20,0,0,10,0,20,20,0,0,33,0
CJ6060060678,0,0,40,80,0,31,0,50,0,0,0,40,0,0,0,39,0,0,0,0,50,0,20,0,20,20,0,40,0,36,46,50,28,0,38,0,0,80,0,0,37,40,0,0,0,40,0,0,20,0,40,40,0,0,57,0
CJ6060060679,0,200,0,100,300,250,0,150,0,300,0,0,0,0,0,200,0,0,0,0,200,0,200,0,0,0,0,0,0,200,0,200,0,0,0,0,0,100,100,0,0,200,0,0,0,0,200,0,0,0,0,200,0,0,0,0
CJ6060060680,0,100,0,200,200,0,0,100,0,100,0,0,200,0,0,100,0,0,0,0,200,0,0,0,0,200,0,100,0,0,0,0,0,0,200,0,0,0,200,0,0,0,0,0,200,0,0,0,100,0,0,100,0,0,0,0
CJ6060080689,0,0,0,0,0,0,0,0,0,0,0,0,0,0,0,0,0,0,0,0,0,50,200,0,0,200,0,100,0,150,0,0,100,100,150,0,0,100,0,100,100,0,0,150,0,0,150,0,0,0,150,0,0,100,50,0
CJ6060080880,450,0,300,0,400,0,0,0,500,388,400,0,300,250,200,0,500,0,0,0,0,0,300,312,300,0,450,200,500,0,0,300,0,300,0,300,300,0,150,300,250,150,250,300,350,300,0,300,400,0,600,0,0,200,0,300
CJ6060080935,300,0,100,0,0,0,0,0,500,0,300,0,300,0,400,0,500,0,0,0,0,0,300,300,0,0,0,100,300,100,0,0,0,0,0,0,0,0,0,300,100,150,350,200,150,200,0,300,400,0,400,0,0,200,0,200
CJ6060080976,0,2000,5000,5000,5000,540,8000,0,7460,4000,0,13000,0,0,4000,0,5000,0,0,5000,7000,6000,2000,2000,3000,3000,4000,3000,4000,5000,5200,0,3000,7600,0,3000,6100,1200,3800,4000,4400,4000,3000,4800,2800,6200,4000,4000,4600,0,4500,4000,3000,3000,2900,1800
CJ6060080977,0,450,300,300,0,400,250,400,200,250,280,300,0,0,100,320,0,0,200,300,250,0,300,300,200,200,400,0,400,200,300,0,400,300,300,0,200,400,300,250,100,200,400,100,400,200,400,200,300,200,200,200,200,300,200,0
CJ6060080982,0,0,0,0,0,50,0,0,50,0,0,0,0,0,0,200,0,0,0,0,0,0,0,0,0,0,0,100,200,0,0,200,325,475,0,0,500,0,0,200,0,0,400,200,100,0,0,0,0,0,0,0,350,0,0,0
CJ6060081006,0,0,300,0,250,160,240,0,300,0,300,0,0,200,400,0,0,0,200,0,200,0,300,0,250,0,350,0,0,300,0,300,0,0,300,0,300,0,0,300,0,300,0,0,300,0,300,0,300,0,250,0,0,300,0,0
CJ6060081009,0,0,120,0,0,60,40,70,50,100,0,120,0,0,50,0,150,0,0,0,100,0,0,0,0,100,0,0,0,0,0,0,100,50,0,150,0,100,0,50,0,100,0,150,0,50,100,100,0,100,0,100,0,0,100,0
CJ6060081497,0,3,10,13,7,6,2,3,4,13,2,3,4,6,3,6,0,0,2,3,6,8,3,7,2,2,10,9,3,7,3,12,20,44,6,0,0,0,0,0,0,0,0,0,0,0,0,0,0,0,0,0,0,0,0,0
CJ6060081498,0,5,1,1,1,0,0,2,0,0,1,1,0,0,0,0,0,0,0,1,1,1,0,0,0,1,0,0,0,1,0,0,0,0,0,0,0,0,0,0,0,1,0,0,0,0,0,0,0,2,0,0,0,0,0,0
CJ6060081669,0,0,0,7,2,0,1,3,1,7,1,0,2,10,2,0,0,0,4,2,1,0,8,3,0,1,0,2,0,0,0,3,0,0,0,0,0,0,0,0,0,0,0,0,0,0,0,0,0,0,0,0,0,0,0,0
CJ6060081675,0,55,35,28,70,31,34,28,29,13,29,38,34,1,12,27,6,0,0,12,14,4,0,5,7,10,12,6,4,6,0,8,6,1,0,5,7,3,2,4,6,1,2,1,2,4,2,5,0,9,7,4,0,4,1,1
CJ6060081682,0,6,15,15,14,19,9,20,22,19,14,8,39,8,0,0,4,0,2,5,3,7,1,7,0,2,0,22,5,14,1,7,2,4,3,2,6,3,3,8,3,2,4,4,3,0,5,6,4,4,15,8,6,6,5,3
CJ6060081683,0,21,13,25,10,79,78,11,5,21,10,6,7,5,8,8,0,0,12,9,6,6,15,12,12,3,0,17,2,3,1,9,4,7,1,8,5,15,13,5,4,4,1,10,7,5,4,13,9,4,6,16,11,7,17,1
CJ6060081704,0,17,6,7,7,9,9,10,16,3,5,5,9,0,6,9,5,0,2,8,1,7,2,8,11,7,4,6,2,5,0,3,1,4,0,3,3,3,3,2,3,6,4,0,2,4,0,3,0,2,2,1,0,3,1,0
CJ6060081707,1,5,12,12,1,5,0,6,3,12,5,4,2,20,0,2,2,0,11,4,5,1,8,11,0,2,0,9,2,3,3,16,0,5,2,5,5,4,2,5,0,2,1,1,1,0,1,4,2,0,2,0,1,0,0,1
CJ6060081758,0,0,10,30,30,40,0,40,0,0,0,20,0,0,0,30,0,0,0,0,20,0,10,0,40,0,0,20,0,13,20,20,20,0,20,0,20,20,0,20,10,20,0,0,0,20,0,20,0,0,20,40,0,0,60,0
CJ6060081771,0,0,6,7,0,0,3,0,1,2,0,1,1,1,2,0,0,0,1,5,5,2,1,0,0,3,0,1,0,0,3,2,1,1,1,1,1,1,0,3,1,0,0,1,0,0,1,0,1,0,0,0,0,0,2,0
CJ6060081789,1,0,3,9,1,0,1,3,0,7,1,0,0,5,0,1,0,0,1,5,1,0,1,0,0,0,2,0,2,0,0,1,0,0,0,0,0,0,1,0,0,0,0,0,1,0,0,0,0,0,0,0,0,0,0,0
CJ6060081881,0,0,0,5,0,2,0,1,0,1,0,3,0,0,0,2,0,0,0,1,0,0,0,1,0,0,0,0,0,0,0,0,0,0,0,0,0,0,1,0,0,0,3,0,2,0,0,0,1,1,0,0,1,0,0,0
CJ6060081955,23,0,8,24,47,20,30,0,30,0,0,0,10,30,0,9,10,0,0,0,0,0,15,0,10,10,0,10,17,0,15,10,20,2,10,0,10,10,0,30,10,10,10,10,0,20,0,20,10,0,20,0,20,0,10,0
CJ6060081961,21,0,8,24,40,20,30,0,30,0,0,0,9,30,0,9,10,0,0,0,0,0,15,0,10,10,0,10,17,0,15,10,20,1,10,0,10,10,0,30,10,10,10,10,0,20,0,20,10,0,20,0,20,0,10,0
CJ6060081972,0,0,0,0,0,0,0,2,0,2,2,0,2,1,3,1,0,0,1,2,4,0,1,1,0,0,0,0,1,1,3,4,0,6,5,0,2,4,0,0,0,0,0,0,0,0,0,0,0,0,0,0,0,0,0,0
CJ6060082032,2,2,0,4,1,3,2,2,7,6,1,1,6,4,1,0,0,0,0,5,5,7,0,3,1,5,7,3,4,5,10,2,0,2,0,1,8,8,7,7,2,5,3,4,2,3,2,25,9,4,2,2,10,3,7,3
CJ6060082040,0,0,10,30,0,20,0,30,0,0,0,16,0,0,0,28,0,0,0,0,25,0,5,14,26,0,0,20,20,0,20,20,20,0,20,0,0,40,0,0,20,20,0,0,0,20,0,0,10,0,20,20,0,0,30,0
CJ6060082042,0,20,20,0,10,10,20,20,0,10,10,0,0,10,10,15,0,0,0,0,5,10,20,0,10,10,0,20,0,10,10,10,10,0,10,10,10,20,10,0,10,5,10,0,10,10,5,10,0,13,0,20,0,0,20,0
CJ6060082043,150,200,190,200,200,200,200,400,0,200,0,130,0,0,200,0,210,0,0,0,0,200,140,0,200,0,0,200,0,200,0,210,0,0,200,0,0,200,200,0,0,200,0,0,200,0,170,0,0,200,0,200,0,0,0,0
CJ6060082044,140,200,200,200,200,200,200,380,0,200,0,160,0,0,200,0,200,0,0,0,0,200,150,0,200,0,0,200,0,200,0,200,0,0,200,0,0,200,200,0,0,200,0,0,200,0,160,0,0,200,0,200,0,0,0,0
CJ6060082054,2,6,4,11,0,4,0,3,1,10,3,5,1,4,5,3,0,0,0,3,3,0,5,10,2,12,1,1,0,0,0,12,5,2,0,2,0,3,13,4,1,1,3,5,2,0,0,3,8,8,2,3,3,2,1,4
CJ6060082055,0,2,2,1,3,1,1,1,3,3,1,0,0,4,4,1,0,0,2,2,2,1,4,1,0,4,0,0,0,0,0,4,0,2,0,2,1,1,3,0,3,2,0,1,0,2,0,1,0,1,2,0,0,0,0,0
CJ6060082056,0,0,0,0,0,1,0,1,0,2,0,0,0,0,0,0,0,0,0,3,0,0,1,1,0,1,1,8,1,0,0,1,0,8,0,0,0,3,0,6,0,0,1,0,2,0,0,3,1,2,0,0,3,0,1,2
CJ6060082061,0,2,5,6,0,8,0,11,2,8,4,0,5,7,0,4,0,0,5,3,9,4,3,0,0,0,0,13,2,0,1,1,3,1,3,1,3,15,3,2,2,2,6,0,1,2,1,1,4,2,7,1,0,0,5,0
CJ6060082062,1,2,8,2,0,1,0,3,0,0,3,2,0,9,1,0,0,0,16,4,1,1,3,4,3,2,0,2,0,2,0,3,0,4,1,2,8,2,2,0,1,1,1,8,4,1,0,19,5,2,5,10,0,0,0,0
CJ6060082063,0,0,0,2,0,0,0,0,0,1,3,2,0,2,0,2,0,0,3,0,0,0,0,0,0,1,0,0,0,0,0,0,1,0,2,0,0,0,2,3,0,2,2,1,0,0,1,2,0,2,0,0,1,1,0,0
CJ6060082075,0,0,0,11,3,1,1,8,1,5,9,0,3,19,4,3,0,0,3,18,3,8,50,10,0,4,3,4,0,1,2,11,3,2,0,0,3,8,6,14,2,1,5,22,3,9,1,2,3,4,9,7,11,8,7,7
CJ6060100020,0,168,336,0,0,504,524,130,0,130,0,130,0,0,0,390,0,0,0,0,0,0,130,0,0,0,130,0,0,0,0,130,0,0,0,0,0,0,130,0,0,130,130,0,0,0,130,0,0,0,0,0,0,0,0,0
CJ6060230004,0,0,500,800,300,0,200,500,0,0,300,0,1400,0,0,500,0,0,0,0,500,0,0,0,500,500,0,100,300,600,0,0,0,200,0,0,800,0,500,500,0,700,0,300,0,600,0,1000,400,1000,100,200,0,0,0,800
CJ6060230006,0,0,0,0,0,0,0,0,0,0,0,0,0,0,0,0,0,0,0,0,0,0,0,0,5000,0,0,2700,0,7000,0,300,0,0,1000,0,0,400,1600,0,0,1100,500,1100,900,1800,2600,2000,1000,1000,1000,1000,1000,2400,0,0
CJ6060230009,0,4940,4000,8000,0,7000,2000,8000,2000,8000,2000,7000,5000,2000,6000,7000,0,0,8000,0,7000,6000,4000,4000,7000,4100,3400,7500,9000,0,6000,3000,6000,4000,5000,4000,9200,0,5000,5000,5100,2900,8000,3000,7000,2000,6000,4000,3000,6000,5000,4000,0,5000,7000,0
CJ6060240002,0,0,100,0,100,100,0,200,0,0,100,0,0,0,60,0,0,0,0,0,100,200,0,0,0,240,0,0,200,0,0,0,200,100,0,0,0,0,0,0,700,0,0,0,0,0,100,0,0,0,0,0,0,0,0,0
CJ6060240040,0,0,0,400,0,400,0,400,0,400,0,0,0,0,400,0,0,0,0,0,400,0,400,0,0,0,600,0,0,200,0,400,0,0,400,200,0,0,0,200,0,200,0,200,200,200,0,400,0,0,400,0,0,0,200,0
CJ6060260168,20,20,0,0,0,0,0,20,20,0,80,0,0,0,0,60,0,0,0,40,50,0,50,0,0,0,50,0,0,0,0,0,0,0,30,0,0,0,0,8,0,10,0,0,5,10,0,5,0,10,20,12,0,10,20,0
CJ6060260176,0,0,0,0,0,0,0,0,0,0,0,0,0,0,10,90,0,0,0,0,0,0,50,0,10,40,0,0,50,0,70,0,80,0,0,0,30,30,0,35,20,30,20,35,30,50,0,0,20,50,50,0,0,50,0,100
CJ6060260183,0,0,0,0,0,0,0,0,0,0,0,0,0,0,0,0,0,0,0,0,0,0,0,0,20,30,100,150,200,200,0,200,0,300,0,300,300,0,200,0,200,200,52,298,200,200,300,200,100,200,100,400,0,0,200,0
CJ6060260206,0,0,0,0,0,0,0,0,0,0,0,0,0,0,0,0,0,0,0,0,0,0,0,0,0,0,0,0,0,0,0,0,0,0,5,0,0,10,0,1,2,7,0,10,10,0,0,5,0,5,11,20,0,0,0,20
CJ6060260312,0,4000,2720,0,2280,2000,1000,0,2000,2000,1000,1000,0,1000,1360,0,2000,0,0,1440,2000,2000,1000,2000,2000,2000,2000,2000,1500,2000,0,2500,1500,800,1300,1400,1000,1300,1200,1900,1900,1780,1000,3220,0,3500,1220,0,2280,1000,2500,0,0,2604,0,2396
CJ6060280006,0,200,200,200,200,200,200,390,0,200,0,150,0,0,200,0,200,0,0,0,0,180,200,0,200,0,0,200,0,210,0,200,0,0,200,0,0,200,200,0,0,150,0,0,160,0,200,0,0,200,0,200,0,0,0,0
CJ6060390028,0,0,30,20,30,0,20,0,0,0,0,0,0,10,0,0,0,0,10,30,0,0,0,0,20,0,0,30,0,0,0,10,0,0,0,0,0,0,0,0,10,0,0,0,0,0,0,10,0,0,20,10,0,0,20,0
CJ6060390055,0,0,0,0,30,0,30,0,0,40,0,0,0,0,80,0,0,0,0,20,0,0,0,0,0,0,0,0,30,0,0,0,0,0,0,0,0,0,0,0,30,20,0,20,0,30,20,25,0,0,40,0,0,0,40,0
CJ7070050070,0,0,0,250,0,0,0,0,200,0,0,0,0,180,0,0,0,0,200,0,0,0,0,100,0,0,0,150,0,0,0,200,0,0,0,0,100,150,0,0,0,100,0,250,0,0,0,0,0,0,0,75,0,0,200,0
CJ7070380003,0,10,0,0,0,0,5,20,10,0,2,0,10,0,0,0,0,0,20,10,13,0,0,0,10,40,0,0,0,30,0,0,0,0,20,0,36,0,0,0,0,14,0,0,0,0,0,0,0,30,0,0,0,0,70,0
CJ7070480391,8,0,8,29,50,3,30,0,30,0,0,0,8,30,0,10,0,0,0,0,0,13,3,0,10,10,0,10,18,0,14,10,20,2,10,0,10,10,0,30,9,10,6,10,0,20,0,18,10,0,20,0,20,0,10,0
CJ7070480392,15,0,8,23,50,6,30,0,30,0,0,0,7,30,0,10,0,0,0,0,0,13,3,0,10,10,0,10,17,0,34,10,20,2,10,0,10,10,0,30,10,10,7,10,0,20,0,18,10,0,20,0,20,0,10,0
CJ7070480397,0,0,0,0,0,0,0,0,0,0,0,0,0,0,0,0,0,0,0,0,0,0,0,0,0,0,0,100,100,100,200,0,500,0,0,0,0,0,0,200,0,0,0,200,100,0,200,0,0,0,100,0,100,0,50,0
CJ7070480398,0,0,0,0,0,0,0,0,0,0,0,0,0,0,0,0,0,0,0,0,0,0,0,0,0,0,0,100,100,100,200,0,500,0,0,0,0,0,0,200,0,0,0,200,100,0,200,0,0,0,100,0,100,0,50,0
CJ7070480399,0,0,0,0,0,0,0,0,0,0,0,0,0,0,0,0,0,0,0,0,0,0,0,0,0,0,0,100,100,100,200,0,500,0,0,0,0,0,0,200,0,0,200,200,100,0,200,0,0,0,0,0,0,0,100,0
CJ7070480400,0,0,0,0,0,0,0,0,0,0,0,0,0,0,0,0,0,0,0,0,0,0,0,0,0,0,0,0,100,100,200,0,300,0,0,0,0,0,0,200,0,0,0,0,200,0,200,0,0,0,100,0,200,0,50,0
CJ7070480402,0,0,0,0,0,0,0,0,0,0,0,0,0,0,0,0,0,0,0,0,0,0,0,0,0,0,64,100,100,100,200,0,100,0,0,0,0,0,0,0,200,0,0,0,200,0,0,0,0,0,100,0,0,0,100,0
CJ7070480403,0,0,0,0,0,0,0,0,0,0,0,0,0,0,0,0,0,0,0,0,0,0,0,0,0,0,0,100,100,100,200,0,100,0,0,0,0,200,0,200,0,200,0,0,100,0,200,0,0,0,0,0,0,100,50,0
CJ7070480404,0,0,0,0,0,0,0,0,0,0,0,0,0,0,0,0,0,0,0,0,0,0,0,0,0,0,0,100,100,100,200,0,100,0,0,0,0,0,0,200,0,200,0,0,200,0,0,0,0,0,0,200,0,0,50,0
CJ7070480405,0,0,0,0,0,0,0,0,0,0,0,0,0,0,0,0,0,0,0,0,0,0,0,0,0,14,100,110,100,100,200,0,100,0,0,0,0,0,0,300,0,0,0,0,200,0,0,0,0,0,0,0,0,0,50,0
CJ7070480409,0,0,0,0,0,0,0,0,0,0,0,0,0,0,0,0,0,0,0,0,0,0,0,0,0,0,0,100,100,100,200,0,100,0,0,0,0,0,200,0,200,0,0,200,200,0,0,0,0,0,0,200,0,0,50,0
CJ7070540079,0,0,0,0,0,0,2,2,0,0,2,4,0,0,0,4,0,0,0,2,4,0,2,0,0,2,2,2,2,0,2,0,0,0,0,0,0,0,0,0,2,0,0,0,0,2,2,0,0,0,0,0,0,0,0,0
CJ7070540080,0,0,0,0,0,2,2,2,0,2,2,2,2,2,2,0,0,0,0,0,0,0,0,0,0,0,0,0,0,0,1,0,0,0,0,0,0,0,0,0,0,0,0,0,0,0,0,0,0,0,0,0,0,0,0,0
CJ7070540101,0,0,0,0,4,2,0,0,0,0,0,2,0,0,0,0,2,0,0,2,2,0,2,2,4,0,0,0,0,2,0,0,0,6,0,0,0,0,0,0,0,0,0,0,0,0,0,0,0,0,0,0,0,0,0,0
CJ7070540108,0,0,0,0,0,1,0,0,1,0,0,0,0,0,1,0,0,0,1,0,0,1,2,2,0,1,0,0,1,1,0,0,0,0,0,0,0,0,0,0,0,0,0,0,1,1,1,1,0,0,0,1,0,0,0,0
CJ7070540109,0,0,0,0,0,1,0,0,1,0,0,0,0,0,1,0,0,0,1,0,0,1,2,2,0,1,0,0,1,1,0,0,0,0,0,0,0,0,0,0,0,0,0,0,1,1,1,1,0,0,0,1,0,0,0,0
CJ7070540114,0,0,0,0,0,0,0,0,0,0,0,0,0,0,0,0,0,0,0,0,0,1,1,3,1,0,0,0,0,1,0,4,0,0,0,0,0,0,1,0,2,1,0,0,0,0,1,0,0,0,0,0,0,0,0,1
CJ7070540115,0,0,0,0,0,0,0,0,0,0,0,0,0,0,0,0,0,0,0,0,0,1,1,3,1,0,0,0,0,1,0,4,0,0,0,0,0,0,1,0,2,1,0,0,0,0,1,0,0,0,0,0,0,0,0,1
CJ7070540186,0,0,0,0,0,0,0,0,0,0,0,0,0,0,20,30,0,0,0,200,0,0,200,0,100,150,0,202,148,0,200,0,100,250,0,0,100,100,300,0,200,200,100,100,100,400,170,0,70,160,150,100,30,120,210,0
CJ7070540187,0,0,0,0,0,0,0,0,0,0,0,0,0,0,0,0,0,0,0,0,0,0,0,0,0,0,0,0,76,50,25,149,0,0,100,100,0,0,100,0,0,0,0,50,100,0,160,100,0,40,260,0,0,0,100,0
CJ7070540188,0,0,0,0,0,0,0,0,0,0,0,0,0,0,0,0,0,0,0,0,0,0,0,0,0,0,0,0,76,50,25,149,0,0,100,100,0,0,100,0,0,0,0,50,100,0,160,100,0,40,260,0,0,0,100,0
CJ7070540189,0,0,0,0,0,0,0,0,0,0,0,0,0,0,0,0,0,0,0,0,0,0,0,0,0,0,0,0,199,100,1,149,4,47,150,100,100,0,100,100,50,50,0,0,150,150,200,200,0,100,276,0,200,0,200,0
CJ7070540200,0,0,0,0,50,0,0,0,0,0,0,0,0,0,0,0,0,0,0,0,2,0,0,2,1,0,0,0,0,0,0,1,0,1,1,0,2,0,0,0,0,0,0,0,0,0,0,1,0,6,2,5,0,0,0,0
CJ7070540201,0,0,0,0,50,0,0,0,0,0,0,0,0,0,0,0,0,0,0,0,2,0,0,2,1,0,0,0,0,0,0,1,0,1,1,0,2,0,0,0,0,0,0,0,0,0,0,1,0,6,2,5,0,0,0,0
CJ7070540233,0,0,0,1,1,0,0,1,0,0,0,0,1,0,1,1,0,0,0,0,0,0,0,1,3,0,0,0,0,1,0,0,0,1,0,0,1,0,0,0,0,0,0,0,0,0,0,0,0,0,0,0,0,0,0,1
CJ7070540234,0,0,0,1,1,0,0,1,0,0,0,0,1,0,1,1,0,0,0,0,0,0,0,1,3,0,0,0,0,1,0,0,0,1,0,0,1,0,0,0,0,0,0,0,0,0,0,0,0,0,0,0,0,0,0,1
CJ7070540235,100,200,100,300,100,150,200,200,200,250,200,300,300,0,200,100,150,0,100,200,200,100,150,288,200,100,112,100,100,200,0,100,100,100,100,100,100,143,100,200,157,150,200,100,171,179,200,100,200,200,200,100,100,200,200,100
CJ7070540236,100,200,100,300,100,150,200,200,200,250,200,300,300,0,200,100,150,0,100,200,200,100,150,288,200,100,112,100,100,200,0,100,100,100,100,100,100,143,100,200,157,150,200,100,171,175,204,100,200,200,200,100,100,200,200,100
CJ7070540237,100,200,100,300,100,100,200,200,200,150,200,300,200,0,200,100,150,0,100,200,200,100,150,288,200,100,112,100,100,200,0,100,100,100,100,100,100,143,100,200,57,200,150,150,150,100,200,100,200,200,200,100,100,200,200,100
CJ7070540245,0,0,300,0,150,50,50,0,0,100,0,0,300,100,0,100,0,0,100,0,50,100,0,100,0,50,0,100,0,0,0,100,0,0,100,0,0,100,50,200,100,150,100,0,150,200,100,20,140,0,0,100,0,90,50,0
CJ7070540253,0,1,3,2,1,2,0,0,1,0,0,0,0,0,0,0,1,0,0,2,0,0,1,0,1,1,1,0,1,0,1,2,0,0,0,1,0,0,0,1,0,0,0,0,0,0,3,1,0,2,2,1,2,1,0,0
CJ7070540254,0,1,3,2,1,2,0,0,1,0,0,0,0,0,0,0,1,0,0,2,0,0,1,0,1,1,1,0,1,0,1,2,0,0,0,1,0,0,0,1,0,0,0,0,0,0,3,1,0,2,2,1,2,1,0,0
CJ7070540257,0,0,0,0,0,0,5,0,0,0,0,5,0,3,0,0,0,0,0,10,15,5,5,0,0,2,0,0,2,1,1,6,2,3,1,1,1,4,0,2,2,2,0,3,0,7,4,1,1,4,0,2,1,4,2,0
CJ7070540271,1,0,0,0,0,1,0,0,0,0,0,1,1,0,1,0,2,0,0,0,0,0,2,0,0,2,0,1,2,2,0,0,0,1,0,0,0,1,0,0,0,0,1,0,0,0,0,1,3,10,0,1,1,2,0,0
CJ7070540272,1,0,0,0,0,1,0,0,0,0,0,1,1,0,1,0,2,0,0,0,0,0,2,0,0,2,0,1,2,2,0,0,0,1,0,0,0,1,0,0,0,0,1,0,0,0,0,1,3,10,0,1,1,2,0,0
CJ7070540280,0,0,200,0,0,100,0,0,0,0,0,0,0,100,50,0,0,0,0,0,0,0,0,0,0,0,0,0,0,0,0,0,0,0,0,0,0,0,0,100,0,0,0,50,0,76,0,64,0,0,0,54,56,0,0,0
CJ7070540283,2,4,0,2,10,2,4,2,0,0,0,0,0,0,0,2,2,0,2,0,2,4,0,0,6,0,4,0,0,0,0,2,0,8,0,0,2,8,2,0,0,5,3,0,0,2,2,4,2,6,2,0,4,0,2,0
CJ7070540284,0,0,0,0,0,0,0,0,0,0,0,0,0,0,0,0,0,0,0,0,0,0,0,0,0,2,2,0,0,0,0,2,0,3,0,0,1,3,1,0,0,4,2,0,0,0,0,0,0,0,1,0,2,0,1,0
CJ7070540293,1,1,0,0,1,1,1,0,0,0,0,0,0,0,0,0,0,0,1,0,0,0,0,0,0,0,0,0,0,0,0,0,0,1,0,0,1,1,0,0,0,0,0,0,0,1,0,0,0,1,0,0,1,0,0,0
CJ7070540304,0,1,2,0,0,0,0,2,1,0,0,0,0,0,1,0,1,0,0,1,1,1,0,1,0,0,0,0,1,1,3,0,2,1,1,0,1,4,1,2,1,1,6,3,1,5,5,5,10,10,0,2,0,0,0,0
CJ7070540305,0,1,2,0,0,0,0,2,1,0,0,0,0,0,1,0,1,0,0,1,1,1,0,1,0,0,0,0,1,1,3,0,2,1,1,0,1,4,1,2,1,1,6,3,1,5,5,5,10,10,0,2,0,0,0,0
CJ7070540309,0,0,0,0,0,0,0,0,0,0,1,0,1,0,1,0,0,0,0,0,1,0,0,0,0,0,0,0,0,0,0,0,0,0,0,1,1,1,1,0,0,0,0,1,0,0,2,0,0,0,0,0,0,0,0,0
CJ7070540310,0,0,0,0,0,0,0,0,0,0,1,0,1,0,1,0,0,0,0,0,1,0,0,0,0,0,0,0,0,0,0,0,0,0,0,1,1,1,1,0,0,0,0,1,0,0,2,0,0,0,0,0,0,0,0,0
CJ7070540311,1,2,0,0,6,0,0,0,0,0,0,5,0,0,0,0,5,0,0,0,0,2,0,2,0,2,0,0,10,2,0,0,0,0,0,0,0,5,0,0,0,0,2,0,0,46,0,0,0,0,0,0,0,0,0,0
CJ7070540340,11,5,4,11,6,8,14,4,7,21,13,13,9,50,50,0,11,0,1,13,25,18,4,17,11,9,10,9,10,9,7,4,2,4,7,5,2,3,12,9,5,9,2,1,8,20,6,15,6,25,15,5,0,10,10,0
CJ7070540341,11,5,4,11,6,8,14,4,7,21,13,13,9,1,12,4,18,0,1,13,31,23,4,17,16,10,10,9,10,9,7,4,2,4,7,5,2,3,12,9,5,9,2,1,8,20,6,15,6,25,15,5,0,10,10,0
CJ7070540349,3,15,25,37,20,10,25,25,10,10,35,20,15,10,10,20,20,0,22,8,40,40,20,10,20,10,20,30,0,15,10,10,15,20,40,20,20,50,15,65,30,32,65,65,50,40,60,60,130,70,40,20,20,60,70,50
CJ7070540350,3,15,25,37,20,10,25,25,10,10,35,20,15,10,10,20,40,0,22,8,40,40,20,10,20,10,20,30,0,15,10,10,15,20,40,20,20,50,15,65,18,32,65,65,50,40,60,60,130,70,40,20,20,60,70,50
CJ7070540351,3,15,25,36,20,10,25,25,10,10,35,20,15,10,10,20,20,0,22,8,40,40,20,10,20,10,20,20,0,15,10,10,15,20,40,20,20,50,15,65,30,32,65,65,50,40,60,60,130,70,40,20,20,60,70,50
CJ7070540354,0,18,15,10,5,5,0,10,15,10,33,40,30,31,20,17,24,0,15,20,50,30,15,10,20,10,20,20,10,20,0,20,15,35,0,10,20,30,10,50,10,20,60,35,45,60,60,21,79,40,60,40,20,40,30,20
CJ7070540357,0,5,3,2,6,5,5,3,2,3,3,5,10,3,10,2,9,0,1,4,3,2,2,7,12,1,1,4,2,2,2,8,0,3,7,0,8,2,7,19,3,9,2,12,2,7,1,52,3,5,10,5,0,10,0,0
CJ7070540358,0,5,3,2,6,5,5,3,2,3,3,5,10,3,10,2,9,0,1,4,3,2,2,7,12,1,1,4,2,2,2,8,0,3,7,0,8,2,7,19,3,9,2,12,2,7,1,52,3,5,10,5,0,10,0,0
CJ7070540360,0,0,1,1,3,1,0,0,2,0,0,0,1,0,1,0,0,0,0,0,0,1,0,1,0,1,0,0,2,0,0,0,1,0,1,2,3,4,0,0,0,6,0,0,0,0,0,0,0,0,0,0,0,0,0,0
CJ7070540361,0,0,1,1,3,1,0,0,2,0,0,0,1,0,1,0,0,0,0,0,0,1,0,1,0,1,0,0,2,0,0,0,1,0,1,2,3,4,0,0,0,6,0,0,0,0,0,0,0,0,0,0,0,0,0,0
CJ7070540362,2,1,1,2,2,5,0,2,0,0,2,3,1,2,1,1,1,0,1,2,0,6,1,1,1,3,3,2,0,2,5,2,2,3,3,3,6,2,4,4,0,0,0,0,0,0,0,0,0,8,3,4,1,0,7,0
CJ7070540363,2,1,1,2,2,5,0,2,0,0,2,3,1,2,1,1,1,0,1,2,0,6,1,1,1,3,3,2,0,2,5,2,2,3,3,3,6,2,4,4,0,0,0,0,0,0,0,0,0,8,3,4,1,0,7,0
CJ7070540372,0,2,1,4,1,1,0,1,2,0,2,0,3,1,2,1,0,0,1,4,1,2,0,2,0,0,2,2,0,2,1,0,1,2,1,0,0,0,0,0,0,0,0,0,0,3,3,2,0,3,1,5,1,0,0,0
CJ7070540373,0,2,1,4,1,1,0,1,2,0,2,0,3,1,2,1,0,0,1,4,1,2,0,2,0,0,2,2,0,2,1,0,1,2,1,0,0,0,0,0,0,0,0,0,0,3,3,2,0,3,1,4,1,0,0,0
CJ7070540374,0,2,1,4,1,1,0,1,2,0,2,0,3,1,2,1,0,0,1,4,1,2,0,2,0,0,2,2,0,2,1,0,1,2,1,0,0,0,0,0,0,0,0,0,3,2,1,2,0,2,1,4,1,0,0,0
CJ7070540391,0,0,0,0,0,0,0,0,0,0,3,2,0,0,0,0,0,0,0,0,6,2,1,0,3,0,0,0,3,1,0,0,0,1,0,0,0,0,0,0,0,0,0,0,0,0,0,3,0,0,1,2,0,0,0,1
CJ7070540392,0,0,0,0,0,0,0,0,0,0,3,2,0,0,0,0,0,0,0,0,6,2,1,0,3,0,0,0,3,1,0,0,0,1,0,0,0,0,0,0,0,0,0,0,0,0,0,3,0,0,1,2,0,0,0,1
CJ7070540393,0,0,0,0,0,1,0,0,0,0,0,1,0,0,1,1,0,0,0,0,0,1,0,0,0,0,0,0,0,0,1,0,2,1,0,0,0,2,1,0,0,0,0,0,1,2,1,0,0,0,1,1,0,0,1,0
CJ7070540394,0,0,0,0,0,1,0,0,0,0,0,1,0,0,1,1,0,0,0,0,0,1,0,0,0,0,0,0,0,0,1,0,2,1,0,0,0,2,1,0,0,0,0,0,1,2,1,0,0,0,1,1,0,0,1,0
CJ7070540433,0,0,0,0,0,0,0,2,2,0,2,0,0,2,0,0,0,0,0,0,0,2,2,0,2,2,0,0,0,0,0,0,3,0,0,0,0,0,2,0,0,0,0,0,0,0,0,0,2,0,1,0,0,0,0,0
CJ7070540442,0,0,0,0,0,0,0,0,0,0,0,0,0,0,0,0,0,0,0,0,0,0,0,20,0,0,160,0,50,50,0,100,0,100,0,0,50,0,1,0,50,0,100,0,0,0,60,0,0,70,41,48,0,0,50,0
CJ7070540443,0,0,0,0,0,0,0,0,0,0,0,0,0,0,0,0,0,0,0,0,0,0,0,20,0,0,160,0,50,50,0,100,0,100,0,0,50,0,1,0,50,0,100,0,0,0,60,0,0,70,41,48,0,0,50,0
CJ7070540466,0,0,0,0,0,0,0,0,0,0,0,0,0,0,0,0,0,0,72,0,0,100,0,28,0,0,0,13,30,50,2,102,102,251,49,100,50,251,250,200,300,0,0,200,400,0,0,201,249,100,100,250,0,100,0,0
CJ7070540467,0,0,0,0,0,0,0,0,0,0,0,0,0,0,0,0,0,0,72,0,0,100,0,28,0,0,0,13,87,50,2,102,102,300,100,100,50,244,250,300,100,0,0,200,400,0,0,201,249,100,100,200,0,150,0,0
CJ7070540468,0,0,0,0,0,0,0,0,0,0,0,0,0,0,0,0,0,0,172,0,10,100,0,118,0,0,0,124,176,100,4,104,304,438,212,188,100,400,590,610,200,200,0,300,700,0,100,402,598,200,200,400,0,200,0,0
CJ7070540469,0,1,0,0,1,0,0,0,0,0,0,0,1,0,0,0,1,0,0,1,0,0,0,0,0,0,0,1,0,0,0,0,0,0,1,0,0,0,0,0,2,7,0,0,0,0,1,1,0,0,0,0,0,1,0,0
CJ7070540472,0,1,0,0,1,0,0,0,0,0,0,0,1,0,0,0,1,0,0,1,0,0,0,0,0,0,0,1,0,0,0,0,0,0,1,0,0,0,0,0,2,7,0,0,0,0,1,1,0,0,0,0,0,1,0,0
CJ7070540496,0,0,0,0,2,3,3,0,1,4,7,3,1,0,2,3,2,0,0,1,1,1,0,1,2,0,2,0,2,3,0,4,0,13,6,3,5,8,10,11,15,9,10,9,18,5,51,20,0,40,1,45,20,60,38,40
CJ7070540503,0,0,2,0,1,1,1,4,0,0,0,0,1,0,1,2,0,0,0,3,4,0,0,1,1,4,0,1,0,0,2,0,0,0,0,0,0,2,2,1,4,0,2,8,1,2,4,7,20,3,12,0,5,10,0,0
CJ7070540504,0,0,2,0,1,1,1,4,0,0,0,0,1,0,1,2,0,0,0,3,4,0,0,1,1,4,0,1,0,0,2,0,0,0,0,0,0,2,2,1,4,0,2,8,1,2,4,7,20,3,12,0,5,10,0,0
CJ7070540534,0,0,0,0,10,4,8,4,14,8,10,10,2,16,6,12,0,0,0,10,14,2,4,22,18,20,6,8,0,16,6,8,14,24,16,30,20,44,22,6,6,30,4,50,100,72,40,30,0,54,0,0,0,70,0,2
CJ7070540563,0,0,1,0,1,3,5,0,0,0,0,1,0,0,0,0,0,0,1,2,3,2,1,2,1,3,0,1,2,0,0,1,0,0,2,3,3,1,0,0,0,0,6,1,3,12,5,16,34,10,24,20,20,20,20,0
CJ7070540572,0,0,0,0,0,0,0,0,1,0,2,0,1,0,0,0,0,0,0,0,1,1,1,0,0,1,0,2,1,1,2,0,0,1,1,0,0,0,0,5,0,0,0,0,0,0,0,0,1,0,2,1,0,0,0,0
CJ7070540575,0,0,0,0,0,0,0,0,0,0,0,0,0,0,0,0,0,0,0,0,0,0,0,0,0,0,0,0,0,0,0,0,0,1,2,1,8,3,3,2,0,1,0,0,10,4,5,1,3,12,1,5,10,0,10,31
CJ7070540576,0,0,0,0,0,0,0,0,0,0,0,0,0,0,0,0,0,0,0,0,0,0,0,0,0,0,0,0,0,0,0,0,0,1,2,1,8,3,3,2,0,1,0,0,10,4,5,1,3,12,1,5,10,0,10,31
CJ7070540622,0,0,0,0,0,0,0,0,0,0,0,0,0,0,0,0,0,0,0,0,0,0,0,0,0,0,0,0,0,0,0,0,0,0,0,2,1,47,0,0,120,0,0,110,0,10,0,0,50,50,0,0,50,100,0,0
CJ7070540623,0,0,0,0,0,0,0,0,0,0,0,0,0,0,0,0,0,0,0,0,0,0,0,0,0,0,0,0,0,0,0,0,0,0,0,2,1,47,0,0,100,0,0,110,0,30,0,0,50,50,0,0,50,100,0,0
CJ7070540624,0,0,0,0,0,0,0,0,0,0,0,0,0,0,0,0,0,0,0,0,0,0,0,0,0,0,0,0,0,0,0,0,0,0,0,4,2,44,0,0,120,0,110,220,0,60,0,0,100,130,0,0,50,200,0,0
CJ8080021308,0,0,0,0,18,0,0,10,0,0,0,0,0,0,5,0,0,0,0,0,0,0,5,0,0,3,0,3,0,5,0,0,7,0,0,2,0,4,0,5,0,5,0,0,0,0,0,0,0,0,0,0,0,0,0,0
CJ8080430619,0,3,0,0,0,100,0,0,0,144,0,0,0,0,0,134,0,0,0,0,0,0,0,0,0,0,0,0,0,72,0,0,0,9,87,0,10,0,31,57,0,22,0,20,0,0,0,0,61,0,0,0,0,0,0,0
CJ9090050033,0,1,0,0,1,0,0,0,0,2,0,0,0,0,1,0,0,0,0,0,0,1,0,0,1,0,0,0,0,0,1,0,0,0,0,0,5,0,3,1,0,0,1,0,1,0,0,1,0,1,0,0,1,0,0,0
CJ9090050095,0,2,0,0,0,0,2,0,0,0,0,0,0,0,2,0,0,0,10,0,0,2,0,0,0,0,0,0,0,0,0,0,0,0,0,0,0,0,2,2,0,0,0,0,2,0,0,2,0,2,0,0,0,0,0,0
CJ9090050125,0,0,0,0,0,0,0,0,0,0,0,0,0,0,0,0,2,0,0,0,0,0,23,17,9,0,260,0,0,187,20,50,22,70,0,50,95,11,0,0,22,0,55,140,41,60,60,120,70,72,156,246,20,120,6,20
