通用码,数据模式(自适应),数据模式(全历史),数据模式(最优区间),模式漂移,最优区间(周),变化点,最优方法,是否V6新增方法,预测总量,实际总量,MASE,绝对总量误差,零值比例(全历史),零值比例(最优),变异系数(全历史),变异系数(最优)
CF3300320001,sparse,sparse,sparse,否,13,2.0,croston,是,30.96,30.0,0.0299,0.96,0.8431,0.8462,0.866,0.0
CF3300350593,trending,lumpy,trending,是,22,13.0,ma_3,否,10.0,10.0,0.0,0.0,0.7255,0.7727,0.9769,0.3333
CF3300350594,trending,trending,trending,否,22,47.0,ma_3,否,20.0,20.0,0.0,0.0,0.7255,0.7727,0.7308,0.3333
CF3300350595,trending,lumpy,trending,是,22,13.0,ma_3,否,10.0,10.0,0.0,0.0,0.7255,0.7727,0.7024,0.3333
CF3300350596,trending,lumpy,trending,是,22,13.0,ma_3,否,10.0,10.0,0.0,0.0,0.7255,0.7727,0.7024,0.3333
CJ1010002556,intermittent,intermittent,intermittent,否,13,5.0,median_5,否,0.0,0.0,0.0,0.0,0.7647,0.6154,0.4491,0.3062
CJ1010003287,intermittent,seasonal,intermittent,是,21,10.0,adida,是,99.61,100.0,0.0031,0.39,0.6078,0.3333,0.5609,0.6003
CJ1010003584,intermittent,intermittent,intermittent,否,18,12.0,optimized_ses,否,46.36,50.0,0.0672,3.64,0.549,0.5,0.6846,0.5211
CJ1010003803,intermittent,sparse,intermittent,是,13,9.0,weighted_ma_5,是,3.33,3.0,0.0175,0.33,0.8039,0.7692,0.4817,0.382
CJ1010003846,intermittent,intermittent,intermittent,否,24,23.0,winsorized,是,4.81,8.0,0.0921,3.19,0.6471,0.625,0.6582,0.4371
CJ1010003857,intermittent,trending,intermittent,是,22,2.0,ma_3,否,16.67,16.0,0.0168,0.67,0.6863,0.7727,0.4112,0.4277
CJ1010003867,stable,stable,stable,否,25,8.0,optimized_hw,是,214.62,225.0,0.0607,10.38,0.0784,0.04,0.4865,0.4303
CJ1010003937,sparse,trending,sparse,是,13,2.0,median_5,否,0.0,0.0,0.0,0.0,0.6863,0.8462,0.7831,0.2
CJ1010003958,intermittent,intermittent,intermittent,否,25,12.0,tsb_opt,否,33.58,35.0,0.0288,1.42,0.451,0.44,0.6136,0.6343
CJ1010004051,intermittent,intermittent,intermittent,否,24,8.0,winsorized,是,70.62,25.0,0.4473,45.62,0.2745,0.2917,0.5382,0.5592
CJ1010004074,seasonal,intermittent,seasonal,是,13,2.0,damped_trend,是,57.46,65.0,0.0423,7.54,0.4118,0.3846,0.5216,0.3521
CJ1010004086,sparse,lumpy,sparse,是,19,19.0,median_5,否,0.0,0.0,0.0,0.0,0.7843,0.8421,1.076,0.4714
CJ1010004169,seasonal,seasonal,seasonal,否,14,6.0,seasonal_naive,否,65.0,61.0,0.0427,4.0,0.3725,0.3571,1.0255,0.9826
CJ1010004170,intermittent,trending,intermittent,是,19,1.0,median_5,否,0.0,0.0,0.0,0.0,0.7451,0.6842,0.6145,0.4472
CJ1010004439,seasonal,seasonal,seasonal,否,14,1.0,seasonal_naive,否,0.0,0.0,0.0,0.0,0.8039,0.8571,0.5933,0.0
CJ1010004510,lumpy,seasonal,lumpy,是,19,1.0,tsb_opt,否,57.52,30.0,0.16,27.52,0.3137,0.4737,0.9103,0.7136
CJ1010004675,seasonal,seasonal,seasonal,否,14,1.0,ma_3,否,175.0,170.0,0.0106,5.0,0.098,0.1429,0.8364,0.7721
CJ1010004676,stable,seasonal,stable,是,23,1.0,ma_3,否,75.0,50.0,0.0636,25.0,0.1569,0.2174,1.1031,0.6508
CJ1010004903,trending,seasonal,trending,是,26,8.0,ma_5,否,20.0,20.0,0.0,0.0,0.4706,0.5,0.4893,0.4677
CJ1010004973,intermittent,lumpy,intermittent,是,13,11.0,sba,否,17.82,15.0,0.235,2.82,0.7843,0.6154,0.9158,0.5933
CJ1010004974,seasonal,stable,seasonal,是,18,1.0,theta,是,173.37,170.0,0.0172,3.37,0.1765,0.1111,0.5365,0.5908
CJ1010005169,sparse,sparse,sparse,否,20,6.0,winsorized,是,1.12,1.0,0.0136,0.12,0.8235,0.8,0.6009,0.5821
CJ1010005251,seasonal,seasonal,seasonal,否,21,4.0,seasonal_naive,否,0.0,0.0,0.0,0.0,0.7059,0.7619,0.6261,0.2041
CJ1010005351,lumpy,lumpy,lumpy,否,13,6.0,naive_drift,是,0.0,10.0,0.2033,10.0,0.5098,0.4615,1.767,1.065
CJ1010005371,sparse,trending,sparse,是,22,1.0,adida,是,23.96,20.0,0.1384,3.96,0.7451,0.8182,0.4904,0.0
CJ1010005477,seasonal,seasonal,seasonal,否,26,19.0,seasonal_naive,否,0.0,0.0,0.0,0.0,0.7255,0.6923,0.8085,0.7412
CJ1010005478,seasonal,erratic,seasonal,是,22,2.0,damped_trend,是,204.47,210.0,0.0106,5.53,0.1765,0.0,0.7682,0.8698
CJ1010005505,intermittent,intermittent,intermittent,否,14,3.0,ma_5,否,20.0,20.0,0.0,0.0,0.4902,0.5,0.6148,0.6663
CJ1010005517,intermittent,seasonal,intermittent,是,26,1.0,ma_5,否,10.0,10.0,0.0,0.0,0.6471,0.6923,0.4835,0.5017
CJ1010005522,intermittent,seasonal,intermittent,是,24,9.0,median_5,否,0.0,0.0,0.0,0.0,0.4902,0.4167,0.6314,0.6856
CJ1010005528,stable,trending,stable,是,13,2.0,optimized_hw,是,589.46,445.0,0.4315,144.46,0.0196,0.0,0.3692,0.5017
CJ1010005530,trending,trending,trending,否,26,3.0,holt_winters,否,0.22,1.0,0.009,0.78,0.4902,0.5769,0.5356,0.3969
CJ1010005533,seasonal,seasonal,seasonal,否,16,3.0,naive_drift,是,47.0,40.0,0.0758,7.0,0.1373,0.125,0.5676,0.4873
CJ1010005539,stable,trending,stable,是,26,6.0,damped_trend,是,168.07,160.0,0.0349,8.07,0.0,0.0,0.5584,0.513
CJ1010005550,sparse,trending,sparse,是,13,1.0,median_5,否,0.0,0.0,0.0,0.0,0.8039,0.9231,0.5313,0.0
CJ1010005576,intermittent,trending,intermittent,是,13,4.0,interval_based,否,15.85,15.0,0.0216,0.85,0.6078,0.6154,0.693,0.3499
CJ1010005588,stable,stable,stable,否,13,7.0,theta,是,162.12,165.0,0.0105,2.88,0.1961,0.2308,0.5859,0.6649
CJ1010005594,seasonal,lumpy,seasonal,是,25,1.0,median_5,否,0.0,0.0,0.0,0.0,0.3725,0.2,0.9546,1.1054
CJ1010005601,trending,stable,trending,是,23,7.0,seasonal_naive,否,540.0,522.0,0.0297,18.0,0.0588,0.0,0.6531,0.6889
CJ1010005611,lumpy,seasonal,lumpy,是,14,16.0,interval_based,否,15.6,70.0,2.6931,54.4,0.8235,0.7857,1.0936,0.8749
CJ1010005632,sparse,lumpy,sparse,是,18,13.0,croston,是,38.75,50.0,0.1946,11.25,0.7647,0.8333,0.8629,0.6616
CJ1010005639,lumpy,lumpy,lumpy,否,13,19.0,winsorized,是,0.0,0.0,0.0,0.0,0.6471,0.7692,1.0181,0.897
CJ1010005640,seasonal,seasonal,seasonal,否,19,3.0,seasonal_naive,否,0.0,0.0,0.0,0.0,0.7451,0.7895,0.5196,0.5808
CJ1010005660,stable,trending,stable,是,20,5.0,optimized_des,否,252.09,250.0,0.0135,2.09,0.2157,0.05,0.5932,0.5833
CJ1010005668,seasonal,lumpy,seasonal,是,26,2.0,holt_winters,否,0.0,0.0,0.0,0.0,0.5294,0.5,0.7147,0.464
CJ1010005671,intermittent,intermittent,intermittent,否,19,7.0,interval_based,否,9.98,10.0,0.001,0.02,0.7647,0.6316,0.5448,0.5521
CJ1010005745,seasonal,seasonal,seasonal,否,18,1.0,optimized_des,否,0.0,0.0,0.0,0.0,0.7059,0.7778,0.8153,0.6882
CJ1010005875,intermittent,seasonal,intermittent,是,22,8.0,median_5,否,0.0,0.0,0.0,0.0,0.5098,0.5909,0.5334,0.417
CJ1010005942,seasonal,trending,seasonal,是,17,1.0,optimized_des,否,0.0,0.0,0.0,0.0,0.7059,0.8235,0.3432,0.2977
CJ1010006139,intermittent,intermittent,intermittent,否,13,9.0,interval_based,否,22.21,25.0,0.1043,2.79,0.6078,0.5385,0.481,0.4041
CJ1010006199,intermittent,intermittent,intermittent,否,13,40.0,ma_3,否,16.67,0.0,0.3788,16.67,0.549,0.5385,0.5072,0.4952
CJ1010006263,intermittent,seasonal,intermittent,是,14,19.0,median_5,否,0.0,0.0,0.0,0.0,0.6863,0.7857,0.3493,0.0
CJ1010006293,seasonal,seasonal,seasonal,否,22,2.0,ma_5,否,15.0,15.0,0.0,0.0,0.4314,0.6364,0.5138,0.4641
CJ1010006374,intermittent,intermittent,intermittent,否,26,1.0,weighted_ma_5,是,18.33,10.0,0.1701,8.33,0.549,0.5385,0.4999,0.5234
CJ1010006464,seasonal,intermittent,seasonal,是,16,2.0,seasonal_naive,否,10.0,19.0,1.3235,9.0,0.7843,0.75,0.4523,0.4738
CJ1010006471,sparse,sparse,sparse,否,20,1.0,croston,是,2.52,7.0,1.7218,4.48,0.8431,0.8,0.4738,0.3685
CJ1010006502,trending,intermittent,trending,是,13,25.0,naive_drift,是,0.0,0.0,0.0,0.0,0.7451,0.6154,0.1386,0.2222
CJ1010006503,intermittent,intermittent,intermittent,否,13,3.0,median_5,否,0.0,0.0,0.0,0.0,0.6863,0.7692,0.4625,0.202
CJ1010006593,intermittent,sparse,intermittent,是,26,7.0,naive_drift,是,3.8,5.0,0.2143,1.2,0.8039,0.7692,0.7177,0.6885
CJ1010006627,intermittent,intermittent,intermittent,否,22,9.0,optimized_ses,否,20.08,32.0,0.1342,11.92,0.3137,0.3636,0.6587,0.6194
CJ1010006631,intermittent,lumpy,intermittent,是,19,6.0,croston,是,19.56,20.0,0.012,0.44,0.7255,0.7895,0.784,0.6633
CJ1010006642,seasonal,intermittent,seasonal,是,14,9.0,naive_drift,是,53.0,50.0,0.0769,3.0,0.7843,0.6429,0.528,0.4402
CJ1010006645,seasonal,intermittent,seasonal,是,13,20.0,seasonal_naive,否,10.0,10.0,0.0,0.0,0.7843,0.7692,0.2635,0.0
CJ1010006741,stable,seasonal,stable,是,24,3.0,ma_3,否,170.0,162.0,0.0471,8.0,0.2745,0.125,0.5612,0.5439
CJ1010006743,stable,stable,stable,否,13,17.0,weighted_ma_5,是,128.33,130.0,0.0104,1.67,0.098,0.1538,0.5278,0.6006
CJ1010006751,intermittent,trending,intermittent,是,24,3.0,tsb_opt,否,1.35,1.0,0.0063,0.35,0.5686,0.75,0.7043,0.4757
CJ1010006896,seasonal,seasonal,seasonal,否,26,6.0,seasonal_naive,否,360.0,385.0,0.0954,25.0,0.4706,0.1923,0.5716,0.5486
CJ1010006909,sparse,trending,sparse,是,13,1.0,median_5,否,0.0,0.0,0.0,0.0,0.7255,0.9231,0.3855,0.0
CJ1010006926,intermittent,intermittent,intermittent,否,25,7.0,interval_based,否,38.3,40.0,0.0354,1.7,0.7059,0.68,0.372,0.3886
CJ1010006958,intermittent,intermittent,intermittent,否,13,16.0,winsorized,是,10.31,10.0,0.0087,0.31,0.5882,0.4615,0.6746,0.4802
CJ1010007001,intermittent,trending,intermittent,是,25,22.0,median_5,否,25.0,21.0,0.202,4.0,0.7059,0.52,0.5989,0.5844
CJ1010007035,intermittent,trending,intermittent,是,13,8.0,adida,是,43.6,45.0,0.0307,1.4,0.4314,0.3077,0.7543,0.5491
CJ1010007063,intermittent,intermittent,intermittent,否,16,23.0,median_5,否,0.0,0.0,0.0,0.0,0.6863,0.625,0.5889,0.4925
CJ1010007103,intermittent,sparse,intermittent,是,18,4.0,median_5,否,0.0,0.0,0.0,0.0,0.8039,0.7222,0.5869,0.4901
CJ1010007122,intermittent,seasonal,intermittent,是,18,6.0,optimized_ses,否,43.37,52.0,0.1003,8.63,0.5098,0.5556,0.5103,0.5131
CJ1010007137,seasonal,seasonal,seasonal,否,26,7.0,optimized_hw,是,36.27,40.0,0.0485,3.73,0.6863,0.7308,0.3921,0.3879
CJ1010007140,sparse,seasonal,sparse,是,13,4.0,croston,是,19.55,20.0,0.0139,0.45,0.8431,0.9231,0.433,0.0
CJ1010007156,intermittent,sparse,intermittent,是,13,8.0,naive_drift,是,10.6,11.0,0.069,0.4,0.8431,0.7692,0.4443,0.1664
CJ1010007191,intermittent,seasonal,intermittent,是,14,1.0,winsorized,是,2.44,3.0,0.017,0.56,0.6667,0.7857,0.8874,0.3536
CJ1010007210,seasonal,intermittent,seasonal,是,25,34.0,ma_5,否,10.0,10.0,0.0,0.0,0.7647,0.76,0.3194,0.3194
CJ1010007222,sparse,sparse,sparse,否,21,26.0,croston,是,2.05,2.0,0.0097,0.05,0.8431,0.8095,0.6061,0.636
CJ1010007319,sparse,intermittent,sparse,是,24,9.0,naive_drift,是,5.3,5.0,0.0291,0.3,0.7843,0.8333,0.5107,0.5033
CJ1010007334,erratic,lumpy,erratic,是,17,9.0,median_5,否,30.0,20.0,0.0784,10.0,0.3333,0.2353,0.7303,0.7102
CJ1010007337,intermittent,intermittent,intermittent,否,13,6.0,interval_based,否,30.61,30.0,0.012,0.61,0.3922,0.3077,0.5098,0.3402
CJ1010007360,intermittent,intermittent,intermittent,否,18,1.0,median_5,否,0.0,0.0,0.0,0.0,0.5882,0.5556,0.5642,0.49
CJ1010007386,seasonal,intermittent,seasonal,是,14,10.0,median_5,否,0.0,0.0,0.0,0.0,0.6667,0.5714,0.3875,0.202
CJ1010007390,intermittent,trending,intermittent,是,16,8.0,ma_5,否,45.0,45.0,0.0,0.0,0.5294,0.375,0.6329,0.4194
CJ1010007452,sparse,sparse,sparse,否,13,3.0,tsb_opt,否,8.15,12.0,0.0754,3.85,0.8039,0.9231,0.185,0.0
CJ1010007454,sparse,intermittent,sparse,是,13,3.0,median_5,否,0.0,0.0,0.0,0.0,0.7451,0.8462,0.6973,0.0
CJ1010007548,sparse,seasonal,sparse,是,13,2.0,median_5,否,0.0,0.0,0.0,0.0,0.7843,0.9231,0.6936,0.0
CJ1010007576,intermittent,intermittent,intermittent,否,26,36.0,ma_3,否,33.33,20.0,0.2315,13.33,0.451,0.4231,0.4661,0.334
CJ1010007591,seasonal,seasonal,seasonal,否,24,3.0,ma_5,否,5.0,10.0,0.1029,5.0,0.6471,0.6667,0.6518,0.5284
CJ1010007647,seasonal,sparse,seasonal,是,25,5.0,optimized_des,否,9.9,10.0,0.0048,0.1,0.8235,0.76,0.5699,0.5345
CJ1010007687,intermittent,seasonal,intermittent,是,26,3.0,winsorized,是,0.94,1.0,0.0009,0.06,0.5294,0.6923,0.5808,0.3062
CJ1010007782,intermittent,intermittent,intermittent,否,13,15.0,adida,是,9.0,10.0,0.0532,1.0,0.7843,0.6923,0.2832,0.5033
CJ1010007810,seasonal,seasonal,seasonal,否,24,1.0,ma_5,否,20.0,20.0,0.0,0.0,0.549,0.625,0.3423,0.2802
CJ1010007843,stable,lumpy,stable,是,15,5.0,ma_5,否,60.0,60.0,0.0,0.0,0.2549,0.1333,0.7006,0.5624
CJ1010007848,stable,seasonal,stable,是,13,18.0,optimized_des,否,933.7,841.0,0.172,92.7,0.0588,0.0,0.8641,0.6201
CJ1010007850,erratic,erratic,erratic,否,13,11.0,weighted_ma_5,是,86.67,85.0,0.0101,1.67,0.2157,0.2308,0.785,1.2034
CJ1010007851,erratic,seasonal,erratic,是,13,40.0,adida,是,82.6,30.0,0.473,52.6,0.2941,0.0,0.8826,0.8529
CJ1010007854,sparse,sparse,sparse,否,14,8.0,croston,是,19.47,20.0,0.0311,0.53,0.8039,0.8571,0.6668,0.0
CJ1010007904,intermittent,lumpy,intermittent,是,13,27.0,ma_3,否,26.67,25.0,0.0347,1.67,0.5294,0.4615,0.9105,0.6205
CJ1010007905,intermittent,intermittent,intermittent,否,13,19.0,sba,否,27.04,34.0,0.1444,6.96,0.7843,0.7692,0.4956,0.3742
CJ1010007928,intermittent,seasonal,intermittent,是,14,33.0,median_5,否,0.0,0.0,0.0,0.0,0.6471,0.5,0.6999,0.4941
CJ1010007969,sparse,intermittent,sparse,是,24,3.0,median_5,否,0.0,0.0,0.0,0.0,0.7843,0.8333,0.664,0.2425
CJ1010007993,intermittent,trending,intermittent,是,13,20.0,theta,是,32.25,30.0,0.0561,2.25,0.6863,0.3846,0.6377,0.464
CJ1010007994,intermittent,intermittent,intermittent,否,15,2.0,weighted_ma_5,是,40.0,40.0,0.0,0.0,0.6078,0.6,0.6499,0.2834
CJ1010007999,lumpy,seasonal,lumpy,是,13,38.0,tsb_opt,否,123.45,119.0,0.1861,4.45,0.8039,0.4615,0.7734,0.783
CJ1010008000,erratic,seasonal,erratic,是,21,9.0,ma_3,否,453.33,437.0,0.0338,16.33,0.1961,0.0952,1.23,0.7438
CJ1010008037,stable,stable,stable,否,14,19.0,interval_based,否,98.04,93.0,0.0469,5.04,0.2353,0.1429,0.5663,0.5854
CJ1010008038,stable,stable,stable,否,13,8.0,ma_7,否,192.86,195.0,0.0151,2.14,0.1569,0.0769,0.514,0.4014
CJ1010008046,seasonal,intermittent,seasonal,是,18,21.0,median_5,否,0.0,0.0,0.0,0.0,0.7451,0.7222,0.6297,0.606
CJ1010008086,all_zero,seasonal,all_zero,是,13,1.0,ma_5,否,0.0,0.0,0.0,0.0,0.8039,1.0,0.7148,0.0
CJ1010008144,intermittent,intermittent,intermittent,否,13,1.0,winsorized,是,20.62,20.0,0.0145,0.62,0.7255,0.6154,0.6366,0.3162
CJ1010008188,sparse,sparse,sparse,否,13,8.0,interval_based,否,9.36,13.0,0.3135,3.64,0.8431,0.8462,0.7141,0.3333
CJ1010008196,seasonal,lumpy,seasonal,是,19,2.0,ma_5,否,5.0,7.0,0.0623,2.0,0.4706,0.5263,0.8236,0.8784
CJ1010008204,lumpy,sparse,lumpy,是,13,22.0,tsb_opt,否,4.75,5.0,0.0529,0.25,0.8039,0.7692,0.6,0.8081
CJ1010008240,lumpy,lumpy,lumpy,否,22,25.0,ma_5,否,20.0,22.0,0.0741,2.0,0.6471,0.5455,0.9371,0.8016
CJ1010008259,sparse,sparse,sparse,否,18,3.0,median_5,否,0.0,0.0,0.0,0.0,0.8039,0.8333,0.7478,0.5443
CJ1010008261,stable,seasonal,stable,是,15,3.0,theta,是,174.0,200.0,0.158,26.0,0.2745,0.0667,0.5503,0.4215
CJ1010008371,seasonal,intermittent,seasonal,是,14,15.0,optimized_hw,是,32.18,30.0,0.0449,2.18,0.5294,0.5714,0.6473,0.0
CJ1010008381,intermittent,seasonal,intermittent,是,13,39.0,winsorized,是,20.62,20.0,0.0446,0.62,0.8431,0.6923,0.6538,0.3333
CJ1010008453,seasonal,intermittent,seasonal,是,14,33.0,optimized_hw,是,18.97,21.0,0.0758,2.03,0.6667,0.6429,0.6406,0.381
CJ1010008489,lumpy,lumpy,lumpy,否,26,3.0,median_5,否,0.0,0.0,0.0,0.0,0.7451,0.7308,0.8228,0.8076
CJ1010008533,intermittent,seasonal,intermittent,是,25,13.0,winsorized,是,69.69,70.0,0.0042,0.31,0.549,0.36,0.5668,0.5648
CJ1010008568,seasonal,seasonal,seasonal,否,13,34.0,optimized_hw,是,50.2,54.0,0.1139,3.8,0.6275,0.5385,0.7776,0.6301
CJ1010008616,intermittent,seasonal,intermittent,是,13,33.0,adida,是,5.94,5.0,0.0901,0.94,0.7255,0.6923,0.8878,0.248
CJ1010008725,intermittent,sparse,intermittent,是,13,32.0,sba,否,5.02,5.0,0.0021,0.02,0.8235,0.7692,0.5026,0.3536
CJ1010008815,seasonal,lumpy,seasonal,是,13,15.0,seasonal_naive,否,52.0,66.0,0.0421,14.0,0.6275,0.4615,1.2471,0.8526
CJ1010008860,seasonal,seasonal,seasonal,否,14,25.0,optimized_hw,是,11.53,40.0,2.4974,28.47,0.7451,0.5714,0.661,0.2828
CJ1010008951,lumpy,sparse,lumpy,是,18,29.0,weighted_ma_5,是,11.33,10.0,0.1932,1.33,0.8235,0.6111,0.7537,0.8262
CJ1010009191,lumpy,trending,lumpy,是,13,42.0,croston,是,101.41,101.0,0.012,0.41,0.8627,0.6154,0.8137,0.7927
CJ1010009404,intermittent,intermittent,intermittent,否,13,22.0,median_5,否,0.0,0.0,0.0,0.0,0.5882,0.5385,0.372,0.1315
CJ1010010478,intermittent,sparse,intermittent,是,21,21.0,ma_5,否,100.0,100.0,0.0,0.0,0.8235,0.7143,0.2844,0.2182
CJ1010061096,intermittent,seasonal,intermittent,是,15,5.0,median_5,否,0.0,0.0,0.0,0.0,0.7647,0.7333,0.4497,0.0
CJ1010061301,erratic,erratic,erratic,否,22,15.0,weighted_ma_5,是,46.67,40.0,0.0509,6.67,0.1765,0.1818,0.8464,0.794
CJ1010061352,sparse,intermittent,sparse,是,13,6.0,ma_5,否,1.0,1.0,0.0,0.0,0.7843,0.9231,0.5465,0.0
CJ1010061355,all_zero,seasonal,all_zero,是,13,19.0,optimized_ses,否,0.0,6.0,0.476,6.0,0.8039,1.0,0.7642,0.0
CJ1010071092,intermittent,seasonal,intermittent,是,21,1.0,interval_based,否,30.86,20.0,0.1223,10.86,0.7059,0.7143,0.4708,0.172
CJ1010071343,seasonal,intermittent,seasonal,是,14,6.0,optimized_ses,否,116.44,110.0,0.0473,6.44,0.2941,0.2143,0.5149,0.5715
CJ1010071355,sparse,sparse,sparse,否,13,6.0,median_5,否,0.0,0.0,0.0,0.0,0.8039,0.9231,0.4146,0.0
CJ1010071373,seasonal,stable,seasonal,是,25,18.0,optimized_des,否,496.49,400.0,0.2477,96.49,0.1765,0.24,0.36,0.3945
CJ1010071480,stable,seasonal,stable,是,21,2.0,ma_3,否,733.33,720.0,0.0307,13.33,0.1765,0.0,0.5506,0.4364
CJ1010101644,sparse,seasonal,sparse,是,13,2.0,median_5,否,0.0,0.0,0.0,0.0,0.8039,0.9231,0.2071,0.0
CJ1010101786,seasonal,seasonal,seasonal,否,13,2.0,holt_winters,否,0.0,0.0,0.0,0.0,0.7843,0.5385,0.4794,0.505
CJ1010101830,sparse,sparse,sparse,否,13,1.0,adida,是,45.83,50.0,0.0496,4.17,0.8039,0.9231,0.2318,0.0
CJ1010101842,intermittent,intermittent,intermittent,否,14,1.0,weighted_ma_5,是,66.67,50.0,0.0751,16.67,0.6471,0.6429,0.3451,0.2011
CJ1010101843,intermittent,intermittent,intermittent,否,15,1.0,ma_5,否,100.0,100.0,0.0,0.0,0.6471,0.6667,0.3114,0.237
CJ1010121214,seasonal,intermittent,seasonal,是,14,1.0,seasonal_naive,否,110.0,100.0,0.0472,10.0,0.6078,0.5714,0.4166,0.4163
CJ1010121304,seasonal,sparse,seasonal,是,17,13.0,optimized_des,否,48.27,50.0,0.0241,1.73,0.8235,0.7647,0.441,0.1925
CJ1010121305,intermittent,intermittent,intermittent,否,13,1.0,weighted_ma_5,是,66.67,50.0,0.0779,16.67,0.549,0.6154,0.3524,0.1481
CJ1010121317,seasonal,seasonal,seasonal,否,13,20.0,optimized_ses,否,64.57,70.0,0.0438,5.43,0.7255,0.6923,0.1687,0.0825
CJ1010121357,intermittent,intermittent,intermittent,否,13,3.0,ma_5,否,30.0,30.0,0.0,0.0,0.7647,0.7692,0.3093,0.0
CJ1010121496,sparse,trending,sparse,是,13,12.0,interval_based,否,9.89,20.0,0.8424,10.11,0.8431,0.8462,0.4,0.0
CJ1010121509,seasonal,seasonal,seasonal,否,20,27.0,median_5,否,0.0,0.0,0.0,0.0,0.7059,0.7,0.333,0.1829
CJ1010121510,seasonal,intermittent,seasonal,是,13,31.0,damped_trend,是,82.04,75.0,0.055,7.04,0.7059,0.6923,0.1962,0.0825
CJ1010121584,lumpy,erratic,lumpy,是,14,5.0,adida,是,329.5,225.0,0.3483,104.5,0.2157,0.2857,0.811,0.8575
CJ1010121663,seasonal,seasonal,seasonal,否,22,11.0,ma_3,否,983.33,770.0,0.392,213.33,0.1176,0.0455,0.5867,0.5491
CJ1010121688,intermittent,seasonal,intermittent,是,13,1.0,optimized_ses,否,59.69,200.0,0.1221,140.31,0.451,0.7692,1.2784,0.4082
CJ1010121703,intermittent,trending,intermittent,是,13,35.0,winsorized,是,34.37,50.0,0.3634,15.63,0.8431,0.5385,0.5682,0.5686
CJ1010121804,seasonal,seasonal,seasonal,否,15,7.0,theta,是,105.32,75.0,0.4258,30.32,0.549,0.2,0.5594,0.4186
CJ1010130154,intermittent,intermittent,intermittent,否,13,2.0,median_5,否,0.0,0.0,0.0,0.0,0.7647,0.7692,0.4713,0.1768
CJ1010130261,sparse,intermittent,sparse,是,26,1.0,median_5,否,0.0,0.0,0.0,0.0,0.7843,0.8846,0.2724,0.0884
CJ1010130283,seasonal,intermittent,seasonal,是,19,12.0,seasonal_naive,否,10.0,0.0,0.3937,10.0,0.7843,0.7895,0.496,0.3464
CJ1010130285,intermittent,intermittent,intermittent,否,17,8.0,median_5,否,0.0,0.0,0.0,0.0,0.5686,0.5882,0.3571,0.1976
CJ1010140298,lumpy,erratic,lumpy,是,24,13.0,winsorized,是,167.5,120.0,0.1203,47.5,0.2157,0.25,0.7585,0.8399
CJ1010140384,intermittent,intermittent,intermittent,否,26,42.0,croston,是,66.73,70.0,0.0264,3.27,0.5294,0.6154,0.2813,0.2833
CJ1010140414,seasonal,lumpy,seasonal,是,13,12.0,holt_winters,否,74.57,120.0,0.2804,45.43,0.3529,0.4615,0.7369,0.6812
CJ1010160594,seasonal,seasonal,seasonal,否,26,6.0,optimized_hw,是,0.0,5.0,0.0847,5.0,0.5098,0.6538,0.4666,0.4859
CJ1010160989,intermittent,intermittent,intermittent,否,21,1.0,median_5,否,0.0,0.0,0.0,0.0,0.7647,0.7143,0.6776,0.5038
CJ1010161081,seasonal,erratic,seasonal,是,15,2.0,optimized_hw,是,175.88,135.0,0.1363,40.88,0.2353,0.1333,0.8104,1.0708
CJ1010161410,intermittent,trending,intermittent,是,14,40.0,adida,是,11.0,10.0,0.0526,1.0,0.7647,0.5,0.5821,0.4629
CJ1010250007,intermittent,intermittent,intermittent,否,14,2.0,median_5,否,0.0,0.0,0.0,0.0,0.7059,0.7857,0.3491,0.3536
CJ1010270017,sparse,seasonal,sparse,是,13,1.0,median_5,否,0.0,0.0,0.0,0.0,0.549,0.9231,0.5922,0.0
CJ1010270027,seasonal,trending,seasonal,是,23,2.0,naive_drift,是,10.3,7.0,0.2075,3.3,0.1176,0.1739,0.6633,0.695
CJ1010270029,trending,lumpy,trending,是,13,8.0,ma_5,否,2.0,2.0,0.0,0.0,0.5294,0.4615,0.7217,0.8055
CJ1010270032,seasonal,intermittent,seasonal,是,14,1.0,theta,是,3.02,3.0,0.0055,0.02,0.6667,0.6429,0.4359,0.3333
CJ1010270041,stable,stable,stable,否,20,3.0,damped_trend,是,24.37,24.0,0.0123,0.37,0.0,0.0,0.5075,0.4172
CJ1010270046,intermittent,trending,intermittent,是,13,46.0,adida,是,4.4,1.0,0.7083,3.4,0.4706,0.6154,0.6149,0.4157
CJ1010270082,stable,seasonal,stable,是,13,2.0,theta,是,53.77,60.0,0.1905,6.23,0.0196,0.0,0.4142,0.3291
CJ1010300047,trending,sparse,trending,是,13,1.0,optimized_des,否,0.0,0.0,0.0,0.0,0.8039,0.6923,0.9823,0.2
CJ1010420069,intermittent,lumpy,intermittent,是,13,2.0,ma_5,否,3.0,2.0,0.0654,1.0,0.6471,0.5385,1.1508,0.6986
CJ1010420301,sparse,sparse,sparse,否,13,44.0,naive_drift,是,0.0,0.0,0.0,0.0,0.8039,0.8462,0.7746,0.6667
CJ1010420404,all_zero,lumpy,all_zero,是,13,11.0,ma_5,否,0.0,0.0,0.0,0.0,0.7647,1.0,1.1531,0.0
CJ1010420444,stable,intermittent,stable,是,13,1.0,naive_drift,是,15.6,14.0,0.0476,1.6,0.2941,0.2308,0.6654,0.4978
CJ1010420445,seasonal,lumpy,seasonal,是,15,5.0,median_5,否,0.0,1.0,0.0227,1.0,0.3529,0.4,0.9581,0.8843
CJ1010420476,seasonal,intermittent,seasonal,是,16,3.0,optimized_des,否,6.9,7.0,0.0104,0.1,0.7255,0.6875,0.6235,0.4925
CJ1010420517,lumpy,lumpy,lumpy,否,18,8.0,weighted_ma_5,是,7.33,7.0,0.0211,0.33,0.5882,0.5,0.9676,0.8304
CJ1010420522,intermittent,trending,intermittent,是,26,3.0,adida,是,13.43,13.0,0.0216,0.43,0.5882,0.7308,0.8404,0.6414
CJ1010420523,erratic,erratic,erratic,否,26,2.0,sba,否,81.12,78.0,0.0301,3.12,0.0588,0.0,0.7781,0.7896
CJ1010420540,intermittent,intermittent,intermittent,否,26,2.0,median_5,否,0.0,0.0,0.0,0.0,0.3529,0.3846,0.652,0.5461
CJ1010420545,stable,erratic,stable,是,17,7.0,ma_3,否,108.33,60.0,0.3895,48.33,0.1765,0.1765,0.8952,0.4504
CJ1010420564,intermittent,sparse,intermittent,是,16,21.0,winsorized,是,1.88,6.0,2.5781,4.12,0.8431,0.6875,0.294,0.3333
CJ1010420618,stable,seasonal,stable,是,17,4.0,theta,是,1001.73,997.0,0.0093,4.73,0.0392,0.0,0.6011,0.3853
CJ1010420623,intermittent,intermittent,intermittent,否,24,14.0,ma_3,否,5.0,5.0,0.0,0.0,0.6275,0.5,0.433,0.3748
CJ1010420627,seasonal,stable,seasonal,是,14,7.0,optimized_hw,是,573.05,556.0,0.0573,17.05,0.0196,0.0,0.3885,0.3053
CJ1010420635,intermittent,seasonal,intermittent,是,13,10.0,median_5,否,0.0,0.0,0.0,0.0,0.7647,0.6923,0.3536,0.3333
CJ1010420659,sparse,sparse,sparse,否,13,5.0,ma_5,否,4.0,5.0,0.3846,1.0,0.8039,0.9231,0.6374,0.0
CJ1010420674,seasonal,lumpy,seasonal,是,17,30.0,optimized_des,否,9.83,10.0,0.0096,0.17,0.7647,0.6471,0.8129,0.6941
CJ1010420678,intermittent,intermittent,intermittent,否,22,26.0,adida,是,31.37,30.0,0.0305,1.37,0.5098,0.4545,0.3678,0.348
CJ1010420686,intermittent,lumpy,intermittent,是,13,33.0,optimized_ses,否,22.16,22.0,0.0063,0.16,0.5882,0.4615,0.7566,0.5997
CJ1010420692,erratic,lumpy,erratic,是,16,13.0,naive_drift,是,0.0,0.0,0.0,0.0,0.3333,0.125,0.8395,0.7409
CJ1010420731,intermittent,seasonal,intermittent,是,13,42.0,sba,否,53.48,51.0,0.0589,2.48,0.8039,0.6154,0.749,0.613
CJ1010420739,intermittent,trending,intermittent,是,13,42.0,optimized_ses,否,25.03,25.0,0.0033,0.03,0.8431,0.6923,0.781,0.5185
CJ1010420750,seasonal,trending,seasonal,是,24,1.0,naive_drift,是,26.2,37.0,0.0959,10.8,0.2941,0.4583,0.7947,0.8096
CJ1010420751,seasonal,trending,seasonal,是,26,2.0,optimized_hw,是,80.19,85.0,0.0316,4.81,0.1176,0.0769,0.6118,0.5697
CJ1010420753,intermittent,intermittent,intermittent,否,16,11.0,optimized_ses,否,10.79,10.0,0.0422,0.79,0.6863,0.5625,0.3655,0.2635
CJ1010440099,seasonal,seasonal,seasonal,否,13,15.0,optimized_ses,否,162.56,100.0,0.4888,62.56,0.6471,0.3077,0.5207,0.3202
CJ1010480071,sparse,sparse,sparse,否,26,3.0,median_5,否,0.0,0.0,0.0,0.0,0.8039,0.8462,0.4505,0.4082
CJ1010480085,all_zero,trending,all_zero,是,13,1.0,ma_5,否,0.0,0.0,0.0,0.0,0.8039,1.0,0.9007,0.0
CJ1010480086,intermittent,intermittent,intermittent,否,18,2.0,median_5,否,0.0,0.0,0.0,0.0,0.4902,0.4444,0.4862,0.2834
CJ1010480124,sparse,intermittent,sparse,是,13,16.0,median_5,否,0.0,0.0,0.0,0.0,0.6863,0.8462,0.6009,0.1667
CJ1010480141,intermittent,lumpy,intermittent,是,15,39.0,optimized_ses,否,27.08,20.0,0.158,7.08,0.6078,0.5333,0.7001,0.4445
CJ1010480146,intermittent,intermittent,intermittent,否,13,32.0,median_5,否,0.0,0.0,0.0,0.0,0.7647,0.6923,0.5099,0.3685
CJ1010480171,seasonal,seasonal,seasonal,否,13,10.0,holt_winters,否,0.0,0.0,0.0,0.0,0.8039,0.8462,0.3886,0.0
CJ1010480173,intermittent,intermittent,intermittent,否,24,15.0,median_5,否,0.0,0.0,0.0,0.0,0.549,0.5833,0.527,0.5084
CJ1010480180,sparse,intermittent,sparse,是,13,5.0,median_5,否,0.0,0.0,0.0,0.0,0.7647,0.9231,0.5413,0.0
CJ1010480224,intermittent,seasonal,intermittent,是,13,9.0,median_5,否,0.0,0.0,0.0,0.0,0.7451,0.6923,0.5897,0.4472
CJ1010480232,intermittent,intermittent,intermittent,否,13,9.0,median_5,否,0.0,0.0,0.0,0.0,0.7255,0.6923,0.5171,0.6
CJ1010480238,sparse,intermittent,sparse,是,13,14.0,median_5,否,0.0,0.0,0.0,0.0,0.7647,0.8462,0.4622,0.0
CJ1010480297,intermittent,intermittent,intermittent,否,26,23.0,median_5,否,0.0,0.0,0.0,0.0,0.6863,0.6923,0.5372,0.464
CJ1010480366,all_zero,seasonal,all_zero,是,13,5.0,ma_5,否,0.0,0.0,0.0,0.0,0.8039,1.0,0.3333,0.0
CJ1010480368,intermittent,intermittent,intermittent,否,17,14.0,median_5,否,0.0,0.0,0.0,0.0,0.4902,0.5294,0.6654,0.6486
CJ1010480369,intermittent,seasonal,intermittent,是,24,5.0,median_5,否,0.0,0.0,0.0,0.0,0.8039,0.7917,0.4699,0.5477
CJ1010480385,lumpy,sparse,lumpy,是,13,42.0,winsorized,是,0.0,0.0,0.0,0.0,0.8039,0.7692,1.5779,1.2097
CJ1010480386,lumpy,sparse,lumpy,是,23,25.0,median_5,否,0.0,0.0,0.0,0.0,0.8039,0.6087,0.7444,0.7258
CJ1010480387,intermittent,intermittent,intermittent,否,18,25.0,croston,是,18.8,20.0,0.035,1.2,0.7451,0.6667,0.5883,0.2834
CJ1010480389,seasonal,seasonal,seasonal,否,15,22.0,theta,是,0.0,0.0,0.0,0.0,0.4118,0.4667,0.5544,0.328
CJ1010480397,intermittent,intermittent,intermittent,否,24,16.0,median_5,否,0.0,0.0,0.0,0.0,0.5098,0.3333,0.6526,0.4547
CJ1010480426,intermittent,intermittent,intermittent,否,15,32.0,median_5,否,0.0,0.0,0.0,0.0,0.6275,0.6,0.6882,0.5408
CJ1010480434,seasonal,seasonal,seasonal,否,23,24.0,holt_winters,否,0.0,0.0,0.0,0.0,0.7647,0.5652,0.6132,0.5809
CJ1010480454,intermittent,intermittent,intermittent,否,13,25.0,median_5,否,0.0,0.0,0.0,0.0,0.7451,0.6154,0.6905,0.4003
CJ1010480478,lumpy,intermittent,lumpy,是,13,42.0,winsorized,是,81.5,64.0,0.0699,17.5,0.3529,0.3846,0.6883,0.7965
CJ1010480487,lumpy,intermittent,lumpy,是,25,22.0,winsorized,是,0.0,0.0,0.0,0.0,0.7059,0.48,0.6845,0.7146
CJ1010480534,intermittent,sparse,intermittent,是,13,21.0,interval_based,否,7.13,10.0,0.7963,2.87,0.8235,0.6923,0.344,0.0
CJ1010490031,sparse,lumpy,sparse,是,13,5.0,median_5,否,0.0,0.0,0.0,0.0,0.7451,0.8462,0.761,0.5
CJ1010490054,lumpy,trending,lumpy,是,18,29.0,adida,是,16.98,18.0,0.039,1.02,0.7059,0.4444,0.7974,0.7669
CJ1010490077,intermittent,seasonal,intermittent,是,13,39.0,optimized_ses,否,66.01,64.0,0.0528,2.01,0.7451,0.6154,0.9984,0.5962
CJ1010490079,intermittent,trending,intermittent,是,13,35.0,theta,是,87.08,87.0,0.0011,0.08,0.8431,0.6154,0.7,0.6776
CJ1010490081,lumpy,seasonal,lumpy,是,13,44.0,ma_3,否,40.0,41.0,0.0769,1.0,0.7843,0.4615,0.915,1.053
CJ1010510004,all_zero,trending,all_zero,是,13,11.0,ma_5,否,0.0,0.0,0.0,0.0,0.7647,1.0,0.6374,0.0
CJ1010510047,stable,seasonal,stable,是,19,16.0,ma_7,否,4.29,6.0,0.4762,1.71,0.549,0.2105,0.537,0.5768
CJ1010510048,intermittent,seasonal,intermittent,是,13,3.0,interval_based,否,1.62,3.0,0.6878,1.38,0.8431,0.7692,0.3464,0.0
CJ1010510055,intermittent,intermittent,intermittent,否,20,9.0,sba,否,1.26,1.0,0.11,0.26,0.7843,0.75,0.3499,0.3333
CJ1010510056,seasonal,seasonal,seasonal,否,16,16.0,theta,是,2.52,2.0,0.1014,0.52,0.6078,0.3125,0.7028,0.6789
CJ1010510063,trending,intermittent,trending,是,21,26.0,naive_drift,是,0.0,0.0,0.0,0.0,0.7647,0.7619,0.6888,0.4714
CJ1010510064,intermittent,intermittent,intermittent,否,13,7.0,median_5,否,0.0,0.0,0.0,0.0,0.7451,0.7692,0.3127,0.0
CJ1010510066,all_zero,intermittent,all_zero,是,13,1.0,median_5,否,0.0,0.0,0.0,0.0,0.7843,1.0,0.3528,0.0
CJ1010510067,intermittent,seasonal,intermittent,是,19,28.0,ma_5,否,1.0,1.0,0.0,0.0,0.6275,0.3684,0.4865,0.4795
CJ1010510074,lumpy,seasonal,lumpy,是,13,44.0,naive_drift,是,0.0,0.0,0.0,0.0,0.6667,0.3077,0.639,0.7483
CJ1010510079,seasonal,seasonal,seasonal,否,24,12.0,ma_5,否,6.0,6.0,0.0,0.0,0.2353,0.3333,0.5858,0.5876
CJ1010510093,seasonal,intermittent,seasonal,是,14,3.0,seasonal_naive,否,6.0,6.0,0.0,0.0,0.4902,0.2857,0.488,0.4157
CJ1010510094,seasonal,intermittent,seasonal,是,13,8.0,theta,是,9.64,3.0,0.6636,6.64,0.2941,0.4615,0.5511,0.4475
CJ1010510097,seasonal,seasonal,seasonal,否,13,37.0,ma_3,否,1.67,1.0,0.1282,0.67,0.5686,0.4615,0.5376,0.5345
CJ1010510100,seasonal,seasonal,seasonal,否,16,12.0,median_5,否,10.0,12.0,0.1818,2.0,0.6275,0.125,0.619,0.6127
CJ1010510103,intermittent,trending,intermittent,是,13,36.0,optimized_ses,否,5.09,6.0,0.2172,0.91,0.7059,0.4615,0.5161,0.4082
CJ1010510104,intermittent,intermittent,intermittent,否,16,9.0,croston,是,3.12,3.0,0.0313,0.12,0.5294,0.5625,0.4947,0.3887
CJ1010510111,intermittent,seasonal,intermittent,是,13,41.0,croston,是,2.66,3.0,0.3135,0.34,0.8235,0.6154,0.3402,0.3333
CJ1010510117,trending,seasonal,trending,是,22,5.0,theta,是,42.08,33.0,0.5075,9.08,0.1373,0.0,0.729,0.3977
CJ1010510118,intermittent,seasonal,intermittent,是,13,15.0,weighted_ma_5,是,3.67,4.0,0.2222,0.33,0.8039,0.6154,0.2727,0.0
CJ1010510127,intermittent,intermittent,intermittent,否,13,1.0,ma_5,否,4.0,4.0,0.0,0.0,0.7059,0.6923,0.3536,0.0
CJ1010510128,intermittent,intermittent,intermittent,否,20,14.0,croston,是,3.97,4.0,0.0115,0.03,0.7451,0.65,0.5518,0.5443
CJ1010510130,stable,trending,stable,是,14,17.0,ma_5,否,6.0,6.0,0.0,0.0,0.4314,0.2143,0.4742,0.4714
CJ1010510133,stable,trending,stable,是,13,16.0,interval_based,否,11.43,11.0,0.0433,0.43,0.2941,0.1538,0.612,0.3795
CJ1010510136,intermittent,intermittent,intermittent,否,26,8.0,interval_based,否,3.2,3.0,0.0455,0.2,0.6863,0.6154,0.5044,0.5
CJ1010510140,seasonal,seasonal,seasonal,否,26,14.0,ma_3,否,1.67,4.0,0.9722,2.33,0.7843,0.7692,0.3264,0.3536
CJ1010510141,seasonal,trending,seasonal,是,26,7.0,naive_drift,是,5.3,6.0,0.1373,0.7,0.4902,0.3077,0.6667,0.6455
CJ1010510146,intermittent,sparse,intermittent,是,13,4.0,ma_5,否,3.0,3.0,0.0,0.0,0.8039,0.7692,0.2727,0.0
CJ1010510147,stable,seasonal,stable,是,13,9.0,seasonal_naive,否,7.0,7.0,0.0,0.0,0.6275,0.2308,0.4515,0.4157
CJ1010510148,seasonal,intermittent,seasonal,是,16,21.0,weighted_ma_5,是,3.0,3.0,0.0,0.0,0.5882,0.4375,0.5048,0.5143
CJ1010510151,stable,stable,stable,否,13,16.0,interval_based,否,6.72,7.0,0.0354,0.28,0.1569,0.0,0.5298,0.4951
CJ1010520098,all_zero,trending,all_zero,是,13,2.0,ma_5,否,0.0,0.0,0.0,0.0,0.8039,1.0,0.6374,0.0
CJ1010520165,intermittent,seasonal,intermittent,是,15,5.0,sba,否,9.79,9.0,0.0687,0.79,0.3922,0.2667,0.5997,0.5154
CJ1010520186,intermittent,intermittent,intermittent,否,16,2.0,ma_3,否,1.67,2.0,0.1333,0.33,0.7451,0.75,0.3127,0.0
CJ1010520297,intermittent,intermittent,intermittent,否,13,13.0,theta,是,3.83,3.0,0.2516,0.83,0.6863,0.5385,0.4238,0.3333
CJ1010520299,intermittent,intermittent,intermittent,否,26,1.0,interval_based,否,2.25,2.0,0.0902,0.25,0.6471,0.5,0.4252,0.4513
CJ1010520302,intermittent,seasonal,intermittent,是,15,7.0,adida,是,1.5,1.0,0.25,0.5,0.7647,0.6667,0.3464,0.0
CJ1010520303,seasonal,seasonal,seasonal,否,26,8.0,damped_trend,是,1.19,1.0,0.0846,0.19,0.7843,0.8077,0.3264,0.3333
CJ1010520318,intermittent,intermittent,intermittent,否,13,5.0,median_5,否,5.0,5.0,0.0,0.0,0.5098,0.4615,0.3529,0.3149
CJ1010520319,stable,trending,stable,是,13,17.0,interval_based,否,4.96,5.0,0.0074,0.04,0.451,0.2308,0.4938,0.4843
CJ1010520352,intermittent,intermittent,intermittent,否,14,8.0,winsorized,是,1.25,1.0,0.0926,0.25,0.7059,0.6429,0.4513,0.0
CJ1010520384,intermittent,trending,intermittent,是,15,11.0,tsb_opt,否,1.67,2.0,0.2061,0.33,0.8039,0.5333,0.0,0.0
CJ1010550017,trending,seasonal,trending,是,22,24.0,naive_drift,是,0.0,0.0,0.0,0.0,0.7059,0.6364,0.7284,0.6639
CJ1010550023,intermittent,intermittent,intermittent,否,22,9.0,median_5,否,0.0,0.0,0.0,0.0,0.7843,0.6364,0.1375,0.0
CJ1021050036,intermittent,intermittent,intermittent,否,16,38.0,interval_based,否,145.6,0.0,0.5847,145.6,0.4314,0.25,0.5124,0.6025
CJ1021050037,stable,seasonal,stable,是,13,18.0,seasonal_naive,否,430.0,429.0,0.0036,1.0,0.2549,0.0769,0.464,0.4187
CJ1021050058,intermittent,intermittent,intermittent,否,14,44.0,sba,否,137.82,100.0,0.1721,37.82,0.6275,0.5714,0.3267,0.0
CJ1021050059,trending,intermittent,trending,是,19,5.0,ma_3,否,166.67,150.0,0.0725,16.67,0.549,0.4737,0.399,0.2834
CJ1021050078,seasonal,seasonal,seasonal,否,13,1.0,optimized_des,否,0.0,0.0,0.0,0.0,0.5098,0.8462,0.7447,0.5
CJ1021050080,seasonal,seasonal,seasonal,否,21,7.0,theta,是,765.99,680.0,0.2124,85.99,0.1569,0.0952,0.4731,0.4592
CJ1021050081,seasonal,sparse,seasonal,是,15,20.0,optimized_ses,否,38.11,30.0,0.1398,8.11,0.8235,0.7333,0.1951,0.0
CJ1021050082,intermittent,seasonal,intermittent,是,13,38.0,croston,是,98.32,110.0,0.2337,11.68,0.8627,0.7692,0.4511,0.5051
CJ1021050087,seasonal,intermittent,seasonal,是,22,16.0,seasonal_naive,否,10.0,10.0,0.0,0.0,0.7843,0.7727,0.6271,0.5652
CJ1021050115,intermittent,trending,intermittent,是,13,42.0,median_5,否,150.0,149.0,0.0093,1.0,0.6275,0.5385,0.4227,0.5136
CJ1021050117,intermittent,intermittent,intermittent,否,14,2.0,median_5,否,0.0,0.0,0.0,0.0,0.7255,0.7143,0.3078,0.0146
CJ1021050118,intermittent,intermittent,intermittent,否,13,2.0,tsb_opt,否,151.91,150.0,0.0085,1.91,0.5294,0.5385,0.4479,0.2033
CJ1021050120,stable,stable,stable,否,13,18.0,weighted_ma_5,是,550.0,550.0,0.0,0.0,0.1765,0.0769,0.4247,0.5151
CJ1021050123,intermittent,intermittent,intermittent,否,26,27.0,ma_3,否,50.0,60.0,0.1316,10.0,0.7843,0.7308,0.2859,0.3125
CJ1021050129,intermittent,intermittent,intermittent,否,13,44.0,interval_based,否,95.2,90.0,0.0385,5.2,0.7451,0.6923,0.4569,0.5909
CJ1021050131,seasonal,intermittent,seasonal,是,13,40.0,ma_5,否,160.0,120.0,0.1581,40.0,0.5294,0.5385,0.4433,0.3629
CJ1021050141,intermittent,intermittent,intermittent,否,16,36.0,adida,是,115.2,90.0,0.15,25.2,0.5098,0.5,0.4082,0.331
CJ1021050142,seasonal,seasonal,seasonal,否,24,39.0,holt_winters,否,970.63,935.0,0.0814,35.63,0.1176,0.0833,0.466,0.5012
CJ1021050153,intermittent,seasonal,intermittent,是,13,22.0,ma_5,否,180.0,181.0,0.0091,1.0,0.6863,0.4615,0.3899,0.3149
CJ1021050156,intermittent,intermittent,intermittent,否,13,9.0,median_5,否,0.0,0.0,0.0,0.0,0.7255,0.6923,0.3407,0.2449
CJ1021050161,seasonal,seasonal,seasonal,否,20,17.0,naive_drift,是,636.0,510.0,0.35,126.0,0.2549,0.25,0.4159,0.3293
CJ1021050185,intermittent,seasonal,intermittent,是,13,36.0,median_5,否,150.0,150.0,0.0,0.0,0.5882,0.4615,0.4818,0.5329
CJ1021050206,sparse,trending,sparse,是,23,2.0,median_5,否,0.0,0.0,0.0,0.0,0.7451,0.913,0.4403,0.0
CJ1021050212,intermittent,seasonal,intermittent,是,16,41.0,ma_5,否,80.0,80.0,0.0,0.0,0.7451,0.5625,0.3254,0.2915
CJ1021050214,stable,stable,stable,否,13,18.0,optimized_des,否,234.99,280.0,0.1609,45.01,0.1765,0.0769,0.3824,0.4722
CJ1021050221,intermittent,intermittent,intermittent,否,13,26.0,winsorized,是,37.5,30.0,0.0833,7.5,0.7059,0.7692,0.2339,0.3536
CJ1021050227,intermittent,seasonal,intermittent,是,13,2.0,ma_3,否,50.0,60.0,0.1923,10.0,0.8235,0.6923,0.1088,0.0
CJ1021050228,intermittent,intermittent,intermittent,否,20,15.0,ma_5,否,50.0,50.0,0.0,0.0,0.6863,0.5,0.4148,0.2696
CJ1021050231,trending,seasonal,trending,是,13,17.0,optimized_des,否,652.62,599.0,0.1554,53.62,0.2157,0.0769,0.5055,0.5151
CJ1021050235,intermittent,seasonal,intermittent,是,13,34.0,median_5,否,150.0,230.0,1.4286,80.0,0.8431,0.6154,0.1809,0.0875
CJ1021050249,intermittent,sparse,intermittent,是,13,31.0,tsb_opt,否,51.83,60.0,0.1262,8.17,0.8039,0.7692,0.5258,0.1995
CJ1021050261,intermittent,sparse,intermittent,是,21,25.0,optimized_ses,否,62.8,60.0,0.033,2.8,0.8039,0.6667,0.4099,0.3217
CJ1021050265,stable,stable,stable,否,13,17.0,ma_3,否,833.33,850.0,0.0225,16.67,0.0784,0.0769,0.5019,0.4555
CJ1021050274,seasonal,sparse,seasonal,是,14,22.0,median_5,否,0.0,0.0,0.0,0.0,0.8039,0.6429,0.2083,0.1739
CJ1021050291,seasonal,seasonal,seasonal,否,14,39.0,theta,是,472.87,350.0,0.4558,122.87,0.4314,0.2143,0.4155,0.3499
CJ1021050318,intermittent,seasonal,intermittent,是,13,25.0,median_5,否,0.0,0.0,0.0,0.0,0.7843,0.4615,0.4765,0.5015
CJ1021060037,intermittent,seasonal,intermittent,是,13,35.0,optimized_ses,否,107.94,109.0,0.0068,1.06,0.5686,0.5385,0.4345,0.3309
CJ1021060073,intermittent,intermittent,intermittent,否,13,7.0,croston,是,51.43,90.0,0.4738,38.57,0.7843,0.6923,0.3284,0.3409
CJ1021060093,intermittent,intermittent,intermittent,否,16,14.0,ma_5,否,60.0,60.0,0.0,0.0,0.7451,0.6875,0.4893,0.5514
CJ1021060096,intermittent,intermittent,intermittent,否,25,,adida,是,68.75,60.0,0.0648,8.75,0.7059,0.68,0.3347,0.1844
CJ1021060169,intermittent,intermittent,intermittent,否,23,33.0,sba,否,45.36,60.0,0.179,14.64,0.7843,0.6957,0.3237,0.3262
CJ1021210023,intermittent,intermittent,intermittent,否,24,14.0,median_5,否,0.0,0.0,0.0,0.0,0.451,0.4167,0.4176,0.3489
CJ1021210024,intermittent,intermittent,intermittent,否,24,14.0,median_5,否,0.0,0.0,0.0,0.0,0.4706,0.5417,0.3355,0.379
CJ1022130020,intermittent,intermittent,intermittent,否,20,31.0,optimized_ses,否,96.21,95.0,0.0097,1.21,0.7647,0.65,0.257,0.2949
CJ1022130180,intermittent,seasonal,intermittent,是,14,14.0,winsorized,是,308.12,300.0,0.0405,8.12,0.5882,0.4286,0.333,0.3356
CJ1022130200,seasonal,stable,seasonal,是,15,5.0,damped_trend,是,350.88,400.0,0.1446,49.12,0.1765,0.0667,0.5515,0.547
CJ1022130209,seasonal,seasonal,seasonal,否,13,12.0,seasonal_naive,否,148.0,150.0,0.0153,2.0,0.8039,0.6923,0.4505,0.3541
CJ1022130246,seasonal,intermittent,seasonal,是,14,2.0,naive_drift,是,265.0,300.0,0.0933,35.0,0.451,0.2857,0.6271,0.5162
CJ1022130389,seasonal,stable,seasonal,是,17,30.0,holt_winters,否,889.72,1250.0,0.4108,360.28,0.1569,0.1176,0.6412,0.6412
CJ1022130418,seasonal,seasonal,seasonal,否,25,4.0,holt_winters,否,939.39,950.0,0.0235,10.61,0.0588,0.04,0.4808,0.3757
CJ1040200008,seasonal,seasonal,seasonal,否,26,1.0,optimized_hw,是,0.0,0.0,0.0,0.0,0.2353,0.2308,0.9466,1.0205
CJ1040200037,stable,intermittent,stable,是,14,3.0,interval_based,否,401.86,380.0,0.0319,21.86,0.2745,0.2143,0.6343,0.64
CJ1040200073,all_zero,seasonal,all_zero,是,13,2.0,ma_5,否,0.0,0.0,0.0,0.0,0.7255,1.0,0.4853,0.0
CJ1040200076,seasonal,sparse,seasonal,是,14,7.0,theta,是,0.0,0.0,0.0,0.0,0.8039,0.7143,0.6908,0.4843
CJ1040200096,sparse,seasonal,sparse,是,22,2.0,ma_5,否,6.0,6.0,0.0,0.0,0.6471,0.8182,0.5196,0.3464
CJ1040200156,all_zero,lumpy,all_zero,是,13,5.0,ma_5,否,0.0,0.0,0.0,0.0,0.6471,1.0,0.7594,0.0
CJ1040200162,intermittent,intermittent,intermittent,否,25,6.0,ma_5,否,6.0,6.0,0.0,0.0,0.4902,0.36,0.6163,0.6148
CJ1040200163,lumpy,lumpy,lumpy,否,15,32.0,theta,是,164.06,180.0,0.0505,15.94,0.4902,0.3333,1.5781,1.138
CJ1040200165,lumpy,lumpy,lumpy,否,20,6.0,interval_based,否,615.79,420.0,0.318,195.79,0.3922,0.3,0.768,0.9434
CJ1040200280,intermittent,intermittent,intermittent,否,13,15.0,winsorized,是,11.25,12.0,0.0439,0.75,0.7059,0.7692,0.6493,0.0
CJ1040200286,seasonal,lumpy,seasonal,是,17,4.0,ma_3,否,183.33,186.0,0.0225,2.67,0.6275,0.6471,1.5198,0.6406
CJ1040200408,erratic,seasonal,erratic,是,13,35.0,ma_3,否,1.67,1.0,0.155,0.67,0.7647,0.2308,1.0082,0.9888
CJ1040200478,stable,intermittent,stable,是,14,3.0,seasonal_naive,否,1184.0,1050.0,0.1094,134.0,0.2941,0.2143,0.542,0.5763
CJ1040200504,stable,intermittent,stable,是,13,9.0,naive_drift,是,84.8,64.0,0.1894,20.8,0.3137,0.2308,0.4856,0.5766
CJ1040200821,intermittent,intermittent,intermittent,否,18,2.0,tsb_opt,否,15.71,16.0,0.0123,0.29,0.6471,0.6111,0.4323,0.3062
CJ1040200869,intermittent,trending,intermittent,是,13,41.0,winsorized,是,52.5,51.0,0.0498,1.5,0.8627,0.7692,0.7825,0.5624
CJ1040200922,stable,intermittent,stable,是,23,8.0,optimized_ses,否,672.55,720.0,0.0491,47.45,0.3137,0.1739,0.6261,0.5228
CJ1040200927,trending,seasonal,trending,是,13,44.0,naive_drift,是,53.0,40.0,1.5116,13.0,0.8627,0.8462,0.5166,0.087
CJ1040200936,intermittent,intermittent,intermittent,否,13,4.0,median_5,否,0.0,0.0,0.0,0.0,0.7451,0.6923,0.4884,0.4926
CJ1040200962,lumpy,erratic,lumpy,是,13,3.0,interval_based,否,146.45,154.0,0.0769,7.55,0.2157,0.3077,0.7923,0.7468
CJ1040200984,seasonal,intermittent,seasonal,是,26,4.0,seasonal_naive,否,4.0,5.0,0.0685,1.0,0.6471,0.7692,0.5164,0.3488
CJ1040200995,seasonal,seasonal,seasonal,否,13,42.0,ma_3,否,36.67,36.0,0.0366,0.67,0.8431,0.6154,1.1401,1.0097
CJ1040201010,intermittent,intermittent,intermittent,否,25,4.0,ma_5,否,26.0,26.0,0.0,0.0,0.6471,0.64,0.4772,0.4224
CJ1040201021,seasonal,sparse,seasonal,是,19,15.0,naive_drift,是,5.3,7.0,0.68,1.7,0.8824,0.8421,0.4142,0.3536
CJ1040201022,sparse,intermittent,sparse,是,16,33.0,winsorized,是,6.62,3.0,0.1918,3.62,0.7647,0.8125,0.69,0.4714
CJ1040201041,intermittent,trending,intermittent,是,13,36.0,ma_3,否,10.0,14.0,1.1765,4.0,0.8627,0.7692,0.4485,0.202
CJ1040201050,intermittent,intermittent,intermittent,否,25,14.0,adida,是,10.42,6.0,0.2427,4.42,0.7255,0.64,0.266,0.3021
CJ1040201081,seasonal,lumpy,seasonal,是,22,25.0,holt_winters,否,0.0,0.0,0.0,0.0,0.7451,0.5909,0.7845,0.6682
CJ1040201082,stable,intermittent,stable,是,13,4.0,ma_7,否,95.71,105.0,0.0475,9.29,0.3137,0.1538,0.6336,0.6607
CJ1040201087,seasonal,trending,seasonal,是,16,34.0,ma_5,否,21.0,21.0,0.0,0.0,0.8235,0.625,0.6115,0.5335
CJ1040201159,all_zero,seasonal,all_zero,是,13,9.0,ma_5,否,0.0,0.0,0.0,0.0,0.6667,1.0,0.4801,0.0
CJ1040201160,stable,seasonal,stable,是,14,39.0,theta,是,85.81,88.0,0.0591,2.19,0.7059,0.2143,0.5665,0.6377
CJ1040201169,intermittent,trending,intermittent,是,13,8.0,naive_drift,是,0.0,10.0,0.3846,10.0,0.7255,0.6923,0.3605,0.2576
CJ1040201170,intermittent,intermittent,intermittent,否,13,4.0,median_5,否,0.0,0.0,0.0,0.0,0.549,0.3077,0.4627,0.4863
CJ1040201173,intermittent,intermittent,intermittent,否,13,10.0,naive_drift,是,21.2,18.0,0.3721,3.2,0.6667,0.3846,0.6566,0.6005
CJ1040201180,intermittent,intermittent,intermittent,否,13,4.0,median_5,否,0.0,0.0,0.0,0.0,0.7647,0.3077,0.4338,0.417
CJ1040201184,trending,seasonal,trending,是,18,5.0,seasonal_naive,否,168.0,140.0,0.5469,28.0,0.5294,0.2222,0.4184,0.4086
CJ1040201185,lumpy,trending,lumpy,是,13,37.0,ma_5,否,60.0,60.0,0.0,0.0,0.6078,0.4615,0.999,0.9382
CJ1040201187,stable,stable,stable,否,13,3.0,optimized_des,否,836.0,1176.0,0.2264,340.0,0.1765,0.0,0.6329,0.6978
CJ1040201193,seasonal,intermittent,seasonal,是,15,3.0,seasonal_naive,否,432.0,432.0,0.0,0.0,0.4902,0.5333,0.6393,0.519
CJ1040201200,intermittent,sparse,intermittent,是,15,15.0,theta,是,61.97,59.0,0.1249,2.97,0.8039,0.6667,0.4005,0.1429
CJ1040201205,intermittent,seasonal,intermittent,是,13,3.0,interval_based,否,62.27,60.0,0.0624,2.27,0.7647,0.5385,0.5167,0.3922
CJ1040201206,sparse,lumpy,sparse,是,13,2.0,median_5,否,0.0,0.0,0.0,0.0,0.7451,0.9231,0.7099,0.0
CJ1040201217,intermittent,intermittent,intermittent,否,13,22.0,interval_based,否,549.39,650.0,0.2638,100.61,0.5294,0.5385,0.6458,0.5322
CJ1040201218,stable,stable,stable,否,13,17.0,theta,是,0.0,56.0,0.1061,56.0,0.2157,0.1538,0.5279,0.518
CJ1040201219,intermittent,sparse,intermittent,是,13,37.0,median_5,否,0.0,0.0,0.0,0.0,0.8039,0.6154,0.7099,0.4922
CJ1040201235,intermittent,seasonal,intermittent,是,22,40.0,median_5,否,0.0,0.0,0.0,0.0,0.6667,0.5909,0.233,0.1841
CJ1040201239,all_zero,trending,all_zero,是,13,2.0,optimized_ses,否,0.71,6.0,0.3623,5.29,0.7647,1.0,0.3255,0.0
CJ1040201242,stable,trending,stable,是,15,16.0,optimized_hw,是,853.48,845.0,0.0251,8.48,0.0784,0.0,0.4658,0.3891
CJ1040201244,intermittent,intermittent,intermittent,否,13,40.0,adida,是,96.2,71.0,0.3325,25.2,0.3725,0.4615,0.5427,0.6187
CJ1040201248,seasonal,seasonal,seasonal,否,13,38.0,median_5,否,100.0,100.0,0.0,0.0,0.8235,0.6154,0.4789,0.4841
CJ1040201251,intermittent,seasonal,intermittent,是,13,34.0,median_5,否,0.0,0.0,0.0,0.0,0.7843,0.4615,0.429,0.3514
CJ1040201259,intermittent,lumpy,intermittent,是,13,41.0,tsb_opt,否,71.51,70.0,0.0191,1.51,0.6078,0.6154,0.7414,0.6479
CJ1040201341,seasonal,seasonal,seasonal,否,13,13.0,optimized_ses,否,160.83,170.0,0.1597,9.17,0.3529,0.0769,0.8081,0.6956
CJ1040201356,intermittent,seasonal,intermittent,是,13,42.0,croston,是,70.55,80.0,0.1875,9.45,0.4706,0.3846,0.6483,0.5487
CJ1040201357,intermittent,intermittent,intermittent,否,13,37.0,sba,否,75.83,79.0,0.0281,3.17,0.4706,0.4615,0.6961,0.4666
CJ1040201368,intermittent,intermittent,intermittent,否,14,10.0,theta,是,3.93,4.0,0.0035,0.07,0.5686,0.5714,0.4011,0.25
CJ1040201397,stable,trending,stable,是,13,38.0,optimized_ses,否,59.85,62.0,0.051,2.15,0.5294,0.2308,0.7866,0.6436
CJ1040201402,intermittent,intermittent,intermittent,否,18,9.0,sba,否,11.3,12.0,0.0347,0.7,0.6471,0.6111,0.5334,0.4753
CJ1040201407,intermittent,trending,intermittent,是,13,41.0,tsb_opt,否,61.19,60.0,0.0291,1.19,0.5294,0.4615,0.6793,0.4714
CJ1040201416,intermittent,intermittent,intermittent,否,26,20.0,median_5,否,0.0,0.0,0.0,0.0,0.6275,0.5385,0.4887,0.3353
CJ1040201417,sparse,seasonal,sparse,是,13,6.0,interval_based,否,24.62,70.0,2.269,45.38,0.8039,0.8462,0.2911,0.0
CJ1040201459,intermittent,trending,intermittent,是,15,41.0,theta,是,105.1,102.0,0.0917,3.1,0.7647,0.4667,0.9577,0.3473
CJ1040201480,seasonal,seasonal,seasonal,否,13,48.0,weighted_ma_5,是,30.67,31.0,0.119,0.33,0.8627,0.7692,0.6595,0.5345
CJ1040280029,all_zero,intermittent,all_zero,是,13,13.0,ma_5,否,0.0,0.0,0.0,0.0,0.7451,1.0,0.5868,0.0
CJ1040340308,sparse,trending,sparse,是,24,5.0,median_5,否,0.0,0.0,0.0,0.0,0.7451,0.8333,0.6667,0.0
CJ1040340312,intermittent,intermittent,intermittent,否,14,4.0,median_5,否,0.0,0.0,0.0,0.0,0.7647,0.5,0.6551,0.6799
CJ1040340330,intermittent,intermittent,intermittent,否,25,8.0,median_5,否,0.0,0.0,0.0,0.0,0.6863,0.72,0.4442,0.3062
CJ1040340359,seasonal,trending,seasonal,是,20,1.0,optimized_ses,否,1.8,1.0,0.1487,0.8,0.6863,0.75,0.8964,0.3062
CJ1040340362,intermittent,seasonal,intermittent,是,13,1.0,tsb_opt,否,4.18,0.0,0.4496,4.18,0.451,0.5385,0.8843,0.3536
CJ1040340372,sparse,seasonal,sparse,是,24,3.0,median_5,否,0.0,0.0,0.0,0.0,0.8039,0.8333,0.2727,0.0
CJ1040340379,all_zero,trending,all_zero,是,13,5.0,median_5,否,0.0,0.0,0.0,0.0,0.7843,1.0,0.4151,0.0
CJ1040340392,intermittent,intermittent,intermittent,否,18,15.0,median_5,否,0.0,0.0,0.0,0.0,0.5294,0.3889,0.5699,0.6557
CJ1040340439,seasonal,trending,seasonal,是,14,2.0,optimized_des,否,0.0,0.0,0.0,0.0,0.2941,0.3571,0.7516,0.7216
CJ1040340451,sparse,intermittent,sparse,是,13,9.0,ma_5,否,2.0,4.0,1.0,2.0,0.7843,0.8462,0.3264,0.3333
CJ1040340456,intermittent,intermittent,intermittent,否,25,3.0,weighted_ma_5,是,1.33,1.0,0.0877,0.33,0.5882,0.6,0.4818,0.5375
CJ1040340462,intermittent,intermittent,intermittent,否,24,5.0,median_5,否,0.0,0.0,0.0,0.0,0.7647,0.7083,0.4677,0.3514
CJ1040340474,stable,erratic,stable,是,19,12.0,naive_drift,是,10.3,10.0,0.0086,0.3,0.2157,0.2105,0.7169,0.6763
CJ1040340475,lumpy,lumpy,lumpy,否,13,40.0,tsb_opt,否,3.76,3.0,0.0611,0.76,0.7647,0.4615,1.614,1.1811
CJ1040340486,sparse,sparse,sparse,否,18,2.0,median_5,否,0.0,0.0,0.0,0.0,0.8039,0.8889,0.2727,0.0
CJ1040340487,all_zero,trending,all_zero,是,13,5.0,optimized_ses,否,0.02,2.0,0.8268,1.98,0.7647,1.0,0.4518,0.0
CJ1040340502,seasonal,seasonal,seasonal,否,15,29.0,seasonal_naive,否,1.0,1.0,0.0,0.0,0.7843,0.6667,0.2635,0.3333
CJ1040340519,intermittent,intermittent,intermittent,否,13,9.0,theta,是,4.74,5.0,0.038,0.26,0.4118,0.3077,0.483,0.4919
CJ1040340527,seasonal,seasonal,seasonal,否,13,10.0,theta,是,6.2,4.0,0.3238,2.2,0.4118,0.2308,0.5942,0.4209
CJ1040340529,intermittent,intermittent,intermittent,否,13,37.0,theta,是,5.15,6.0,0.3254,0.85,0.6863,0.5385,0.5774,0.6618
CJ1040340547,erratic,intermittent,erratic,是,13,6.0,winsorized,是,8.5,18.0,1.3971,9.5,0.3137,0.1538,0.6954,0.748
CJ1040340552,trending,stable,trending,是,20,6.0,damped_trend,是,25.71,27.0,0.0408,1.29,0.0196,0.0,0.4809,0.4445
CJ1040340567,all_zero,seasonal,all_zero,是,13,5.0,ma_5,否,0.0,0.0,0.0,0.0,0.549,1.0,0.595,0.0
CJ1040340571,trending,seasonal,trending,是,26,7.0,optimized_hw,是,0.69,1.0,0.0272,0.31,0.3529,0.4231,0.9689,0.668
CJ1040340572,erratic,seasonal,erratic,是,13,39.0,weighted_ma_5,是,13.33,13.0,0.0193,0.33,0.1373,0.1538,0.8384,0.7284
CJ1040340574,intermittent,trending,intermittent,是,13,27.0,croston,是,1.01,1.0,0.0037,0.01,0.8039,0.6923,0.2727,0.3464
CJ1040340586,stable,seasonal,stable,是,13,2.0,optimized_hw,是,0.74,2.0,0.066,1.26,0.1569,0.1538,0.958,0.5641
CJ1040340588,lumpy,seasonal,lumpy,是,26,10.0,interval_based,否,4.0,2.0,0.2174,2.0,0.1961,0.2692,0.7225,0.7004
CJ1040340589,intermittent,sparse,intermittent,是,19,1.0,interval_based,否,1.8,2.0,0.0909,0.2,0.8235,0.7368,0.3402,0.3333
CJ1040340596,stable,stable,stable,否,26,2.0,theta,是,10.35,8.0,0.0826,2.35,0.0196,0.0,0.6036,0.5769
CJ1040340597,seasonal,lumpy,seasonal,是,24,24.0,ma_5,否,3.0,3.0,0.0,0.0,0.5098,0.25,1.2653,1.1022
CJ1040340601,seasonal,intermittent,seasonal,是,15,6.0,optimized_des,否,2.05,2.0,0.0302,0.05,0.7843,0.7333,0.0,0.0
CJ1040340609,stable,seasonal,stable,是,16,12.0,weighted_ma_5,是,14.0,14.0,0.0,0.0,0.3333,0.0625,0.6786,0.4683
CJ1040340610,stable,stable,stable,否,26,10.0,ma_3,否,16.67,16.0,0.0407,0.67,0.0588,0.0385,0.5845,0.5384
CJ1040340615,intermittent,seasonal,intermittent,是,13,41.0,ma_3,否,3.33,3.0,0.1754,0.33,0.7843,0.6154,0.4507,0.3499
CJ1040340618,intermittent,intermittent,intermittent,否,19,14.0,winsorized,是,1.25,1.0,0.0521,0.25,0.451,0.4211,0.5528,0.5764
CJ1040340623,intermittent,intermittent,intermittent,否,15,6.0,interval_based,否,1.59,1.0,0.1791,0.59,0.7059,0.7333,0.4528,0.3464
CJ1040340630,trending,stable,trending,是,26,20.0,optimized_hw,是,4.47,5.0,0.0399,0.53,0.1569,0.1538,0.602,0.7506
CJ1040340631,stable,seasonal,stable,是,21,7.0,weighted_ma_5,是,13.0,13.0,0.0,0.0,0.5686,0.1429,0.5175,0.5309
CJ1040340632,erratic,erratic,erratic,否,26,17.0,naive_drift,是,5.0,8.0,0.1515,3.0,0.0588,0.0385,0.7055,0.7957
CJ1040340633,stable,seasonal,stable,是,20,5.0,ma_3,否,55.0,44.0,0.356,11.0,0.4314,0.0,0.5805,0.4506
CJ1040340635,intermittent,intermittent,intermittent,否,21,5.0,sba,否,1.38,1.0,0.1317,0.38,0.7451,0.7619,0.3423,0.0
CJ1040340640,intermittent,intermittent,intermittent,否,24,1.0,weighted_ma_5,是,1.0,1.0,0.0,0.0,0.5294,0.5417,0.4887,0.5189
CJ1040340646,trending,seasonal,trending,是,14,2.0,optimized_ses,否,2.92,3.0,0.005,0.08,0.1569,0.2143,0.7778,0.6235
CJ1040340653,stable,intermittent,stable,是,13,6.0,theta,是,0.0,0.0,0.0,0.0,0.5098,0.2308,0.4524,0.4146
CJ1040340657,erratic,seasonal,erratic,是,13,26.0,croston,是,11.84,12.0,0.0232,0.16,0.5882,0.2308,0.7346,0.7107
CJ1040340658,seasonal,sparse,seasonal,是,18,9.0,optimized_des,否,2.65,3.0,0.122,0.35,0.8235,0.6667,0.4632,0.4896
CJ1040340669,intermittent,intermittent,intermittent,否,23,8.0,adida,是,3.53,0.0,0.7509,3.53,0.5098,0.4783,0.4843,0.4303
CJ1040340692,seasonal,sparse,seasonal,是,26,12.0,theta,是,0.0,0.0,0.0,0.0,0.8039,0.6923,0.3499,0.3521
CJ1040340707,trending,stable,trending,是,25,2.0,optimized_hw,是,145.67,140.0,0.0568,5.67,0.0196,0.0,0.5666,0.529
CJ1040340717,stable,stable,stable,否,26,7.0,ma_5,否,159.0,159.0,0.0,0.0,0.0196,0.0,0.5733,0.5397
CJ1040340726,lumpy,lumpy,lumpy,否,23,7.0,theta,是,3.76,3.0,0.0367,0.76,0.3725,0.3043,1.2916,1.4081
CJ1040340727,stable,stable,stable,否,26,14.0,ma_3,否,5.0,5.0,0.0,0.0,0.1765,0.0769,0.6057,0.6038
CJ1040340760,seasonal,intermittent,seasonal,是,13,8.0,seasonal_naive,否,1.0,1.0,0.0,0.0,0.7843,0.8462,0.3499,0.0
CJ1040340819,intermittent,intermittent,intermittent,否,13,17.0,tsb_opt,否,11.14,12.0,0.0892,0.86,0.2941,0.3077,0.6132,0.5523
CJ1040340823,stable,seasonal,stable,是,13,20.0,seasonal_naive,否,7.0,6.0,0.2381,1.0,0.6471,0.1538,0.4657,0.4865
CJ1040340824,all_zero,trending,all_zero,是,13,1.0,ma_5,否,0.0,0.0,0.0,0.0,0.8039,1.0,0.4472,0.0
CJ1040340828,stable,stable,stable,否,25,12.0,holt_winters,否,9.76,8.0,0.1586,1.76,0.1569,0.12,0.5309,0.5201
CJ1040340829,erratic,lumpy,erratic,是,15,5.0,sba,否,13.51,13.0,0.0362,0.51,0.3137,0.0667,1.0297,1.1932
CJ1040340831,trending,seasonal,trending,是,13,6.0,naive_drift,是,21.2,15.0,0.8378,6.2,0.451,0.0769,0.6837,0.5274
CJ1040340832,intermittent,intermittent,intermittent,否,13,23.0,interval_based,否,4.07,4.0,0.0156,0.07,0.6078,0.6923,0.6236,0.4738
CJ1040340835,seasonal,seasonal,seasonal,否,19,4.0,optimized_ses,否,2.07,2.0,0.0208,0.07,0.7059,0.5789,0.3491,0.3521
CJ1040340839,stable,seasonal,stable,是,26,2.0,interval_based,否,71.98,60.0,0.5185,11.98,0.1373,0.0,0.6074,0.3066
CJ1040340843,stable,trending,stable,是,26,5.0,optimized_hw,是,3.0,2.0,0.0562,1.0,0.1373,0.0769,0.5742,0.6175
CJ1040340848,intermittent,intermittent,intermittent,否,13,4.0,interval_based,否,4.83,0.0,0.8788,4.83,0.4118,0.3077,0.6153,0.521
CJ1040340849,intermittent,trending,intermittent,是,13,1.0,median_5,否,0.0,0.0,0.0,0.0,0.8039,0.7692,0.2727,0.0
CJ1040340853,stable,seasonal,stable,是,16,19.0,interval_based,否,7.81,6.0,0.2038,1.81,0.5686,0.1875,0.659,0.6387
CJ1040340854,lumpy,trending,lumpy,是,13,19.0,adida,是,2.84,3.0,0.0448,0.16,0.6471,0.3846,0.6255,0.8104
CJ1040340855,intermittent,trending,intermittent,是,13,41.0,ma_5,否,2.0,2.0,0.0,0.0,0.8039,0.5385,0.2727,0.3194
CJ1040340860,seasonal,seasonal,seasonal,否,13,16.0,median_5,否,35.0,30.0,0.2463,5.0,0.0588,0.0,0.7164,0.537
CJ1040340864,stable,trending,stable,是,17,6.0,optimized_des,否,41.75,34.0,0.3836,7.75,0.0588,0.0,0.3923,0.3748
CJ1040340866,stable,seasonal,stable,是,13,4.0,weighted_ma_5,是,18.0,18.0,0.0,0.0,0.3922,0.0,0.5753,0.3698
CJ1040340873,seasonal,intermittent,seasonal,是,13,2.0,seasonal_naive,否,2.0,2.0,0.0,0.0,0.6863,0.8462,0.6236,0.3333
CJ1040340875,intermittent,seasonal,intermittent,是,16,17.0,optimized_ses,否,5.77,7.0,0.2679,1.23,0.5294,0.25,0.4921,0.4578
CJ1040340880,intermittent,sparse,intermittent,是,25,46.0,croston,是,2.8,3.0,0.0638,0.2,0.8039,0.76,1.0901,0.0
CJ1040340903,stable,seasonal,stable,是,21,17.0,naive_drift,是,25.6,26.0,0.0142,0.4,0.1765,0.0952,0.7253,0.4962
CJ1040340911,stable,stable,stable,否,25,3.0,optimized_hw,是,8.39,8.0,0.0329,0.39,0.1569,0.12,0.4713,0.5668
CJ1040340923,seasonal,intermittent,seasonal,是,13,15.0,ma_3,否,1.67,5.0,1.2821,3.33,0.7843,0.7692,0.4714,0.5657
CJ1040340925,all_zero,seasonal,all_zero,是,13,2.0,ma_5,否,0.0,0.0,0.0,0.0,0.6863,1.0,0.5005,0.0
CJ1040340953,intermittent,intermittent,intermittent,否,13,32.0,winsorized,是,7.88,13.0,0.8402,5.12,0.3333,0.4615,0.6364,0.5099
CJ1040340969,intermittent,trending,intermittent,是,20,3.0,ma_5,否,1.0,1.0,0.0,0.0,0.5098,0.6,0.5139,0.3333
CJ1040340971,intermittent,intermittent,intermittent,否,13,11.0,median_5,否,0.0,0.0,0.0,0.0,0.7059,0.6923,0.5084,0.0
CJ1040340972,stable,stable,stable,否,26,9.0,theta,是,16.07,14.0,0.0443,2.07,0.0392,0.0,0.5834,0.5575
CJ1040340973,stable,lumpy,stable,是,13,7.0,ma_5,否,19.0,19.0,0.0,0.0,0.2941,0.1538,0.8255,0.5874
CJ1040340975,seasonal,seasonal,seasonal,否,16,5.0,seasonal_naive,否,1.0,1.0,0.0,0.0,0.549,0.8125,0.6204,0.8081
CJ1040340979,stable,seasonal,stable,是,13,11.0,interval_based,否,17.84,15.0,0.2837,2.84,0.2353,0.2308,0.8307,0.6961
CJ1040340981,intermittent,intermittent,intermittent,否,17,14.0,ma_5,否,8.0,8.0,0.0,0.0,0.451,0.2941,0.6612,0.5345
CJ1040340983,seasonal,trending,seasonal,是,14,5.0,ma_3,否,8.33,9.0,0.0995,0.67,0.3333,0.1429,0.6248,0.4033
CJ1040340986,seasonal,trending,seasonal,是,16,5.0,theta,是,18.25,19.0,0.0638,0.75,0.098,0.0,0.5508,0.462
CJ1040340989,stable,intermittent,stable,是,13,7.0,weighted_ma_5,是,1.0,1.0,0.0,0.0,0.5686,0.2308,0.4508,0.4843
CJ1040341000,erratic,trending,erratic,是,13,38.0,ma_3,否,66.67,50.0,0.0862,16.67,0.3333,0.1538,1.6011,1.0149
CJ1040341007,intermittent,lumpy,intermittent,是,16,8.0,theta,是,10.79,11.0,0.0157,0.21,0.3725,0.3125,1.2697,0.5762
CJ1040341013,stable,seasonal,stable,是,13,3.0,holt_winters,否,39.2,41.0,0.1594,1.8,0.2745,0.0,0.6456,0.5602
CJ1040341017,intermittent,intermittent,intermittent,否,13,9.0,naive_drift,是,0.0,1.0,0.1562,1.0,0.5882,0.5385,0.5825,0.2828
CJ1040341018,stable,seasonal,stable,是,26,6.0,weighted_ma_5,是,20.67,20.0,0.0473,0.67,0.1373,0.1154,0.5887,0.6072
CJ1040341026,erratic,intermittent,erratic,是,13,35.0,theta,是,3.89,3.0,0.1593,0.89,0.4706,0.2308,0.6929,0.782
CJ1040341027,sparse,trending,sparse,是,13,4.0,median_5,否,0.0,0.0,0.0,0.0,0.7843,0.9231,0.3264,0.0
CJ1040341028,erratic,trending,erratic,是,13,42.0,sba,否,52.64,53.0,0.0136,0.36,0.0588,0.0,0.8626,0.922
CJ1040341029,intermittent,intermittent,intermittent,否,17,3.0,adida,是,5.9,7.0,0.1667,1.1,0.3529,0.2941,0.4967,0.4564
CJ1040341031,intermittent,intermittent,intermittent,否,13,3.0,median_5,否,0.0,0.0,0.0,0.0,0.7059,0.7692,0.603,0.0
CJ1040341035,seasonal,stable,seasonal,是,21,18.0,damped_trend,是,23.54,23.0,0.0333,0.54,0.2157,0.0952,0.6478,0.6222
CJ1040341036,intermittent,seasonal,intermittent,是,16,44.0,naive_drift,是,5.3,6.0,0.2,0.7,0.5686,0.5,0.5762,0.5617
CJ1040341037,seasonal,seasonal,seasonal,否,26,20.0,median_5,否,5.0,4.0,0.0885,1.0,0.3333,0.3077,0.6978,0.5955
CJ1040341038,stable,seasonal,stable,是,13,3.0,weighted_ma_5,是,24.33,25.0,0.0375,0.67,0.1176,0.0,0.518,0.5167
CJ1040341039,stable,seasonal,stable,是,13,6.0,naive_drift,是,21.2,20.0,0.1364,1.2,0.3137,0.0,0.6186,0.5518
CJ1040341041,stable,seasonal,stable,是,13,36.0,ma_5,否,3.0,3.0,0.0,0.0,0.7255,0.2308,0.4359,0.4146
CJ1040341042,sparse,intermittent,sparse,是,16,2.0,croston,是,1.89,2.0,0.0512,0.11,0.7843,0.875,0.3499,0.0
CJ1040341043,all_zero,seasonal,all_zero,是,13,6.0,ma_5,否,0.0,0.0,0.0,0.0,0.8039,1.0,0.6986,0.0
CJ1040341047,seasonal,intermittent,seasonal,是,18,7.0,ma_5,否,8.0,8.0,0.0,0.0,0.2941,0.2222,0.4343,0.2507
CJ1040341048,seasonal,sparse,seasonal,是,20,10.0,median_5,否,0.0,0.0,0.0,0.0,0.8039,0.7,0.3333,0.0
CJ1040341052,intermittent,intermittent,intermittent,否,13,19.0,ma_5,否,3.0,3.0,0.0,0.0,0.4902,0.3077,0.6997,0.5
CJ1040341053,stable,stable,stable,否,26,5.0,ma_7,否,14.29,14.0,0.0251,0.29,0.2353,0.0769,0.6737,0.4618
CJ1040341061,intermittent,trending,intermittent,是,20,28.0,median_5,否,5.0,7.0,1.4286,2.0,0.8039,0.65,0.3525,0.3514
CJ1040341065,intermittent,intermittent,intermittent,否,13,2.0,interval_based,否,4.18,7.0,0.8289,2.82,0.7059,0.5385,0.5496,0.5821
CJ1040341072,all_zero,sparse,all_zero,是,13,8.0,ma_3,否,3.33,5.0,0.7576,1.67,0.8235,1.0,0.3402,0.0
CJ1040341081,intermittent,intermittent,intermittent,否,13,23.0,ma_5,否,3.0,3.0,0.0,0.0,0.5098,0.3846,0.6537,0.5292
CJ1040341083,seasonal,trending,seasonal,是,14,7.0,ma_3,否,10.0,10.0,0.0,0.0,0.1765,0.0714,0.6443,0.5903
CJ1040341091,intermittent,sparse,intermittent,是,13,10.0,ma_5,否,1.0,1.0,0.0,0.0,0.8039,0.7692,0.0,0.0
CJ1040341093,intermittent,trending,intermittent,是,13,21.0,sba,否,2.46,2.0,0.1255,0.46,0.6078,0.3077,0.4239,0.4742
CJ1040341097,stable,seasonal,stable,是,13,17.0,theta,是,39.78,18.0,1.1901,21.78,0.0392,0.0,0.4646,0.3328
CJ1040341100,lumpy,seasonal,lumpy,是,13,38.0,winsorized,是,9.56,8.0,0.2841,1.56,0.6863,0.4615,0.8179,0.7155
CJ1040341106,intermittent,sparse,intermittent,是,22,27.0,ma_5,否,1.0,1.0,0.0,0.0,0.8235,0.6818,0.6617,0.668
CJ1040341111,stable,stable,stable,否,13,21.0,naive_drift,是,10.6,11.0,0.0185,0.4,0.098,0.1538,0.5782,0.5462
CJ1040341112,lumpy,lumpy,lumpy,否,14,9.0,weighted_ma_5,是,4.33,3.0,0.0766,1.33,0.2549,0.2857,0.8395,1.0906
CJ1040341120,intermittent,trending,intermittent,是,18,35.0,sba,否,1.22,1.0,0.1557,0.22,0.7843,0.6667,0.3264,0.3194
CJ1040341122,seasonal,trending,seasonal,是,14,17.0,optimized_des,否,45.78,33.0,0.3861,12.78,0.0588,0.0714,0.486,0.3672
CJ1040341126,intermittent,trending,intermittent,是,26,8.0,optimized_ses,否,2.01,2.0,0.0037,0.01,0.549,0.7308,0.4091,0.3062
CJ1040341127,intermittent,seasonal,intermittent,是,13,7.0,optimized_ses,否,1.01,1.0,0.0036,0.01,0.7647,0.6923,0.6024,0.3464
CJ1040341128,seasonal,seasonal,seasonal,否,15,5.0,seasonal_naive,否,3.0,2.0,0.2632,1.0,0.6667,0.5333,0.5276,0.3514
CJ1040341129,intermittent,lumpy,intermittent,是,13,4.0,median_5,否,0.0,0.0,0.0,0.0,0.6471,0.6923,0.7255,0.6733
CJ1040341130,seasonal,sparse,seasonal,是,23,20.0,ma_5,否,2.0,3.0,0.3333,1.0,0.8235,0.6957,0.3902,0.4485
CJ1040341137,intermittent,seasonal,intermittent,是,22,29.0,adida,是,3.04,3.0,0.0083,0.04,0.6275,0.4545,0.4539,0.3748
CJ1040341144,seasonal,intermittent,seasonal,是,14,1.0,seasonal_naive,否,2.0,1.0,0.2128,1.0,0.6275,0.7857,0.5738,0.2828
CJ1040341145,all_zero,seasonal,all_zero,是,13,2.0,ma_5,否,0.0,0.0,0.0,0.0,0.7647,1.0,0.3114,0.0
CJ1040341149,intermittent,seasonal,intermittent,是,17,18.0,ma_3,否,6.67,7.0,0.0725,0.33,0.5686,0.4118,0.589,0.5138
CJ1040341171,stable,seasonal,stable,是,13,43.0,seasonal_naive,否,16.0,19.0,0.3093,3.0,0.1961,0.0769,0.6623,0.5884
CJ1040341181,intermittent,intermittent,intermittent,否,25,4.0,weighted_ma_5,是,2.33,3.0,0.1258,0.67,0.4706,0.36,0.4619,0.4007
CJ1040341183,intermittent,intermittent,intermittent,否,24,23.0,naive_drift,是,10.6,10.0,0.1034,0.6,0.4314,0.4167,0.5179,0.4639
CJ1040341185,intermittent,intermittent,intermittent,否,24,7.0,adida,是,2.6,2.0,0.151,0.6,0.6863,0.625,0.5044,0.4899
CJ1040341192,intermittent,seasonal,intermittent,是,17,8.0,croston,是,4.84,5.0,0.0268,0.16,0.549,0.2941,0.6255,0.5413
CJ1040341197,intermittent,trending,intermittent,是,17,40.0,croston,是,4.27,4.0,0.0577,0.27,0.7059,0.5294,0.7184,0.6939
CJ1040341198,seasonal,trending,seasonal,是,16,46.0,seasonal_naive,否,2.0,6.0,1.2121,4.0,0.6078,0.6875,0.5375,0.3499
CJ1040341204,all_zero,seasonal,all_zero,是,13,1.0,ma_5,否,0.0,0.0,0.0,0.0,0.6863,1.0,0.4298,0.0
CJ1040341208,intermittent,intermittent,intermittent,否,20,6.0,winsorized,是,8.12,8.0,0.025,0.12,0.6471,0.7,0.6633,0.4714
CJ1040341215,trending,seasonal,trending,是,13,43.0,theta,是,6.74,1.0,1.4708,5.74,0.7451,0.3077,0.6801,0.7348
CJ1040341218,intermittent,trending,intermittent,是,23,24.0,adida,是,4.02,4.0,0.0047,0.02,0.6275,0.3478,0.6063,0.531
CJ1040341223,intermittent,sparse,intermittent,是,13,1.0,ma_5,否,4.0,4.0,0.0,0.0,0.8039,0.6154,0.6547,0.0
CJ1040341230,seasonal,seasonal,seasonal,否,15,11.0,ma_3,否,6.67,7.0,0.0901,0.33,0.5882,0.4667,0.5784,0.4843
CJ1040341234,seasonal,seasonal,seasonal,否,14,21.0,theta,是,0.83,2.0,0.3336,1.17,0.6471,0.3571,0.5549,0.4767
CJ1040341243,trending,lumpy,trending,是,23,13.0,naive_drift,是,0.0,0.0,0.0,0.0,0.5882,0.3913,0.9656,1.0897
CJ1040341246,intermittent,intermittent,intermittent,否,13,14.0,croston,是,1.55,1.0,0.163,0.55,0.7451,0.6923,0.5714,0.6124
CJ1040341247,intermittent,sparse,intermittent,是,13,5.0,ma_5,否,1.0,1.0,0.0,0.0,0.8235,0.6923,0.5,0.4738
CJ1040341251,lumpy,trending,lumpy,是,13,2.0,weighted_ma_5,是,6.0,6.0,0.0,0.0,0.2549,0.3077,1.2253,0.7877
CJ1040341254,intermittent,sparse,intermittent,是,16,22.0,croston,是,1.98,2.0,0.0104,0.02,0.8039,0.6875,0.3499,0.3062
CJ1040341258,trending,seasonal,trending,是,13,5.0,theta,是,12.39,10.0,0.4514,2.39,0.451,0.1538,0.6253,0.4982
CJ1040341262,stable,seasonal,stable,是,13,3.0,ma_3,否,20.0,19.0,0.0448,1.0,0.2941,0.0,0.5399,0.5231
CJ1040341263,seasonal,seasonal,seasonal,否,13,5.0,seasonal_naive,否,25.0,14.0,1.6418,11.0,0.4118,0.0769,0.6843,0.6071
CJ1040341270,intermittent,seasonal,intermittent,是,22,18.0,interval_based,否,9.09,8.0,0.1725,1.09,0.549,0.3636,0.6195,0.5915
CJ1040341287,intermittent,trending,intermittent,是,13,34.0,croston,是,3.88,4.0,0.0614,0.12,0.8627,0.6154,0.4082,0.3162
CJ1040341291,stable,seasonal,stable,是,26,6.0,optimized_des,否,30.16,23.0,0.538,7.16,0.1373,0.0769,0.585,0.4138
CJ1040341292,intermittent,trending,intermittent,是,13,26.0,adida,是,1.04,1.0,0.026,0.04,0.8235,0.6923,0.3402,0.3464
CJ1040341295,seasonal,intermittent,seasonal,是,17,20.0,theta,是,0.0,0.0,0.0,0.0,0.7647,0.5882,0.2551,0.3062
CJ1040341299,seasonal,seasonal,seasonal,否,26,4.0,damped_trend,是,37.85,35.0,0.226,2.85,0.3137,0.0385,0.6453,0.6496
CJ1040341307,intermittent,seasonal,intermittent,是,13,39.0,croston,是,6.46,5.0,0.3185,1.46,0.7255,0.3077,0.5942,0.4518
CJ1040341325,intermittent,seasonal,intermittent,是,13,38.0,croston,是,7.85,8.0,0.0442,0.15,0.7059,0.3077,0.5741,0.4144
CJ1040341332,intermittent,seasonal,intermittent,是,13,43.0,ma_5,否,4.0,4.0,0.0,0.0,0.8431,0.6154,0.3521,0.3333
CJ1040341380,seasonal,seasonal,seasonal,否,15,44.0,ma_3,否,6.67,7.0,0.1587,0.33,0.8627,0.7333,0.8452,0.8246
CJ1040341397,stable,stable,stable,否,14,20.0,optimized_hw,是,12.58,14.0,0.112,1.42,0.1765,0.2143,0.5519,0.4954
CJ1040341398,stable,seasonal,stable,是,15,5.0,ma_5,否,11.0,11.0,0.0,0.0,0.4314,0.1333,0.6458,0.498
CJ1040341399,intermittent,lumpy,intermittent,是,13,20.0,ma_5,否,1.0,1.0,0.0,0.0,0.6863,0.6923,0.7125,0.3464
CJ1040341404,seasonal,seasonal,seasonal,否,19,7.0,optimized_ses,否,30.17,31.0,0.1095,0.83,0.3333,0.1579,0.7248,0.5966
CJ1040341459,stable,seasonal,stable,是,13,4.0,naive_drift,是,42.4,46.0,0.1118,3.6,0.0392,0.0,0.73,0.5071
CJ1040341460,intermittent,trending,intermittent,是,17,35.0,sba,否,11.29,10.0,0.1299,1.29,0.5294,0.5294,0.8337,0.5121
CJ1040341526,stable,seasonal,stable,是,26,4.0,optimized_des,否,18.02,18.0,0.0018,0.02,0.1373,0.0385,0.699,0.5428
CJ1040341536,intermittent,sparse,intermittent,是,15,12.0,winsorized,是,1.88,3.0,0.625,1.12,0.8235,0.7333,0.2828,0.0
CJ1040341538,stable,seasonal,stable,是,13,5.0,seasonal_naive,否,56.0,53.0,0.1095,3.0,0.0588,0.0769,0.5984,0.5033
CJ1040341628,stable,seasonal,stable,是,13,19.0,seasonal_naive,否,17.0,15.0,0.4762,2.0,0.6863,0.1538,0.4862,0.473
CJ1040760105,intermittent,intermittent,intermittent,否,13,5.0,ma_3,否,83.33,46.0,0.2196,37.33,0.6078,0.6923,0.0,0.0
CJ1040760108,intermittent,intermittent,intermittent,否,15,24.0,interval_based,否,22.88,0.0,0.7754,22.88,0.6863,0.6667,0.4337,0.4157
CJ1040760154,intermittent,sparse,intermittent,是,15,10.0,winsorized,是,2.5,5.0,1.3889,2.5,0.8627,0.7333,0.2635,0.0
CJ1040760172,intermittent,intermittent,intermittent,否,13,41.0,winsorized,是,112.38,125.0,0.1106,12.62,0.6667,0.5385,0.4426,0.254
CJ1111051073,lumpy,trending,lumpy,是,14,23.0,croston,是,87.36,50.0,0.3511,37.36,0.7647,0.3571,0.6653,0.745
CJ1111051075,intermittent,trending,intermittent,是,15,21.0,theta,是,11.47,20.0,0.0723,8.53,0.7843,0.4,0.4714,0.523
CJ1111051123,intermittent,trending,intermittent,是,13,29.0,theta,是,18.43,20.0,0.0556,1.57,0.8235,0.6923,0.5778,0.6103
CJ1111051141,lumpy,lumpy,lumpy,否,13,36.0,winsorized,是,145.75,140.0,0.0382,5.75,0.7059,0.4615,1.6337,1.2663
CJ1111051217,seasonal,lumpy,seasonal,是,14,33.0,median_5,否,0.0,0.0,0.0,0.0,0.7843,0.6429,1.3595,1.3517
CJ1111051221,seasonal,seasonal,seasonal,否,16,36.0,theta,是,0.0,10.0,0.2,10.0,0.7451,0.1875,0.456,0.456
CJ1111051228,intermittent,seasonal,intermittent,是,21,17.0,adida,是,57.29,0.0,0.8828,57.29,0.7059,0.4762,0.3727,0.4185
CJ1111100030,intermittent,sparse,intermittent,是,15,3.0,median_5,否,0.0,0.0,0.0,0.0,0.8039,0.6,0.7878,0.4146
CJ1111220109,seasonal,trending,seasonal,是,14,33.0,theta,是,29.36,50.0,0.2966,20.64,0.7647,0.3571,0.7099,0.7149
CJ1111220110,intermittent,trending,intermittent,是,15,32.0,theta,是,15.81,10.0,0.1679,5.81,0.7647,0.5333,0.8322,0.6726
CJ1212030698,intermittent,intermittent,intermittent,否,23,8.0,weighted_ma_5,是,33.33,40.0,0.0623,6.67,0.5686,0.5652,0.6546,0.4711
CJ1212030818,sparse,intermittent,sparse,是,25,1.0,winsorized,是,39.38,40.0,0.0085,0.62,0.7647,0.84,0.2859,0.2551
CJ1212031226,seasonal,seasonal,seasonal,否,20,1.0,optimized_hw,是,16.8,20.0,0.1454,3.2,0.8431,0.85,0.5343,0.2176
CJ1212031361,intermittent,lumpy,intermittent,是,14,7.0,tsb_opt,否,15.42,15.0,0.0107,0.42,0.7255,0.7143,0.7038,0.5909
CJ1212031372,intermittent,lumpy,intermittent,是,26,18.0,adida,是,20.59,31.0,0.4005,10.41,0.549,0.5,0.8274,0.5718
CJ1212031378,intermittent,lumpy,intermittent,是,13,23.0,sba,否,33.53,0.0,0.668,33.53,0.5882,0.3846,0.7561,0.6446
CJ1212031399,intermittent,intermittent,intermittent,否,13,41.0,interval_based,否,73.97,72.0,0.021,1.97,0.6667,0.6923,0.4679,0.4316
CJ1212031529,sparse,trending,sparse,是,13,6.0,tsb_opt,否,6.53,5.0,0.0349,1.53,0.7451,0.8462,0.6323,0.5
CJ1212031552,intermittent,intermittent,intermittent,否,18,7.0,sba,否,18.42,10.0,0.217,8.42,0.6667,0.6667,0.5846,0.5745
CJ1212031895,lumpy,intermittent,lumpy,是,24,4.0,ma_5,否,50.0,45.0,0.1429,5.0,0.7843,0.75,0.6307,0.8062
CJ1212031913,seasonal,seasonal,seasonal,否,25,4.0,seasonal_naive,否,10.0,10.0,0.0,0.0,0.4902,0.64,0.6587,0.6168
CJ1212031940,sparse,seasonal,sparse,是,20,1.0,median_5,否,0.0,0.0,0.0,0.0,0.7451,0.9,0.8162,0.0
CJ1212031949,intermittent,intermittent,intermittent,否,13,1.0,winsorized,是,14.38,13.0,0.0402,1.38,0.7451,0.5385,0.5332,0.6213
CJ1212031968,intermittent,intermittent,intermittent,否,13,7.0,winsorized,是,3.75,5.0,0.0543,1.25,0.7843,0.6154,0.5014,0.3931
CJ1212031981,intermittent,intermittent,intermittent,否,16,4.0,median_5,否,0.0,0.0,0.0,0.0,0.7451,0.5625,0.5301,0.5184
CJ1212031988,seasonal,seasonal,seasonal,否,17,9.0,optimized_ses,否,14.48,14.0,0.0174,0.48,0.7059,0.6471,0.714,0.4167
CJ1212031995,intermittent,trending,intermittent,是,20,6.0,median_5,否,25.0,20.0,0.0741,5.0,0.3725,0.55,0.6638,0.5015
CJ1212031997,sparse,lumpy,sparse,是,13,19.0,tsb_opt,否,2.09,15.0,0.3212,12.91,0.5882,0.8462,0.8146,0.6667
CJ1212032036,trending,trending,trending,否,26,1.0,theta,是,129.28,130.0,0.0018,0.72,0.0588,0.0385,0.5903,0.5149
CJ1212032040,sparse,seasonal,sparse,是,15,3.0,ma_5,否,5.0,5.0,0.0,0.0,0.8039,0.8667,0.4896,0.6
CJ1212032064,intermittent,seasonal,intermittent,是,22,1.0,median_5,否,0.0,2.0,0.0619,2.0,0.7059,0.7727,0.5141,0.3922
CJ1212032078,erratic,stable,erratic,是,13,13.0,tsb_opt,否,101.56,75.0,0.1548,26.56,0.1176,0.0769,0.627,0.7596
CJ1212032086,trending,seasonal,trending,是,13,2.0,seasonal_naive,否,10.0,22.0,0.2791,12.0,0.5686,0.6923,0.6048,0.6124
CJ1212032088,intermittent,intermittent,intermittent,否,14,6.0,median_5,否,0.0,0.0,0.0,0.0,0.6275,0.5714,0.571,0.4592
CJ1212032097,sparse,intermittent,sparse,是,25,8.0,tsb_opt,否,3.5,5.0,0.0707,1.5,0.7843,0.84,0.5413,0.4843
CJ1212032104,stable,stable,stable,否,20,1.0,theta,是,41.56,40.0,0.0128,1.56,0.2157,0.2,0.6004,0.6674
CJ1212032149,sparse,lumpy,sparse,是,13,9.0,sba,否,21.08,15.0,0.1183,6.08,0.7647,0.8462,0.7937,0.8182
CJ1212032194,intermittent,seasonal,intermittent,是,24,10.0,ma_5,否,20.0,20.0,0.0,0.0,0.3529,0.25,0.7425,0.5896
CJ1212032201,sparse,seasonal,sparse,是,13,8.0,tsb_opt,否,1.83,3.0,0.0584,1.17,0.7059,0.8462,0.7726,0.0
CJ1212032203,all_zero,seasonal,all_zero,是,13,11.0,ma_5,否,0.0,0.0,0.0,0.0,0.6275,1.0,0.5846,0.0
CJ1212032216,erratic,stable,erratic,是,13,21.0,tsb_opt,否,119.5,120.0,0.0039,0.5,0.2157,0.2308,0.6704,0.706
CJ1212032235,intermittent,intermittent,intermittent,否,20,6.0,weighted_ma_5,是,22.33,22.0,0.0156,0.33,0.6471,0.75,0.6693,0.5446
CJ1212032238,seasonal,intermittent,seasonal,是,14,18.0,optimized_hw,是,44.85,45.0,0.0041,0.15,0.7059,0.5,0.4631,0.4167
CJ1212032250,intermittent,intermittent,intermittent,否,13,3.0,croston,是,22.26,40.0,0.7095,17.74,0.7451,0.5385,0.6199,0.3055
CJ1212032251,intermittent,sparse,intermittent,是,13,1.0,median_5,否,0.0,0.0,0.0,0.0,0.8039,0.7692,0.7087,0.5657
CJ1212032263,sparse,seasonal,sparse,是,18,4.0,ma_3,否,16.67,20.0,0.0529,3.33,0.7451,0.8889,0.8129,0.6667
CJ1212032264,intermittent,sparse,intermittent,是,13,3.0,winsorized,是,25.0,30.0,0.188,5.0,0.8039,0.7692,0.7797,0.5345
CJ1212032273,seasonal,seasonal,seasonal,否,25,3.0,ma_3,否,16.67,20.0,0.0228,3.33,0.2941,0.28,0.8294,0.7046
CJ1212032287,sparse,sparse,sparse,否,24,5.0,winsorized,是,3.75,5.0,0.0381,1.25,0.8039,0.8333,0.5197,0.4842
CJ1212032291,seasonal,intermittent,seasonal,是,14,5.0,optimized_ses,否,35.25,35.0,0.0031,0.25,0.451,0.5,0.6783,0.5877
CJ1212032307,seasonal,lumpy,seasonal,是,16,2.0,theta,是,19.54,16.0,0.1809,3.54,0.7451,0.8125,0.7515,0.3086
CJ1212032371,sparse,intermittent,sparse,是,26,9.0,winsorized,是,0.94,2.0,0.0415,1.06,0.7647,0.8077,0.6656,0.7178
CJ1212032376,intermittent,intermittent,intermittent,否,14,6.0,median_5,否,0.0,10.0,0.1071,10.0,0.4314,0.4286,0.6094,0.5398
CJ1212032399,sparse,trending,sparse,是,19,4.0,ma_5,否,1.0,1.0,0.0,0.0,0.7647,0.8947,0.8234,0.4286
CJ1212032417,intermittent,seasonal,intermittent,是,13,2.0,tsb_opt,否,3.04,2.0,0.0092,1.04,0.4118,0.6923,0.6209,0.2357
CJ1212032425,intermittent,lumpy,intermittent,是,13,5.0,naive_drift,是,0.0,0.0,0.0,0.0,0.6078,0.7692,0.8581,0.5345
CJ1212032426,sparse,seasonal,sparse,是,13,3.0,median_5,否,0.0,0.0,0.0,0.0,0.6471,0.8462,0.631,0.5
CJ1212032428,sparse,sparse,sparse,否,26,5.0,median_5,否,0.0,0.0,0.0,0.0,0.8039,0.8077,0.6482,0.5477
CJ1212032436,sparse,sparse,sparse,否,22,1.0,winsorized,是,19.69,20.0,0.0121,0.31,0.8039,0.8182,0.9632,0.6085
CJ1212032443,all_zero,seasonal,all_zero,是,13,2.0,ma_5,否,0.0,0.0,0.0,0.0,0.7647,1.0,0.4964,0.0
CJ1212032444,intermittent,intermittent,intermittent,否,26,6.0,interval_based,否,18.39,10.0,0.2356,8.39,0.6471,0.6923,0.4484,0.4591
CJ1212032446,intermittent,intermittent,intermittent,否,25,13.0,tsb_opt,否,14.29,10.0,0.126,4.29,0.6863,0.6,0.4132,0.4099
CJ1212032449,seasonal,intermittent,seasonal,是,21,26.0,seasonal_naive,否,0.0,5.0,0.0856,5.0,0.6275,0.5714,0.6212,0.7928
CJ1212032452,intermittent,intermittent,intermittent,否,21,12.0,tsb_opt,否,34.08,40.0,0.0709,5.92,0.5294,0.619,0.613,0.515
CJ1212032501,seasonal,intermittent,seasonal,是,15,7.0,seasonal_naive,否,0.0,0.0,0.0,0.0,0.7451,0.8667,0.5258,0.3333
CJ1212032503,seasonal,lumpy,seasonal,是,13,27.0,damped_trend,是,69.89,60.0,0.1712,9.89,0.5686,0.3846,0.8434,0.7236
CJ1212032515,sparse,sparse,sparse,否,16,1.0,median_5,否,0.0,0.0,0.0,0.0,0.8039,0.8125,0.3333,0.4082
CJ1212032521,stable,stable,stable,否,20,14.0,interval_based,否,240.8,240.0,0.0046,0.8,0.1373,0.05,0.5623,0.5891
CJ1212032523,intermittent,intermittent,intermittent,否,14,21.0,adida,是,23.0,20.0,0.0718,3.0,0.7647,0.5,0.6474,0.518
CJ1212032536,seasonal,lumpy,seasonal,是,24,8.0,seasonal_naive,否,0.0,0.0,0.0,0.0,0.7255,0.7917,0.8053,0.5207
CJ1212032538,seasonal,intermittent,seasonal,是,15,10.0,ma_3,否,16.67,15.0,0.0292,1.67,0.4902,0.4667,0.4611,0.4041
CJ1212032548,intermittent,intermittent,intermittent,否,15,6.0,median_5,否,0.0,2.0,0.0917,2.0,0.7255,0.7333,0.5077,0.5645
CJ1212032576,intermittent,intermittent,intermittent,否,20,7.0,tsb_opt,否,12.61,10.0,0.0973,2.61,0.7255,0.65,0.5421,0.4969
CJ1212032581,sparse,intermittent,sparse,是,26,1.0,median_5,否,0.0,0.0,0.0,0.0,0.7451,0.8846,0.3869,0.3536
CJ1212032597,intermittent,intermittent,intermittent,否,13,4.0,weighted_ma_5,是,6.67,5.0,0.0751,1.67,0.7843,0.7692,0.6163,0.5823
CJ1212032615,lumpy,intermittent,lumpy,是,13,6.0,winsorized,是,0.37,1.0,0.0233,0.63,0.7451,0.6923,0.5652,0.8182
CJ1212032672,lumpy,lumpy,lumpy,否,25,12.0,weighted_ma_5,是,4.67,5.0,0.0125,0.33,0.6275,0.64,0.7882,0.8913
CJ1212032684,intermittent,intermittent,intermittent,否,26,20.0,median_5,否,0.0,0.0,0.0,0.0,0.6471,0.6538,0.3092,0.2425
CJ1212032708,sparse,intermittent,sparse,是,15,1.0,median_5,否,0.0,0.0,0.0,0.0,0.7843,0.8,0.4714,0.5345
CJ1212032722,intermittent,lumpy,intermittent,是,24,1.0,winsorized,是,45.62,30.0,0.1851,15.62,0.5294,0.5833,0.7769,0.4617
CJ1212032727,sparse,seasonal,sparse,是,13,8.0,tsb_opt,否,6.48,7.0,0.0187,0.52,0.7647,0.9231,0.5411,0.0
CJ1212032728,intermittent,intermittent,intermittent,否,24,27.0,winsorized,是,79.38,10.0,0.5733,69.38,0.4706,0.4583,0.5697,0.4924
CJ1212032729,intermittent,seasonal,intermittent,是,13,2.0,weighted_ma_5,是,63.33,50.0,0.1042,13.33,0.3137,0.3846,0.6223,0.468
CJ1212032799,seasonal,sparse,seasonal,是,13,1.0,seasonal_naive,否,10.0,10.0,0.0,0.0,0.8235,0.8462,0.6221,0.2593
CJ1212032943,lumpy,seasonal,lumpy,是,13,1.0,winsorized,是,0.0,0.0,0.0,0.0,0.6863,0.7692,0.9304,0.7118
CJ1212032946,seasonal,seasonal,seasonal,否,13,27.0,ma_3,否,33.33,37.0,0.0762,3.67,0.5686,0.3846,0.7398,0.5978
CJ1212032958,lumpy,intermittent,lumpy,是,13,2.0,median_5,否,0.0,20.0,0.1742,20.0,0.451,0.3077,0.5948,0.7063
CJ1212032959,lumpy,intermittent,lumpy,是,13,2.0,tsb_opt,否,61.9,103.0,1.2454,41.1,0.7059,0.6923,0.6772,0.9147
CJ1212032972,intermittent,lumpy,intermittent,是,23,11.0,median_5,否,0.0,0.0,0.0,0.0,0.6275,0.5217,0.789,0.3499
CJ1212033035,intermittent,intermittent,intermittent,否,26,3.0,median_5,否,0.0,5.0,0.0951,5.0,0.5686,0.6538,0.6294,0.6543
CJ1212033036,all_zero,seasonal,all_zero,是,13,8.0,ma_5,否,0.0,0.0,0.0,0.0,0.6863,1.0,0.4604,0.0
CJ1212033042,intermittent,intermittent,intermittent,否,21,2.0,weighted_ma_5,是,36.67,50.0,0.1418,13.33,0.451,0.4762,0.6023,0.4982
CJ1212033079,all_zero,seasonal,all_zero,是,13,3.0,optimized_ses,否,0.01,10.0,0.2039,9.99,0.8235,1.0,0.6042,0.0
CJ1212033089,seasonal,trending,seasonal,是,26,8.0,seasonal_naive,否,0.0,0.0,0.0,0.0,0.7451,0.8077,0.6763,0.7236
CJ1212033111,stable,seasonal,stable,是,13,22.0,ma_7,否,592.86,450.0,0.6562,142.86,0.5882,0.2308,0.6273,0.4737
CJ1212033182,seasonal,intermittent,seasonal,是,13,8.0,optimized_des,否,0.0,0.0,0.0,0.0,0.6667,0.7692,0.3423,0.3536
CJ1212033334,stable,seasonal,stable,是,23,3.0,holt_winters,否,128.8,130.0,0.0067,1.2,0.1961,0.087,0.6801,0.5786
CJ1212033343,intermittent,seasonal,intermittent,是,16,15.0,croston,是,21.16,20.0,0.0275,1.16,0.6667,0.5,0.25,0.0
CJ1212033395,intermittent,lumpy,intermittent,是,15,9.0,ma_5,否,20.0,12.0,0.1951,8.0,0.5686,0.4,0.7768,0.5941
CJ1212033409,intermittent,intermittent,intermittent,否,13,11.0,interval_based,否,272.8,332.0,0.1705,59.2,0.6275,0.5385,0.6143,0.6105
CJ1212033435,stable,stable,stable,否,24,7.0,theta,是,101.75,105.0,0.0204,3.25,0.1961,0.1667,0.633,0.6825
CJ1212033462,intermittent,intermittent,intermittent,否,13,11.0,optimized_ses,否,94.72,92.0,0.0219,2.72,0.7647,0.6154,0.518,0.4581
CJ1212033463,intermittent,intermittent,intermittent,否,21,6.0,sba,否,49.26,90.0,0.7275,40.74,0.7255,0.6667,0.4515,0.3889
CJ1212033622,all_zero,seasonal,all_zero,是,13,28.0,median_5,否,0.0,0.0,0.0,0.0,0.8039,1.0,0.3873,0.0
CJ1212033765,intermittent,intermittent,intermittent,否,13,6.0,interval_based,否,23.97,50.0,1.0582,26.03,0.7843,0.7692,0.6756,0.4635
CJ1212033786,sparse,sparse,sparse,否,13,44.0,ma_3,否,33.33,35.0,0.098,1.67,0.8627,0.8462,0.4323,0.3333
CJ1212033790,intermittent,intermittent,intermittent,否,13,8.0,optimized_ses,否,6.2,10.0,0.1098,3.8,0.7255,0.7692,0.577,0.3536
CJ1212033791,intermittent,trending,intermittent,是,13,36.0,adida,是,21.88,21.0,0.024,0.88,0.8039,0.5385,0.6261,0.5693
CJ1212033792,erratic,stable,erratic,是,13,8.0,winsorized,是,100.0,75.0,0.2011,25.0,0.2353,0.2308,0.5988,0.7058
CJ1212033793,seasonal,seasonal,seasonal,否,19,6.0,theta,是,300.19,250.0,0.2164,50.19,0.4902,0.1579,0.6364,0.5457
CJ1212033794,intermittent,intermittent,intermittent,否,14,9.0,interval_based,否,74.0,74.0,0.0,0.0,0.2549,0.2857,0.6569,0.5507
CJ1212033795,intermittent,intermittent,intermittent,否,26,22.0,adida,是,23.82,50.0,0.7791,26.18,0.5686,0.5769,0.5965,0.611
CJ1212033813,stable,trending,stable,是,26,6.0,theta,是,168.84,145.0,0.166,23.84,0.2157,0.0769,0.5707,0.5019
CJ1212033818,intermittent,intermittent,intermittent,否,13,5.0,tsb_opt,否,19.2,20.0,0.019,0.8,0.7255,0.7692,0.5,0.6164
CJ1212033820,seasonal,seasonal,seasonal,否,22,25.0,seasonal_naive,否,41.0,54.0,0.2381,13.0,0.8039,0.5455,0.6167,0.6167
CJ1212033827,intermittent,sparse,intermittent,是,13,36.0,ma_5,否,4.0,3.0,0.0758,1.0,0.8235,0.6154,0.7246,0.6012
CJ1212033858,seasonal,intermittent,seasonal,是,14,8.0,median_5,否,0.0,0.0,0.0,0.0,0.7647,0.7143,0.5856,0.6
CJ1212033861,seasonal,seasonal,seasonal,否,14,13.0,theta,是,1034.23,702.0,0.8827,332.23,0.0588,0.0,0.7457,0.5361
CJ1212033873,lumpy,lumpy,lumpy,否,16,11.0,winsorized,是,120.62,111.0,0.0844,9.62,0.6275,0.5,0.8429,0.7825
CJ1212033936,sparse,sparse,sparse,否,13,23.0,tsb_opt,否,2.87,5.0,0.1385,2.13,0.8235,0.8462,0.6686,0.3333
CJ1212033963,lumpy,trending,lumpy,是,13,21.0,ma_5,否,210.0,270.0,0.4545,60.0,0.3333,0.3077,0.8422,0.7381
CJ1212033968,intermittent,intermittent,intermittent,否,13,18.0,ma_3,否,25.0,25.0,0.0,0.0,0.7059,0.5385,0.6013,0.4843
CJ1212033974,lumpy,lumpy,lumpy,否,23,5.0,median_5,否,0.0,0.0,0.0,0.0,0.6667,0.6087,0.7303,0.8264
CJ1212033977,intermittent,intermittent,intermittent,否,14,4.0,interval_based,否,20.67,20.0,0.0238,0.67,0.7843,0.7143,0.4714,0.4724
CJ1212034103,intermittent,intermittent,intermittent,否,13,2.0,sba,否,45.13,50.0,0.1027,4.87,0.4706,0.4615,0.6797,0.5329
CJ1212034109,intermittent,intermittent,intermittent,否,16,25.0,sba,否,19.7,20.0,0.0074,0.3,0.7255,0.6875,0.4993,0.3162
CJ1212034140,intermittent,sparse,intermittent,是,13,6.0,median_5,否,0.0,0.0,0.0,0.0,0.8039,0.6923,0.4099,0.0912
CJ1212034141,lumpy,lumpy,lumpy,否,22,10.0,median_5,否,0.0,0.0,0.0,0.0,0.7451,0.6818,0.8013,0.7034
CJ1212034152,intermittent,intermittent,intermittent,否,15,4.0,median_5,否,0.0,0.0,0.0,0.0,0.7451,0.7333,0.4567,0.3464
CJ1212034176,intermittent,intermittent,intermittent,否,25,3.0,weighted_ma_5,是,44.67,47.0,0.0429,2.33,0.5882,0.64,0.5646,0.6145
CJ1212034193,sparse,seasonal,sparse,是,13,5.0,ma_3,否,50.0,70.0,0.7752,20.0,0.7255,0.8462,0.7705,0.9412
CJ1212034223,seasonal,seasonal,seasonal,否,21,4.0,optimized_ses,否,52.26,50.0,0.0072,2.26,0.2549,0.4286,0.5599,0.6476
CJ1212034266,trending,sparse,trending,是,20,27.0,naive_drift,是,0.0,0.0,0.0,0.0,0.8039,0.75,0.5218,0.5963
CJ1212034275,stable,stable,stable,否,17,5.0,damped_trend,是,420.6,390.0,0.0539,30.6,0.0784,0.1176,0.5902,0.5477
CJ1212034276,intermittent,lumpy,intermittent,是,13,27.0,adida,是,102.5,100.0,0.0199,2.5,0.3137,0.4615,0.9034,0.6653
CJ1212034277,seasonal,stable,seasonal,是,13,17.0,damped_trend,是,178.75,160.0,0.0812,18.75,0.2353,0.0769,0.6647,0.6344
CJ1212034278,seasonal,intermittent,seasonal,是,18,11.0,holt_winters,否,0.0,0.0,0.0,0.0,0.7451,0.7222,0.4567,0.4472
CJ1212034279,stable,stable,stable,否,25,7.0,theta,是,228.99,250.0,0.0605,21.01,0.0784,0.04,0.5585,0.4686
CJ1212034282,sparse,sparse,sparse,否,21,31.0,median_5,否,0.0,0.0,0.0,0.0,0.8039,0.8571,0.5903,0.3742
CJ1212034284,intermittent,lumpy,intermittent,是,21,26.0,winsorized,是,18.75,25.0,0.1042,6.25,0.4902,0.4286,0.8934,0.6831
CJ1212034302,seasonal,trending,seasonal,是,15,23.0,seasonal_naive,否,55.0,30.0,0.8197,25.0,0.6471,0.4,0.7514,0.6507
CJ1212034303,stable,trending,stable,是,13,7.0,weighted_ma_5,是,978.33,950.0,0.0382,28.33,0.0196,0.0,0.5221,0.5184
CJ1212034328,stable,seasonal,stable,是,13,4.0,ma_7,否,60.0,62.0,0.0192,2.0,0.3529,0.2308,0.6447,0.5506
CJ1212034348,intermittent,intermittent,intermittent,否,24,1.0,tsb_opt,否,8.77,9.0,0.0085,0.23,0.7647,0.75,0.6731,0.4765
CJ1212034443,seasonal,sparse,seasonal,是,13,1.0,optimized_hw,是,4.47,3.0,0.0729,1.47,0.8235,0.7692,0.655,0.8081
CJ1212034464,intermittent,intermittent,intermittent,否,23,4.0,weighted_ma_5,是,6.67,5.0,0.0712,1.67,0.7059,0.6522,0.4513,0.3674
CJ1212034485,trending,trending,trending,否,26,21.0,ma_5,否,10.0,10.0,0.0,0.0,0.6667,0.5,0.4751,0.4155
CJ1212034672,intermittent,intermittent,intermittent,否,15,23.0,tsb_opt,否,9.99,10.0,0.0006,0.01,0.7255,0.6667,0.5859,0.3333
CJ1212034674,intermittent,intermittent,intermittent,否,16,31.0,median_5,否,25.0,25.0,0.0,0.0,0.6275,0.6875,0.512,0.2222
CJ1212034703,lumpy,lumpy,lumpy,否,13,6.0,sba,否,13.27,13.0,0.0102,0.27,0.5098,0.3846,1.0037,0.8744
CJ1212034709,lumpy,intermittent,lumpy,是,18,5.0,croston,是,21.16,20.0,0.0454,1.16,0.5294,0.5,0.6814,0.7333
CJ1212034718,lumpy,lumpy,lumpy,否,26,4.0,weighted_ma_5,是,6.67,6.0,0.0324,0.67,0.7843,0.7692,0.747,0.7531
CJ1212034772,intermittent,seasonal,intermittent,是,25,19.0,sba,否,57.34,70.0,0.2638,12.66,0.7255,0.56,0.5467,0.4933
CJ1212034797,intermittent,intermittent,intermittent,否,26,13.0,adida,是,15.2,16.0,0.0341,0.8,0.6667,0.6538,0.6675,0.6299
CJ1212034804,trending,intermittent,trending,是,20,6.0,optimized_hw,是,104.86,120.0,0.0901,15.14,0.4706,0.3,0.6365,0.5756
CJ1212060185,intermittent,trending,intermittent,是,13,2.0,adida,是,13.53,15.0,0.0919,1.47,0.5882,0.7692,0.5366,0.3271
CJ1212060288,all_zero,seasonal,all_zero,是,13,1.0,median_5,否,0.0,0.0,0.0,0.0,0.8039,1.0,0.5336,0.0
CJ1212060318,intermittent,intermittent,intermittent,否,13,12.0,median_5,否,0.0,0.0,0.0,0.0,0.6471,0.6923,0.4507,0.25
CJ2070550057,seasonal,seasonal,seasonal,否,15,13.0,seasonal_naive,否,175.0,158.0,0.1979,17.0,0.6863,0.4,0.3708,0.3402
CJ2070550064,stable,seasonal,stable,是,13,18.0,interval_based,否,526.53,300.0,0.7763,226.53,0.1373,0.0,0.5276,0.5873
CJ2070550069,intermittent,seasonal,intermittent,是,13,38.0,median_5,否,125.0,125.0,0.0,0.0,0.8431,0.6154,0.4178,0.3499
CJ2070550077,intermittent,intermittent,intermittent,否,13,10.0,ma_5,否,50.0,50.0,0.0,0.0,0.6667,0.6154,0.3469,0.3062
CJ2121020027,intermittent,trending,intermittent,是,13,43.0,ma_5,否,1300.0,1300.0,0.0,0.0,0.6471,0.5385,0.6164,0.6383
CJ2121020032,intermittent,trending,intermittent,是,13,30.0,winsorized,是,1016.25,1300.0,0.288,283.75,0.6667,0.4615,0.5321,0.4236
CJ2121040300,stable,stable,stable,否,26,2.0,ma_7,否,12857.14,13000.0,0.0169,142.86,0.1961,0.1154,0.43,0.3919
CJ2121040457,stable,trending,stable,是,15,2.0,weighted_ma_5,是,4600.0,4600.0,0.0,0.0,0.2353,0.1333,0.4674,0.4
CJ2121041464,seasonal,seasonal,seasonal,否,13,18.0,ma_5,否,2000.0,2000.0,0.0,0.0,0.6471,0.3846,0.493,0.2564
CJ2121041586,seasonal,seasonal,seasonal,否,13,43.0,optimized_hw,是,376.7,400.0,0.0466,23.3,0.7059,0.6154,0.3922,0.4157
CJ2121050051,intermittent,seasonal,intermittent,是,13,5.0,optimized_ses,否,61.5,60.0,0.0242,1.5,0.7451,0.7692,0.1831,0.0
CJ2121050251,intermittent,intermittent,intermittent,否,26,15.0,interval_based,否,60.36,60.0,0.0038,0.36,0.6471,0.6538,0.1586,0.226
CJ2121050358,intermittent,intermittent,intermittent,否,16,5.0,median_5,否,0.0,0.0,0.0,0.0,0.7647,0.75,0.3464,0.3464
CJ2121050359,intermittent,sparse,intermittent,是,21,4.0,croston,是,116.73,130.0,0.1185,13.27,0.8039,0.7619,0.4328,0.4333
CJ2121050500,seasonal,seasonal,seasonal,否,14,32.0,theta,是,158.71,140.0,0.1028,18.71,0.5882,0.5,0.4742,0.35
CJ2121050514,seasonal,intermittent,seasonal,是,14,33.0,ma_3,否,166.67,80.0,0.2875,86.67,0.549,0.5714,0.3311,0.214
CJ2121050565,seasonal,seasonal,seasonal,否,23,10.0,theta,是,0.0,0.0,0.0,0.0,0.3137,0.4348,0.3264,0.2703
CJ2121050605,intermittent,seasonal,intermittent,是,21,17.0,ma_5,否,280.0,280.0,0.0,0.0,0.3529,0.3333,0.3423,0.2637
CJ2121050621,seasonal,intermittent,seasonal,是,13,6.0,optimized_des,否,0.0,0.0,0.0,0.0,0.7255,0.6923,0.4102,0.3464
CJ2121050630,seasonal,seasonal,seasonal,否,20,6.0,optimized_ses,否,179.88,190.0,0.067,10.12,0.4706,0.35,0.4245,0.3533
CJ2121050631,seasonal,intermittent,seasonal,是,13,45.0,weighted_ma_5,是,40.0,30.0,0.1754,10.0,0.7843,0.6923,0.6664,0.3464
CJ2121050635,seasonal,intermittent,seasonal,是,13,,optimized_des,否,129.57,100.0,0.1137,29.57,0.6275,0.5385,0.3373,0.2953
CJ2121050642,intermittent,sparse,intermittent,是,15,3.0,ma_5,否,30.0,30.0,0.0,0.0,0.8039,0.7333,0.0,0.0
CJ2121050645,intermittent,seasonal,intermittent,是,16,7.0,theta,是,150.36,150.0,0.0014,0.36,0.451,0.375,0.4807,0.1429
CJ2121050654,stable,seasonal,stable,是,23,16.0,theta,是,286.0,300.0,0.0398,14.0,0.1765,0.0435,0.3943,0.4019
CJ2121050678,seasonal,seasonal,seasonal,否,20,27.0,ma_5,否,90.0,90.0,0.0,0.0,0.7647,0.65,0.3434,0.3469
CJ2121050685,stable,seasonal,stable,是,13,5.0,naive_drift,是,3150.0,3261.0,0.1022,111.0,0.0196,0.0,0.6074,0.3681
CJ2121050705,intermittent,sparse,intermittent,是,13,26.0,ma_3,否,50.0,60.0,0.1515,10.0,0.8235,0.7692,0.417,0.3536
CJ2121050720,intermittent,intermittent,intermittent,否,24,1.0,adida,是,91.08,80.0,0.074,11.08,0.5882,0.625,0.3784,0.3922
CJ2121060387,stable,intermittent,stable,是,20,29.0,optimized_des,否,120.39,130.0,0.0348,9.61,0.3725,0.2,0.398,0.4119
CJ2121060433,intermittent,intermittent,intermittent,否,14,27.0,median_5,否,0.0,0.0,0.0,0.0,0.7059,0.7143,0.2999,0.3333
CJ2121060465,seasonal,intermittent,seasonal,是,19,39.0,optimized_des,否,0.0,0.0,0.0,0.0,0.6471,0.6316,0.4399,0.2688
CJ2121080021,seasonal,intermittent,seasonal,是,21,5.0,seasonal_naive,否,2000.0,1700.0,0.0789,300.0,0.451,0.5238,0.4726,0.4472
CJ2121080094,intermittent,stable,intermittent,是,13,3.0,naive_drift,是,1855.0,1850.0,0.0037,5.0,0.2157,0.3077,0.4526,0.3915
CJ2121080680,intermittent,seasonal,intermittent,是,13,41.0,optimized_ses,否,387.17,400.0,0.0713,12.83,0.7843,0.6923,0.3264,0.3464
CJ2121080953,intermittent,intermittent,intermittent,否,13,5.0,ma_3,否,3333.33,3500.0,0.0499,166.67,0.3922,0.3077,0.4083,0.4
CJ2121081227,seasonal,seasonal,seasonal,否,13,41.0,ma_5,否,600.0,600.0,0.0,0.0,0.6863,0.4615,0.4641,0.5345
CJ2121090013,seasonal,intermittent,seasonal,是,16,5.0,optimized_hw,是,1312.42,1200.0,0.047,112.42,0.5098,0.6875,0.4134,0.3162
CJ2121090050,stable,stable,stable,否,19,3.0,holt_winters,否,1582.25,1800.0,0.1481,217.75,0.1961,0.2105,0.5161,0.522
CJ2121090635,intermittent,seasonal,intermittent,是,13,48.0,winsorized,是,331.25,400.0,0.4911,68.75,0.8039,0.7692,0.2727,0.0
CJ2121090901,seasonal,intermittent,seasonal,是,13,5.0,damped_trend,是,2166.05,2100.0,0.0173,66.05,0.4118,0.3846,0.5105,0.4738
CJ2121091171,intermittent,seasonal,intermittent,是,18,43.0,tsb_opt,否,612.43,600.0,0.0259,12.43,0.7059,0.5,0.2966,0.2999
CJ2122140016,stable,stable,stable,否,22,25.0,weighted_ma_5,是,2200.0,2200.0,0.0,0.0,0.1176,0.0909,0.5292,0.6026
CJ2222120092,sparse,sparse,sparse,否,22,25.0,ma_5,否,90.0,127.0,0.6801,37.0,0.8824,0.8182,0.8145,0.9891
CJ2222120130,lumpy,sparse,lumpy,是,13,38.0,naive_drift,是,424.0,330.0,0.7642,94.0,0.8235,0.4615,1.3413,1.3456
CJ2222120135,trending,lumpy,trending,是,26,20.0,optimized_des,否,44.17,47.0,0.0496,2.83,0.6667,0.4615,1.0404,1.0105
CJ2222120138,seasonal,seasonal,seasonal,否,13,42.0,seasonal_naive,否,30.0,22.0,0.292,8.0,0.8235,0.6154,0.8728,1.0173
CJ2222120174,intermittent,trending,intermittent,是,22,26.0,adida,是,34.0,0.0,0.7424,34.0,0.7843,0.6818,0.4882,0.4722
CJ2222120177,intermittent,intermittent,intermittent,否,23,24.0,winsorized,是,32.5,30.0,0.0571,2.5,0.7843,0.5217,0.6957,0.6957
CJ2222120204,sparse,trending,sparse,是,13,43.0,weighted_ma_5,是,67.33,65.0,0.1897,2.33,0.8627,0.8462,0.772,0.4634
CJ2222130377,stable,stable,stable,否,13,5.0,ma_3,否,2800.0,2838.0,0.0189,38.0,0.1373,0.0769,0.4633,0.4721
CJ2222130415,sparse,sparse,sparse,否,26,7.0,median_5,否,0.0,0.0,0.0,0.0,0.8039,0.8462,0.3541,0.3333
CJ2222130416,trending,seasonal,trending,是,26,2.0,optimized_des,否,0.0,0.0,0.0,0.0,0.4314,0.4231,0.7281,0.839
CJ2222130522,intermittent,intermittent,intermittent,否,15,26.0,winsorized,是,196.88,200.0,0.0241,3.12,0.6471,0.5333,0.2175,0.0
CJ2222130718,intermittent,intermittent,intermittent,否,17,4.0,ma_5,否,50.0,50.0,0.0,0.0,0.7059,0.5882,0.4528,0.0
CJ2222130724,seasonal,intermittent,seasonal,是,16,12.0,ma_5,否,100.0,100.0,0.0,0.0,0.7451,0.6875,0.2491,0.0
CJ2222130794,intermittent,intermittent,intermittent,否,14,4.0,ma_5,否,100.0,100.0,0.0,0.0,0.7843,0.6429,0.6124,0.0
CJ2222130798,trending,lumpy,trending,是,20,2.0,seasonal_naive,否,100.0,50.0,0.1235,50.0,0.4902,0.55,0.9351,1.0013
CJ2222140077,intermittent,intermittent,intermittent,否,13,3.0,winsorized,是,393.75,400.0,0.0223,6.25,0.7451,0.5385,0.4632,0.3194
CJ2222140171,intermittent,intermittent,intermittent,否,16,4.0,adida,是,406.86,400.0,0.0118,6.86,0.5686,0.5,0.407,0.1764
CJ2222200062,seasonal,stable,seasonal,是,13,1.0,optimized_des,否,0.0,0.0,0.0,0.0,0.2353,0.0,0.586,0.7361
CJ2222200075,intermittent,intermittent,intermittent,否,24,6.0,theta,是,480.49,500.0,0.0118,19.51,0.7843,0.75,0.5483,0.3536
CJ2222200215,intermittent,intermittent,intermittent,否,14,20.0,tsb_opt,否,63.63,50.0,0.094,13.63,0.7451,0.7857,0.3127,0.3536
CJ2222280036,intermittent,intermittent,intermittent,否,13,6.0,ma_3,否,166.67,100.0,0.2712,66.67,0.4314,0.3846,0.5459,0.5025
CJ2222280037,intermittent,intermittent,intermittent,否,13,4.0,interval_based,否,180.0,190.0,0.065,10.0,0.451,0.3846,0.3661,0.3322
CJ2222280038,trending,seasonal,trending,是,14,11.0,holt_winters,否,428.66,257.0,0.6104,171.66,0.1765,0.0714,0.5189,0.4971
CJ2222280039,seasonal,seasonal,seasonal,否,14,11.0,holt_winters,否,435.73,252.0,0.6501,183.73,0.1765,0.0714,0.5195,0.5218
CJ2222280040,intermittent,intermittent,intermittent,否,13,18.0,ma_3,否,166.67,160.0,0.0465,6.67,0.6863,0.7692,0.3367,0.2014
CJ2222280041,intermittent,intermittent,intermittent,否,13,22.0,ma_3,否,266.67,118.0,0.4153,148.67,0.3922,0.3077,0.3172,0.3069
CJ2222280042,intermittent,intermittent,intermittent,否,13,13.0,interval_based,否,147.9,100.0,0.2654,47.9,0.4118,0.3077,0.2909,0.3069
CJ2222280048,seasonal,intermittent,seasonal,是,14,17.0,median_5,否,120.0,120.0,0.0,0.0,0.3333,0.2143,0.6473,0.6365
CJ2222280049,seasonal,intermittent,seasonal,是,14,17.0,optimized_ses,否,117.61,120.0,0.0213,2.39,0.3333,0.2143,0.6419,0.6365
CJ2222280067,all_zero,lumpy,all_zero,是,13,13.0,ma_5,否,23.0,25.0,0.2381,2.0,0.7059,1.0,0.8165,0.0
CJ2222280080,intermittent,seasonal,intermittent,是,24,23.0,ma_5,否,50.0,51.0,0.0126,1.0,0.7451,0.6667,0.8455,0.6217
CJ2222280081,intermittent,seasonal,intermittent,是,24,23.0,ma_5,否,50.0,51.0,0.0126,1.0,0.7451,0.6667,0.8455,0.6217
CJ2222280084,intermittent,seasonal,intermittent,是,13,40.0,tsb_opt,否,384.72,400.0,0.106,15.28,0.6863,0.3846,0.7428,0.449
CJ2222280085,intermittent,seasonal,intermittent,是,13,40.0,tsb_opt,否,384.72,400.0,0.106,15.28,0.6863,0.3846,0.7428,0.449
CJ2222280086,intermittent,seasonal,intermittent,是,13,40.0,tsb_opt,否,384.72,400.0,0.106,15.28,0.6863,0.3846,0.7428,0.449
CJ2222280087,intermittent,seasonal,intermittent,是,24,23.0,ma_5,否,50.0,51.0,0.0126,1.0,0.7843,0.6667,0.7094,0.6403
CJ4040030089,sparse,sparse,sparse,否,13,3.0,weighted_ma_5,是,8.67,9.0,0.101,0.33,0.8627,0.9231,0.4743,0.0
CJ4040090319,seasonal,sparse,seasonal,是,26,20.0,holt_winters,否,30.79,25.0,0.0629,5.79,0.8235,0.8462,0.5274,0.3142
CJ4040090320,seasonal,sparse,seasonal,是,26,20.0,optimized_hw,是,17.31,25.0,0.0845,7.69,0.8039,0.8462,0.604,0.3142
CJ4040090397,seasonal,seasonal,seasonal,否,14,7.0,theta,是,114.14,105.0,0.2068,9.14,0.2549,0.0714,0.8823,0.8341
CJ4040090398,seasonal,seasonal,seasonal,否,14,7.0,theta,是,112.19,105.0,0.1613,7.19,0.2549,0.0714,0.867,0.8008
CJ4040090417,seasonal,lumpy,seasonal,是,23,6.0,median_5,否,25.0,25.0,0.0,0.0,0.7843,0.7391,1.0435,0.9234
CJ4040090418,seasonal,lumpy,seasonal,是,23,6.0,optimized_ses,否,15.26,20.0,0.1617,4.74,0.7843,0.7391,0.9901,0.9234
CJ4040090419,intermittent,trending,intermittent,是,16,31.0,theta,是,26.18,27.0,0.0913,0.82,0.5294,0.4375,0.793,0.6923
CJ4040090420,lumpy,trending,lumpy,是,16,45.0,theta,是,25.54,31.0,0.6204,5.46,0.5098,0.375,0.8106,0.7478
CJ4040090427,stable,trending,stable,是,18,4.0,holt_winters,否,39.06,40.0,0.0346,0.94,0.2745,0.1111,0.775,0.6478
CJ4040090428,stable,trending,stable,是,18,4.0,holt_winters,否,40.64,40.0,0.0236,0.64,0.2549,0.1111,0.7908,0.6541
CJ4040090433,lumpy,seasonal,lumpy,是,13,39.0,croston,是,33.1,33.0,0.0043,0.1,0.4118,0.3846,0.9681,0.7958
CJ4040090434,lumpy,seasonal,lumpy,是,13,39.0,croston,是,33.35,33.0,0.0135,0.35,0.4118,0.3846,1.0077,0.7958
CJ4040090435,lumpy,lumpy,lumpy,否,18,22.0,winsorized,是,10.75,6.0,0.108,4.75,0.7843,0.7778,1.0829,1.3491
CJ4040090436,lumpy,lumpy,lumpy,否,18,22.0,winsorized,是,10.75,6.0,0.108,4.75,0.7843,0.7778,1.0829,1.3491
CJ4040090439,intermittent,intermittent,intermittent,否,21,27.0,optimized_ses,否,2.2,2.0,0.0784,0.2,0.7451,0.4762,0.4853,0.4583
CJ4040090440,intermittent,intermittent,intermittent,否,21,26.0,adida,是,2.2,2.0,0.0769,0.2,0.7647,0.5238,0.5821,0.5477
CJ4040090459,lumpy,seasonal,lumpy,是,13,41.0,ma_3,否,33.33,40.0,0.3922,6.67,0.6471,0.5385,1.0432,0.7383
CJ4040090460,seasonal,seasonal,seasonal,否,14,41.0,holt_winters,否,39.91,40.0,0.0051,0.09,0.6471,0.5,1.0369,0.7893
CJ4040090467,intermittent,intermittent,intermittent,否,20,9.0,croston,是,3.95,7.0,1.0171,3.05,0.6667,0.55,0.4249,0.3536
CJ4040090468,intermittent,intermittent,intermittent,否,20,9.0,croston,是,3.95,7.0,1.0171,3.05,0.6667,0.55,0.4249,0.3536
CJ4040190307,all_zero,trending,all_zero,是,13,5.0,ma_5,否,0.0,0.0,0.0,0.0,0.5686,1.0,0.4142,0.0
CJ4040190308,all_zero,trending,all_zero,是,13,5.0,ma_5,否,0.0,0.0,0.0,0.0,0.5686,1.0,0.4142,0.0
CJ4040190309,all_zero,trending,all_zero,是,13,5.0,ma_5,否,0.0,0.0,0.0,0.0,0.5686,1.0,0.4142,0.0
CJ4040190310,all_zero,intermittent,all_zero,是,13,7.0,ma_5,否,0.0,0.0,0.0,0.0,0.7843,1.0,0.2635,0.0
CJ4040190311,sparse,sparse,sparse,否,13,22.0,median_5,否,0.0,0.0,0.0,0.0,0.8039,0.9231,0.3333,0.0
CJ4040190377,intermittent,intermittent,intermittent,否,13,3.0,optimized_ses,否,0.85,1.0,0.0529,0.15,0.7451,0.7692,0.3529,0.3536
CJ4040200656,trending,intermittent,trending,是,13,10.0,ma_5,否,8.0,8.0,0.0,0.0,0.7843,0.6923,0.4461,0.0825
CJ4040500080,intermittent,intermittent,intermittent,否,23,2.0,median_5,否,0.0,0.0,0.0,0.0,0.7843,0.7826,0.4451,0.4238
CJ4040500162,seasonal,intermittent,seasonal,是,13,38.0,median_5,否,0.0,0.0,0.0,0.0,0.7451,0.6923,0.4639,0.4558
CJ4040500163,intermittent,intermittent,intermittent,否,13,14.0,median_5,否,0.0,500.0,0.1359,500.0,0.7255,0.6154,0.4699,0.4056
CJ4040500178,seasonal,seasonal,seasonal,否,13,4.0,ma_5,否,100.0,100.0,0.0,0.0,0.8039,0.7692,0.3588,0.268
CJ4040500180,intermittent,intermittent,intermittent,否,14,2.0,theta,是,476.16,500.0,0.0722,23.84,0.7843,0.7143,0.5192,0.303
CJ4040500205,seasonal,intermittent,seasonal,是,14,14.0,theta,是,685.95,1000.0,0.115,314.05,0.7255,0.6429,0.539,0.6181
CJ4040560322,trending,trending,trending,否,22,14.0,ma_3,否,20.0,20.0,0.0,0.0,0.7255,0.7727,0.6919,0.3333
CJ4040560323,trending,intermittent,trending,是,22,13.0,ma_3,否,10.0,11.0,0.303,1.0,0.7255,0.7727,0.6903,0.3333
CJ4040880026,trending,intermittent,trending,是,15,31.0,seasonal_naive,否,0.0,12.0,1.0909,12.0,0.3922,0.6667,0.6353,0.3034
CJ4040880027,seasonal,lumpy,seasonal,是,19,11.0,optimized_ses,否,9.33,5.0,0.2462,4.33,0.7059,0.7895,0.9522,0.1925
CJ4040880028,trending,intermittent,trending,是,15,31.0,seasonal_naive,否,0.0,12.0,1.0909,12.0,0.3922,0.6667,0.6353,0.3034
CJ4141010124,intermittent,intermittent,intermittent,否,17,6.0,median_5,否,0.0,0.0,0.0,0.0,0.7843,0.7647,0.2916,0.3997
CJ4141010125,sparse,sparse,sparse,否,26,6.0,median_5,否,0.0,0.0,0.0,0.0,0.8039,0.8462,0.2854,0.3353
CJ4141010126,sparse,seasonal,sparse,是,26,6.0,median_5,否,0.0,0.0,0.0,0.0,0.8039,0.8462,0.4176,0.3353
CJ4141070086,all_zero,sparse,all_zero,是,13,11.0,ma_5,否,0.0,0.0,0.0,0.0,0.8039,1.0,0.4896,0.0
CJ4141070101,intermittent,intermittent,intermittent,否,20,2.0,weighted_ma_5,是,29.33,30.0,0.0063,0.67,0.5294,0.6,0.6217,0.6553
CJ4141100494,seasonal,intermittent,seasonal,是,25,28.0,seasonal_naive,否,0.0,1.0,0.0826,1.0,0.6863,0.6,0.5439,0.1154
CJ4141100498,intermittent,seasonal,intermittent,是,26,1.0,median_5,否,0.0,0.0,0.0,0.0,0.7059,0.6154,0.3666,0.1362
CJ4141100502,intermittent,intermittent,intermittent,否,13,4.0,median_5,否,0.0,0.0,0.0,0.0,0.6275,0.5385,0.6137,0.3194
CJ4141110017,intermittent,intermittent,intermittent,否,20,27.0,winsorized,是,2.5,2.0,0.041,0.5,0.7059,0.6,0.6843,0.6667
CJ4141120416,seasonal,seasonal,seasonal,否,14,28.0,theta,是,0.0,0.0,0.0,0.0,0.6667,0.6429,0.2915,0.1481
CJ4141150756,intermittent,seasonal,intermittent,是,14,41.0,sba,否,87.43,90.0,0.0684,2.57,0.8039,0.5714,0.4058,0.535
CJ4141150757,intermittent,seasonal,intermittent,是,13,40.0,sba,否,104.58,110.0,0.1106,5.42,0.7843,0.4615,0.4868,0.6467
CJ4141150758,intermittent,seasonal,intermittent,是,14,33.0,adida,是,43.2,18.0,0.4737,25.2,0.7647,0.4286,0.4455,0.5685
CJ4141150833,intermittent,seasonal,intermittent,是,22,19.0,winsorized,是,103.12,108.0,0.019,4.88,0.6667,0.5455,0.5382,0.624
CJ4141150840,intermittent,trending,intermittent,是,13,23.0,adida,是,128.12,107.0,0.1156,21.12,0.6863,0.5385,0.5824,0.5858
CJ4141150866,sparse,intermittent,sparse,是,15,8.0,croston,是,1.79,1.0,0.1717,0.79,0.7451,0.8,0.6929,0.0
CJ4141150881,intermittent,seasonal,intermittent,是,17,45.0,adida,是,13.73,0.0,0.7379,13.73,0.6275,0.3529,0.7705,0.5869
CJ4141150900,all_zero,intermittent,all_zero,是,13,10.0,ma_5,否,0.0,0.0,0.0,0.0,0.7843,1.0,0.4062,0.0
CJ4141150905,trending,lumpy,trending,是,26,9.0,damped_trend,是,3.3,3.0,0.0432,0.3,0.6667,0.7692,1.3115,0.8177
CJ4141150910,intermittent,intermittent,intermittent,否,18,1.0,weighted_ma_5,是,3.0,2.0,0.1786,1.0,0.549,0.6111,0.3839,0.4082
CJ4141150911,seasonal,intermittent,seasonal,是,26,2.0,optimized_hw,是,1.77,2.0,0.0479,0.23,0.5294,0.6538,0.5203,0.5345
CJ4141150914,intermittent,intermittent,intermittent,否,13,2.0,ma_5,否,2.0,2.0,0.0,0.0,0.7647,0.7692,0.4518,0.0
CJ4141150920,lumpy,sparse,lumpy,是,26,21.0,winsorized,是,0.0,0.0,0.0,0.0,0.8039,0.6154,0.7006,0.7006
CJ4141150948,intermittent,seasonal,intermittent,是,13,40.0,adida,是,36.56,0.0,0.4588,36.56,0.8039,0.6923,0.578,0.3668
CJ4141150986,intermittent,trending,intermittent,是,20,11.0,median_5,否,0.0,0.0,0.0,0.0,0.5098,0.45,0.7507,0.4271
CJ4141150987,all_zero,sparse,all_zero,是,13,27.0,ma_5,否,20.0,20.0,0.0,0.0,0.8235,1.0,0.835,0.0
CJ4141150988,seasonal,seasonal,seasonal,否,23,24.0,ma_3,否,18.33,20.0,0.2688,1.67,0.6471,0.4348,0.8475,0.5477
CJ4141150992,intermittent,intermittent,intermittent,否,13,4.0,theta,是,12.22,13.0,0.1251,0.78,0.5686,0.4615,0.5727,0.655
CJ4141150995,sparse,sparse,sparse,否,13,46.0,median_5,否,0.0,0.0,0.0,0.0,0.8039,0.8462,1.3134,0.2
CJ4141150997,intermittent,sparse,intermittent,是,18,29.0,median_5,否,0.0,0.0,0.0,0.0,0.8039,0.5556,0.5285,0.493
CJ4141150998,all_zero,seasonal,all_zero,是,13,5.0,optimized_ses,否,0.01,35.0,10.2901,34.99,0.7451,1.0,0.688,0.0
CJ4141151001,intermittent,lumpy,intermittent,是,13,36.0,median_5,否,0.0,0.0,0.0,0.0,0.7843,0.7692,0.8851,0.3742
CJ4141151004,seasonal,seasonal,seasonal,否,13,12.0,median_5,否,50.0,50.0,0.0,0.0,0.3137,0.2308,0.8548,0.5663
CJ4141151007,intermittent,lumpy,intermittent,是,13,25.0,weighted_ma_5,是,66.67,60.0,0.4065,6.67,0.6078,0.6154,1.7456,0.6236
CJ4141151008,intermittent,seasonal,intermittent,是,20,39.0,optimized_ses,否,19.61,19.0,0.0465,0.61,0.5882,0.4,0.8678,0.5051
CJ4141151013,seasonal,lumpy,seasonal,是,21,8.0,theta,是,9.39,9.0,0.0361,0.39,0.5686,0.6667,0.7648,0.4082
CJ4141151026,lumpy,trending,lumpy,是,18,42.0,adida,是,5.6,4.0,0.2353,1.6,0.4314,0.3889,0.6708,0.7756
CJ4141151028,intermittent,sparse,intermittent,是,13,6.0,theta,是,2.72,6.0,2.0475,3.28,0.8235,0.7692,0.2828,0.0
CJ4141151029,lumpy,seasonal,lumpy,是,13,41.0,interval_based,否,24.89,30.0,0.4733,5.11,0.5882,0.3846,1.0267,0.8572
CJ4141180013,all_zero,seasonal,all_zero,是,13,4.0,ma_5,否,0.0,0.0,0.0,0.0,0.7843,1.0,0.9439,0.0
CJ4141200252,intermittent,intermittent,intermittent,否,18,29.0,weighted_ma_5,是,13.33,10.0,0.0725,3.33,0.6471,0.5556,0.4897,0.433
CJ4141230015,intermittent,seasonal,intermittent,是,14,20.0,theta,是,102.85,110.0,0.0675,7.15,0.7647,0.7143,0.519,0.1925
CJ4141240143,seasonal,intermittent,seasonal,是,16,2.0,holt_winters,否,11.22,5.0,0.2366,6.22,0.7647,0.6875,0.4585,0.0392
CJ4141240147,lumpy,intermittent,lumpy,是,13,23.0,winsorized,是,0.0,0.0,0.0,0.0,0.7843,0.6154,0.6629,0.7347
CJ4141240148,seasonal,intermittent,seasonal,是,24,3.0,holt_winters,否,0.0,0.0,0.0,0.0,0.7647,0.5833,0.5209,0.5666
CJ4141240149,lumpy,sparse,lumpy,是,13,4.0,croston,是,17.61,20.0,0.0543,2.39,0.8039,0.3846,0.7287,0.8425
CJ4141240173,intermittent,intermittent,intermittent,否,23,16.0,theta,是,53.38,0.0,0.3332,53.38,0.5882,0.4348,0.4776,0.4356
CJ4141240179,intermittent,intermittent,intermittent,否,24,16.0,median_5,否,0.0,5.0,0.098,5.0,0.6667,0.4167,0.5078,0.5354
CJ4141240183,trending,lumpy,trending,是,26,25.0,theta,是,1.95,4.0,0.5685,2.05,0.7647,0.6538,1.0252,0.4
CJ4141240199,seasonal,lumpy,seasonal,是,14,4.0,seasonal_naive,否,5.0,3.0,0.0922,2.0,0.7059,0.6429,0.7521,0.6755
CJ4141240205,intermittent,intermittent,intermittent,否,13,2.0,interval_based,否,21.67,25.0,0.1852,3.33,0.5882,0.5385,0.5222,0.3333
CJ4141240210,intermittent,intermittent,intermittent,否,23,13.0,median_5,否,0.0,0.0,0.0,0.0,0.5882,0.5217,0.2817,0.2824
CJ4141240228,intermittent,trending,intermittent,是,13,37.0,naive_drift,是,31.8,35.0,0.1151,3.2,0.3725,0.3846,1.0596,0.6117
CJ4141240229,intermittent,intermittent,intermittent,否,13,40.0,median_5,否,0.0,0.0,0.0,0.0,0.7059,0.6923,0.4869,0.2449
CJ4141240232,intermittent,intermittent,intermittent,否,26,22.0,median_5,否,0.0,0.0,0.0,0.0,0.5686,0.5769,0.6999,0.5378
CJ4141240233,intermittent,intermittent,intermittent,否,22,6.0,winsorized,是,6.0,6.0,0.0,0.0,0.7843,0.7727,0.6722,0.5217
CJ4141240236,all_zero,trending,all_zero,是,13,9.0,ma_5,否,0.0,0.0,0.0,0.0,0.5686,1.0,0.5273,0.0
CJ4141240237,intermittent,seasonal,intermittent,是,13,45.0,naive_drift,是,0.0,0.0,0.0,0.0,0.4902,0.6923,0.8433,0.6018
CJ4141240239,seasonal,intermittent,seasonal,是,15,6.0,ma_3,否,41.67,40.0,0.0958,1.67,0.5294,0.6,0.6204,0.4032
CJ4141240241,seasonal,trending,seasonal,是,25,46.0,weighted_ma_5,是,29.33,30.0,0.0565,0.67,0.6863,0.68,0.7958,0.4843
CJ4141240244,intermittent,intermittent,intermittent,否,24,3.0,adida,是,16.86,0.0,0.7917,16.86,0.5098,0.5833,0.4434,0.2775
CJ4141240245,all_zero,intermittent,all_zero,是,13,3.0,ma_5,否,0.0,0.0,0.0,0.0,0.7647,1.0,0.4341,0.0
CJ4141240246,intermittent,sparse,intermittent,是,20,30.0,winsorized,是,1.62,1.0,0.2232,0.62,0.8039,0.7,0.6425,0.589
CJ4141240248,seasonal,seasonal,seasonal,否,13,45.0,seasonal_naive,否,20.0,29.0,0.4787,9.0,0.6078,0.5385,0.6233,0.3892
CJ4141240250,seasonal,seasonal,seasonal,否,13,5.0,seasonal_naive,否,55.0,15.0,1.2658,40.0,0.4314,0.2308,0.6431,0.8196
CJ4141240252,intermittent,trending,intermittent,是,18,28.0,theta,是,15.21,10.0,0.2348,5.21,0.3529,0.2778,0.66,0.5171
CJ4141240256,lumpy,trending,lumpy,是,13,39.0,adida,是,17.8,0.0,0.8599,17.8,0.3529,0.5385,1.1178,0.7733
CJ4141240257,trending,seasonal,trending,是,25,7.0,damped_trend,是,16.84,9.0,0.404,7.84,0.5882,0.6,0.5869,0.4009
CJ4141240259,intermittent,lumpy,intermittent,是,14,15.0,median_5,否,10.0,9.0,0.1639,1.0,0.549,0.5714,0.834,0.4925
CJ4141240260,intermittent,intermittent,intermittent,否,25,22.0,median_5,否,0.0,0.0,0.0,0.0,0.4902,0.44,0.626,0.6601
CJ4141240261,intermittent,seasonal,intermittent,是,13,37.0,adida,是,8.75,0.0,0.7172,8.75,0.7255,0.3846,0.4899,0.437
CJ4141240262,intermittent,intermittent,intermittent,否,13,10.0,median_5,否,0.0,0.0,0.0,0.0,0.6275,0.3846,0.5024,0.4933
CJ4141240264,stable,trending,stable,是,17,4.0,naive_drift,是,100.7,99.0,0.038,1.7,0.4118,0.1765,0.4734,0.3981
CJ4141240265,seasonal,seasonal,seasonal,否,25,20.0,theta,是,3.99,4.0,0.0018,0.01,0.6863,0.64,0.5349,0.4472
CJ4141240266,trending,trending,trending,否,16,27.0,optimized_ses,否,3.21,2.0,0.4315,1.21,0.7255,0.4375,0.3963,0.3536
CJ4141240268,intermittent,intermittent,intermittent,否,13,2.0,median_5,否,0.0,0.0,0.0,0.0,0.7451,0.7692,0.5714,0.1664
CJ4141240271,seasonal,seasonal,seasonal,否,13,41.0,weighted_ma_5,是,32.67,36.0,0.2008,3.33,0.5686,0.6154,1.2006,0.7606
CJ4141240272,intermittent,trending,intermittent,是,15,20.0,ma_5,否,5.0,5.0,0.0,0.0,0.8039,0.6667,0.4372,0.4157
CJ4141240273,seasonal,sparse,seasonal,是,26,11.0,median_5,否,0.0,0.0,0.0,0.0,0.8039,0.7308,0.4738,0.3062
CJ4141240278,intermittent,intermittent,intermittent,否,13,9.0,ma_3,否,3.33,4.0,0.2778,0.67,0.7451,0.7692,0.3514,0.2828
CJ4141240279,intermittent,seasonal,intermittent,是,21,14.0,winsorized,是,5.19,5.0,0.0375,0.19,0.7647,0.7143,0.4301,0.3165
CJ4141240282,sparse,sparse,sparse,否,26,20.0,interval_based,否,2.53,3.0,0.1628,0.47,0.8431,0.8077,0.8137,0.4472
CJ4141240289,intermittent,intermittent,intermittent,否,25,22.0,median_5,否,0.0,0.0,0.0,0.0,0.7647,0.52,0.676,0.676
CJ4141240293,intermittent,seasonal,intermittent,是,13,39.0,median_5,否,15.0,19.0,1.2903,4.0,0.8235,0.6154,0.559,0.6236
CJ4141260073,all_zero,seasonal,all_zero,是,13,1.0,ma_5,否,0.0,0.0,0.0,0.0,0.6667,1.0,0.537,0.0
CJ4141260079,intermittent,intermittent,intermittent,否,24,1.0,theta,是,14.02,10.0,0.0803,4.02,0.3725,0.3333,0.4894,0.501
CJ4141260084,intermittent,seasonal,intermittent,是,13,1.0,median_5,否,0.0,0.0,0.0,0.0,0.549,0.4615,0.3229,0.3062
CJ4141260098,intermittent,seasonal,intermittent,是,13,6.0,adida,是,16.96,12.0,0.2255,4.96,0.6078,0.7692,0.5122,0.5892
CJ4141360735,intermittent,sparse,intermittent,是,13,1.0,median_5,否,0.0,0.0,0.0,0.0,0.8039,0.7692,0.0,0.0
CJ4141410133,lumpy,sparse,lumpy,是,23,24.0,ma_5,否,80.0,80.0,0.0,0.0,0.8627,0.7826,1.1205,1.0069
CJ4141410136,intermittent,trending,intermittent,是,24,23.0,median_5,否,0.0,0.0,0.0,0.0,0.7647,0.5417,0.4805,0.4669
CJ4141410137,intermittent,trending,intermittent,是,24,23.0,median_5,否,0.0,29.0,0.393,29.0,0.7451,0.5417,0.5217,0.4968
CJ4141410172,intermittent,intermittent,intermittent,否,25,23.0,tsb_opt,否,18.65,22.0,0.0129,3.35,0.7647,0.64,0.5949,0.581
CJ4141410173,intermittent,intermittent,intermittent,否,25,23.0,winsorized,是,85.0,90.0,0.0197,5.0,0.7647,0.64,0.5957,0.5627
CJ4141410210,seasonal,trending,seasonal,是,18,22.0,seasonal_naive,否,80.0,60.0,0.202,20.0,0.7647,0.5556,0.4969,0.4338
CJ4141410211,seasonal,seasonal,seasonal,否,16,22.0,theta,是,94.74,90.0,0.0687,4.74,0.8039,0.5625,0.6008,0.6484
CJ4141640173,intermittent,intermittent,intermittent,否,13,4.0,interval_based,否,29.35,15.0,0.1952,14.35,0.6275,0.6154,0.6912,0.3333
CJ4141670290,intermittent,intermittent,intermittent,否,17,15.0,median_5,否,0.0,0.0,0.0,0.0,0.7843,0.7059,0.5663,0.3125
CJ4141670314,all_zero,seasonal,all_zero,是,13,3.0,ma_5,否,0.0,0.0,0.0,0.0,0.7255,1.0,0.6856,0.0
CJ4141670383,trending,intermittent,trending,是,20,7.0,ma_3,否,501.67,700.0,0.194,198.33,0.5686,0.65,0.4945,0.5838
CJ4141670399,seasonal,seasonal,seasonal,否,26,1.0,optimized_des,否,0.0,0.0,0.0,0.0,0.2157,0.1154,0.9668,1.0672
CJ4141670447,intermittent,trending,intermittent,是,13,6.0,median_5,否,0.0,0.0,0.0,0.0,0.4118,0.3846,0.6025,0.457
CJ4141670498,lumpy,trending,lumpy,是,15,32.0,adida,是,183.04,160.0,0.0855,23.04,0.5882,0.4,1.1774,1.0255
CJ4141670499,lumpy,lumpy,lumpy,否,15,32.0,weighted_ma_5,是,333.33,320.0,0.0235,13.33,0.6667,0.4667,1.0831,1.0262
CJ4141670606,seasonal,intermittent,seasonal,是,13,14.0,holt_winters,否,0.0,0.0,0.0,0.0,0.7059,0.6154,0.4109,0.3448
CJ4141670665,stable,stable,stable,否,13,12.0,optimized_des,否,0.87,2.0,0.1128,1.13,0.1765,0.1538,0.6763,0.6736
CJ4141670668,lumpy,lumpy,lumpy,否,13,4.0,naive_drift,是,159.0,140.0,0.0712,19.0,0.2549,0.3077,0.7571,1.0597
CJ4141670717,stable,stable,stable,否,17,3.0,optimized_ses,否,757.05,800.0,0.0767,42.95,0.2353,0.2353,0.6606,0.6547
CJ4141670719,intermittent,intermittent,intermittent,否,13,7.0,ma_5,否,50.0,50.0,0.0,0.0,0.5294,0.5385,0.543,0.3902
CJ4141670727,intermittent,sparse,intermittent,是,13,12.0,croston,是,33.02,50.0,0.4715,16.98,0.8235,0.7692,0.3021,0.1768
CJ4141670733,all_zero,seasonal,all_zero,是,13,1.0,ma_5,否,0.0,0.0,0.0,0.0,0.7843,1.0,0.357,0.0
CJ4141670763,lumpy,seasonal,lumpy,是,18,29.0,median_5,否,0.0,0.0,0.0,0.0,0.7647,0.6111,0.9354,0.8864
CJ4141670784,lumpy,trending,lumpy,是,13,27.0,ma_5,否,50.0,50.0,0.0,0.0,0.8039,0.6154,0.5607,0.7438
CJ4141670785,intermittent,intermittent,intermittent,否,26,9.0,ma_3,否,8.33,5.0,0.1199,3.33,0.4118,0.3846,0.5206,0.524
CJ4141670796,intermittent,intermittent,intermittent,否,16,12.0,interval_based,否,2.17,2.0,0.0816,0.17,0.7647,0.625,0.3464,0.3194
CJ4141670805,stable,intermittent,stable,是,26,3.0,ma_7,否,217.86,217.0,0.0037,0.86,0.2941,0.0385,0.4522,0.4975
CJ4141670828,stable,trending,stable,是,13,5.0,ma_5,否,440.0,431.0,0.0383,9.0,0.098,0.0,0.549,0.4186
CJ4141670830,all_zero,trending,all_zero,是,13,3.0,ma_5,否,0.0,0.0,0.0,0.0,0.7059,1.0,0.6194,0.0
CJ4141670833,sparse,intermittent,sparse,是,23,4.0,weighted_ma_5,是,30.0,30.0,0.0,0.0,0.7843,0.8261,0.3561,0.2261
CJ4141670837,intermittent,trending,intermittent,是,18,9.0,adida,是,101.6,80.0,0.2188,21.6,0.4314,0.2778,0.3799,0.4329
CJ4141670850,intermittent,intermittent,intermittent,否,13,10.0,median_5,否,0.0,8.0,0.2051,8.0,0.7451,0.6154,0.4767,0.4249
CJ4141670852,intermittent,intermittent,intermittent,否,13,12.0,optimized_ses,否,154.22,150.0,0.0245,4.22,0.4118,0.3077,0.6684,0.5529
CJ4141670853,intermittent,intermittent,intermittent,否,13,12.0,adida,是,284.3,300.0,0.044,15.7,0.3922,0.3077,0.6924,0.5529
CJ4141670864,intermittent,seasonal,intermittent,是,13,1.0,interval_based,否,33.3,0.0,0.9098,33.3,0.2549,0.3077,0.7208,0.2128
CJ4141670865,intermittent,lumpy,intermittent,是,13,7.0,tsb_opt,否,1.78,2.0,0.0559,0.22,0.7059,0.6154,0.7086,0.3499
CJ4141670866,intermittent,intermittent,intermittent,否,26,5.0,naive_drift,是,0.0,0.0,0.0,0.0,0.3529,0.2692,0.6079,0.5223
CJ4141670873,seasonal,lumpy,seasonal,是,18,30.0,optimized_ses,否,5.0,4.0,0.185,1.0,0.7843,0.8333,1.1743,0.8081
CJ4141670879,intermittent,intermittent,intermittent,否,19,6.0,theta,是,1.49,1.0,0.1157,0.49,0.5294,0.3684,0.513,0.4896
CJ4141670881,stable,seasonal,stable,是,13,36.0,damped_trend,是,287.76,200.0,0.6618,87.76,0.7451,0.2308,0.3563,0.3967
CJ4141670883,seasonal,intermittent,seasonal,是,14,33.0,optimized_ses,否,28.95,30.0,0.0283,1.05,0.5882,0.5714,0.5098,0.3748
CJ4141670892,intermittent,seasonal,intermittent,是,16,9.0,optimized_ses,否,3.95,4.0,0.0097,0.05,0.5294,0.5625,0.4303,0.4485
CJ4141670916,intermittent,intermittent,intermittent,否,26,5.0,theta,是,16.25,10.0,0.1488,6.25,0.451,0.3846,0.5524,0.4957
CJ4141670917,intermittent,intermittent,intermittent,否,13,5.0,median_5,否,0.0,3.0,0.1508,3.0,0.6863,0.6154,0.5119,0.1481
CJ4141670918,sparse,seasonal,sparse,是,13,4.0,median_5,否,0.0,0.0,0.0,0.0,0.3529,0.9231,0.5861,0.0
CJ4141670930,seasonal,seasonal,seasonal,否,13,35.0,theta,是,0.0,0.0,0.0,0.0,0.7059,0.1538,0.6066,0.5954
CJ4141670931,trending,intermittent,trending,是,20,25.0,optimized_des,否,1227.86,1430.0,0.1764,202.14,0.2941,0.3,0.5598,0.6152
CJ4141670932,intermittent,intermittent,intermittent,否,13,19.0,median_5,否,0.0,0.0,0.0,0.0,0.6667,0.3846,0.5676,0.5533
CJ4141670934,intermittent,seasonal,intermittent,是,18,19.0,adida,是,49.9,42.0,0.1458,7.9,0.6471,0.2778,0.6346,0.6429
CJ4141670941,seasonal,trending,seasonal,是,18,18.0,holt_winters,否,150.47,124.0,0.1816,26.47,0.451,0.2778,0.423,0.4694
CJ4141670944,intermittent,trending,intermittent,是,16,23.0,sba,否,31.45,30.0,0.0317,1.45,0.6275,0.5,0.4256,0.25
CJ4141670946,seasonal,trending,seasonal,是,26,17.0,ma_3,否,700.0,740.0,0.1079,40.0,0.0588,0.0385,0.4913,0.4204
CJ4141670947,all_zero,lumpy,all_zero,是,13,9.0,ma_5,否,0.0,0.0,0.0,0.0,0.7059,1.0,1.3069,0.0
CJ4141670952,intermittent,intermittent,intermittent,否,22,4.0,median_5,否,0.0,0.0,0.0,0.0,0.4314,0.3636,0.6953,0.677
CJ4141670958,intermittent,intermittent,intermittent,否,26,11.0,median_5,否,0.0,0.0,0.0,0.0,0.6471,0.6538,0.4209,0.3402
CJ4141670962,intermittent,lumpy,intermittent,是,13,21.0,median_5,否,0.0,0.0,0.0,0.0,0.5294,0.6923,0.7573,0.5021
CJ4141670965,intermittent,seasonal,intermittent,是,13,6.0,median_5,否,0.0,0.0,0.0,0.0,0.6275,0.6923,0.3578,0.4416
CJ4141670988,trending,lumpy,trending,是,13,13.0,optimized_des,否,0.0,0.0,0.0,0.0,0.6471,0.7692,0.7028,0.2571
CJ4141670989,intermittent,intermittent,intermittent,否,13,10.0,median_5,否,0.0,0.0,0.0,0.0,0.5882,0.7692,0.5848,0.3156
CJ4141671001,intermittent,seasonal,intermittent,是,13,39.0,median_5,否,0.0,0.0,0.0,0.0,0.7843,0.6154,0.7668,0.4183
CJ4141671002,trending,intermittent,trending,是,13,5.0,optimized_des,否,12.82,13.0,0.0346,0.18,0.7451,0.8462,0.5313,0.5
CJ4141671005,all_zero,intermittent,all_zero,是,13,12.0,ma_3,否,15.0,21.0,1.0714,6.0,0.7255,1.0,0.5914,0.0
CJ4141671012,seasonal,intermittent,seasonal,是,13,10.0,optimized_hw,是,0.0,0.0,0.0,0.0,0.5294,0.7692,0.5931,0.1119
CJ4141671013,intermittent,intermittent,intermittent,否,16,31.0,median_5,否,0.0,0.0,0.0,0.0,0.7255,0.5625,0.5463,0.3135
CJ4141671014,intermittent,seasonal,intermittent,是,13,23.0,weighted_ma_5,是,50.0,50.0,0.0,0.0,0.6863,0.4615,0.6189,0.5206
CJ4141671018,all_zero,lumpy,all_zero,是,13,47.0,median_5,否,0.0,0.0,0.0,0.0,0.7843,1.0,1.072,0.0
CJ4141671021,intermittent,seasonal,intermittent,是,14,43.0,interval_based,否,60.67,60.0,0.0228,0.67,0.5686,0.2857,0.8017,0.586
CJ4141671022,intermittent,seasonal,intermittent,是,14,43.0,optimized_ses,否,61.27,60.0,0.0425,1.27,0.5686,0.2857,0.8287,0.6186
CJ4141671025,intermittent,intermittent,intermittent,否,13,30.0,adida,是,36.27,30.0,0.141,6.27,0.5686,0.5385,0.5833,0.4789
CJ4141671047,sparse,intermittent,sparse,是,13,14.0,interval_based,否,75.05,100.0,0.6671,24.95,0.7451,0.8462,0.6529,0.0909
CJ4141671048,all_zero,intermittent,all_zero,是,13,16.0,ma_5,否,0.0,0.0,0.0,0.0,0.7451,1.0,0.5477,0.0
CJ4141671049,sparse,sparse,sparse,否,13,6.0,interval_based,否,2.13,10.0,4.3704,7.87,0.8627,0.8462,0.5099,0.3333
CJ4141671056,intermittent,intermittent,intermittent,否,25,23.0,median_5,否,0.0,0.0,0.0,0.0,0.7647,0.64,0.6014,0.6329
CJ4141671072,intermittent,seasonal,intermittent,是,16,31.0,naive_drift,是,0.0,0.0,0.0,0.0,0.7843,0.625,0.8761,0.6618
CJ4141671127,all_zero,seasonal,all_zero,是,13,47.0,optimized_ses,否,44.65,41.0,3.3177,3.65,0.902,1.0,0.9143,0.0
CJ4141760055,intermittent,intermittent,intermittent,否,13,4.0,ma_5,否,150.0,150.0,0.0,0.0,0.4314,0.3077,0.4981,0.4304
CJ4141760096,stable,intermittent,stable,是,14,4.0,seasonal_naive,否,200.0,200.0,0.0,0.0,0.3922,0.2143,0.5482,0.4477
CJ4141760097,seasonal,seasonal,seasonal,否,14,9.0,ma_5,否,50.0,50.0,0.0,0.0,0.549,0.5,0.4962,0.4458
CJ4141760098,seasonal,intermittent,seasonal,是,17,5.0,optimized_hw,是,5.13,5.0,0.0394,0.13,0.7059,0.7647,0.4449,0.3464
CJ4141760101,intermittent,intermittent,intermittent,否,22,25.0,interval_based,否,43.55,30.0,0.1882,13.55,0.5686,0.5455,0.3721,0.4128
CJ4141760135,intermittent,intermittent,intermittent,否,13,7.0,interval_based,否,570.01,600.0,0.0978,29.99,0.549,0.6923,0.4301,0.3333
CJ4141760136,intermittent,trending,intermittent,是,13,22.0,interval_based,否,3.45,3.0,0.1263,0.45,0.8235,0.6923,0.4452,0.3353
CJ4141820036,seasonal,lumpy,seasonal,是,14,4.0,ma_3,否,126.67,130.0,0.0369,3.33,0.6078,0.7857,1.3563,0.6497
CJ4141820055,intermittent,seasonal,intermittent,是,14,1.0,median_5,否,5.0,0.0,0.289,5.0,0.4118,0.5714,1.7989,0.6428
CJ4142110047,intermittent,trending,intermittent,是,13,19.0,optimized_ses,否,19.05,20.0,0.0566,0.95,0.5098,0.3077,0.7569,0.5717
CJ4142110054,intermittent,lumpy,intermittent,是,18,30.0,naive_drift,是,0.0,4.0,0.1818,4.0,0.4314,0.3889,0.9881,0.6801
CJ4142430082,seasonal,seasonal,seasonal,否,13,11.0,median_5,否,50.0,49.0,0.0267,1.0,0.6275,0.3077,0.5192,0.4507
CJ4142430104,intermittent,seasonal,intermittent,是,13,10.0,tsb_opt,否,67.6,70.0,0.0321,2.4,0.5294,0.5385,0.7342,0.351
CJ4142430113,stable,seasonal,stable,是,22,5.0,interval_based,否,195.18,195.0,0.0011,0.18,0.4314,0.0455,0.6289,0.6736
CJ4142430127,seasonal,sparse,seasonal,是,19,22.0,theta,是,0.0,0.0,0.0,0.0,0.8039,0.5263,0.8932,0.9771
CJ4142430154,lumpy,seasonal,lumpy,是,13,41.0,ma_5,否,191.0,185.0,0.1002,6.0,0.8235,0.6154,0.8552,0.8359
CJ4142430200,intermittent,sparse,intermittent,是,13,20.0,naive_drift,是,53.0,40.0,0.8667,13.0,0.8235,0.6923,0.4114,0.3464
CJ4142430230,seasonal,seasonal,seasonal,否,13,11.0,ma_5,否,80.0,51.0,0.536,29.0,0.549,0.3077,0.7233,0.728
CJ4142430239,intermittent,trending,intermittent,是,13,22.0,croston,是,17.41,19.0,0.0591,1.59,0.8235,0.6154,0.5212,0.2981
CJ4142470022,trending,seasonal,trending,是,19,28.0,naive_drift,是,0.0,0.0,0.0,0.0,0.6667,0.2632,0.7533,0.8177
CJ4142470023,intermittent,trending,intermittent,是,16,29.0,ma_5,否,46.0,60.0,0.1768,14.0,0.7451,0.4375,0.4443,0.4442
CJ4142470039,seasonal,seasonal,seasonal,否,13,38.0,theta,是,15.74,15.0,0.0283,0.74,0.8235,0.4615,0.4046,0.363
CJ5010060070,intermittent,lumpy,intermittent,是,13,9.0,median_5,否,0.0,0.0,0.0,0.0,0.6863,0.6154,0.9216,0.4495
CJ5050000501,all_zero,seasonal,all_zero,是,13,7.0,optimized_ses,否,0.08,39.0,0.226,38.92,0.6667,1.0,0.5345,0.0
CJ5050000719,intermittent,stable,intermittent,是,18,17.0,theta,是,147.27,147.0,0.0026,0.27,0.1961,0.3333,0.391,0.4146
CJ5050000735,intermittent,intermittent,intermittent,否,13,3.0,croston,是,29.48,35.0,0.1255,5.52,0.7255,0.6154,0.4211,0.3499
CJ5050000765,intermittent,stable,intermittent,是,18,3.0,ma_5,否,79.0,78.0,0.0131,1.0,0.2353,0.3333,0.3646,0.3795
CJ5050000784,intermittent,intermittent,intermittent,否,26,17.0,ma_3,否,150.0,144.0,0.0858,6.0,0.549,0.5385,0.4762,0.4973
CJ5050000794,seasonal,seasonal,seasonal,否,18,23.0,ma_5,否,28.0,30.0,0.0704,2.0,0.6667,0.1111,0.609,0.6334
CJ5050000802,trending,seasonal,trending,是,13,7.0,optimized_hw,是,63.63,56.0,0.5527,7.63,0.8039,0.8462,0.6019,0.3333
CJ5050000869,sparse,trending,sparse,是,13,41.0,median_5,否,15.0,15.0,0.0,0.0,0.8627,0.8462,0.9996,0.5652
CJ5050000871,seasonal,seasonal,seasonal,否,13,41.0,weighted_ma_5,是,11.67,12.0,0.0606,0.33,0.8627,0.8462,0.8089,0.0526
CJ5050000881,trending,seasonal,trending,是,13,25.0,naive_drift,是,0.0,0.0,0.0,0.0,0.7255,0.6154,0.5344,0.3918
CJ5050000889,seasonal,trending,seasonal,是,13,23.0,theta,是,16.02,14.0,0.0933,2.02,0.7647,0.5385,0.8231,0.3284
CJ5050000897,intermittent,intermittent,intermittent,否,26,10.0,median_5,否,30.0,49.0,0.5828,19.0,0.7451,0.7692,0.5488,0.3715
CJ5050000919,intermittent,seasonal,intermittent,是,13,37.0,croston,是,30.59,31.0,0.0466,0.41,0.7647,0.3846,0.7039,0.6379
CJ5050000999,seasonal,seasonal,seasonal,否,26,8.0,median_5,否,120.0,119.0,0.0104,1.0,0.2941,0.2692,0.5318,0.5137
CJ5050001005,lumpy,seasonal,lumpy,是,16,31.0,median_5,否,0.0,0.0,0.0,0.0,0.7843,0.375,0.7502,0.7031
CJ5050001013,seasonal,seasonal,seasonal,否,14,40.0,ma_3,否,5.0,7.0,0.3571,2.0,0.7647,0.4286,0.5909,0.5644
CJ5050001018,seasonal,seasonal,seasonal,否,13,41.0,seasonal_naive,否,83.0,62.0,2.234,21.0,0.7647,0.4615,0.345,0.2201
CJ5050001043,erratic,trending,erratic,是,21,26.0,adida,是,29.02,33.0,0.1387,3.98,0.549,0.1429,0.983,0.9847
CJ5050001055,stable,seasonal,stable,是,13,7.0,seasonal_naive,否,60.0,50.0,0.3247,10.0,0.5098,0.2308,0.6026,0.6553
CJ5050001071,erratic,seasonal,erratic,是,13,36.0,theta,是,0.0,68.0,0.394,68.0,0.6863,0.1538,0.9938,0.7818
CJ5050001091,seasonal,seasonal,seasonal,否,14,31.0,holt_winters,否,0.0,0.0,0.0,0.0,0.7451,0.2143,0.8455,0.9304
CJ5050001112,lumpy,seasonal,lumpy,是,13,37.0,ma_5,否,61.0,66.0,0.1712,5.0,0.7451,0.3846,0.8065,0.7661
CJ5050001123,seasonal,seasonal,seasonal,否,14,34.0,ma_3,否,51.67,52.0,0.0081,0.33,0.6863,0.4286,0.5252,0.5513
CJ5050001155,all_zero,trending,all_zero,是,13,3.0,ma_5,否,0.0,0.0,0.0,0.0,0.7647,1.0,0.996,0.0
CJ5050001156,sparse,lumpy,sparse,是,26,8.0,ma_5,否,19.0,19.0,0.0,0.0,0.7647,0.9231,1.0727,0.9495
CJ5050001157,seasonal,seasonal,seasonal,否,26,14.0,optimized_ses,否,25.03,25.0,0.0002,0.03,0.6275,0.7692,0.8082,0.768
CJ5050001158,intermittent,intermittent,intermittent,否,26,6.0,ma_5,否,4.0,4.0,0.0,0.0,0.7647,0.7692,0.5019,0.3757
CJ5050001159,sparse,trending,sparse,是,13,6.0,ma_3,否,16.67,15.0,0.0333,1.67,0.6863,0.9231,0.4311,0.0
CJ5050001171,lumpy,seasonal,lumpy,是,18,42.0,theta,是,50.95,58.0,0.148,7.05,0.6863,0.2778,0.8125,0.7599
CJ5050001191,intermittent,trending,intermittent,是,13,36.0,winsorized,是,15.56,53.0,7.3407,37.44,0.8235,0.5385,0.7284,0.5528
CJ5050001237,seasonal,intermittent,seasonal,是,26,5.0,median_5,否,160.0,171.0,0.087,11.0,0.3725,0.1538,0.6979,0.5702
CJ5050001263,intermittent,seasonal,intermittent,是,13,26.0,interval_based,否,13.0,11.0,0.2439,2.0,0.7255,0.4615,0.606,0.6856
CJ5050001266,trending,seasonal,trending,是,13,44.0,seasonal_naive,否,7.0,13.0,2.2222,6.0,0.8431,0.7692,0.2782,0.2449
CJ5050001352,sparse,seasonal,sparse,是,13,44.0,median_5,否,20.0,20.0,0.0,0.0,0.8627,0.8462,0.5855,0.4667
CJ5050001429,seasonal,seasonal,seasonal,否,13,41.0,holt_winters,否,76.77,72.0,0.2497,4.77,0.8824,0.8462,0.6505,0.1594
CJ5050120413,lumpy,seasonal,lumpy,是,13,42.0,median_5,否,15.0,12.0,0.625,3.0,0.8235,0.6923,0.8173,0.8419
CJ5050120525,trending,seasonal,trending,是,13,42.0,ma_3,否,16.67,20.0,1.1905,3.33,0.8235,0.6154,0.6479,0.4146
CJ5050120552,lumpy,trending,lumpy,是,13,43.0,adida,是,58.53,59.0,0.0057,0.47,0.549,0.4615,1.2245,1.4698
CJ5050240118,intermittent,seasonal,intermittent,是,13,43.0,weighted_ma_5,是,26.0,27.0,0.0862,1.0,0.6078,0.7692,0.9105,0.0707
CJ5050240119,intermittent,sparse,intermittent,是,22,31.0,winsorized,是,6.88,9.0,0.4087,2.12,0.8039,0.7727,0.3253,0.2339
CJ5050240126,intermittent,intermittent,intermittent,否,18,20.0,median_5,否,0.0,0.0,0.0,0.0,0.7647,0.5556,0.3401,0.2979
CJ5050270140,intermittent,seasonal,intermittent,是,14,35.0,adida,是,3.4,4.0,0.2143,0.6,0.7843,0.2857,0.4242,0.4146
CJ6060010115,intermittent,intermittent,intermittent,否,26,4.0,weighted_ma_5,是,16033.33,16900.0,0.0383,866.67,0.3922,0.3077,0.5058,0.377
CJ6060020037,intermittent,intermittent,intermittent,否,13,6.0,median_5,否,0.0,0.0,0.0,0.0,0.7647,0.6154,0.4518,0.5714
CJ6060030155,seasonal,seasonal,seasonal,否,13,32.0,optimized_ses,否,365.91,350.0,0.0353,15.91,0.7843,0.6923,0.4788,0.2906
CJ6060060164,intermittent,seasonal,intermittent,是,22,14.0,winsorized,是,259.38,250.0,0.0342,9.38,0.6863,0.4545,0.3817,0.4294
CJ6060060674,seasonal,intermittent,seasonal,是,14,7.0,theta,是,45.7,40.0,0.0597,5.7,0.4902,0.5,0.3506,0.3062
CJ6060060675,intermittent,intermittent,intermittent,否,26,5.0,ma_3,否,50.0,40.0,0.0912,10.0,0.4902,0.4615,0.2888,0.2385
CJ6060060676,intermittent,intermittent,intermittent,否,25,4.0,ma_3,否,50.0,40.0,0.0998,10.0,0.4902,0.48,0.4789,0.3982
CJ6060060677,intermittent,intermittent,intermittent,否,22,8.0,ma_3,否,50.0,53.0,0.0473,3.0,0.5294,0.4545,0.531,0.4136
CJ6060060678,intermittent,intermittent,intermittent,否,13,3.0,ma_3,否,100.0,97.0,0.0228,3.0,0.5686,0.6154,0.3891,0.3519
CJ6060060679,intermittent,intermittent,intermittent,否,13,4.0,ma_5,否,200.0,200.0,0.0,0.0,0.7059,0.7692,0.3113,0.3536
CJ6060060680,intermittent,intermittent,intermittent,否,13,3.0,ma_5,否,100.0,100.0,0.0,0.0,0.7255,0.7692,0.3149,0.0
CJ6060080689,intermittent,seasonal,intermittent,是,25,20.0,adida,是,171.88,150.0,0.0795,21.88,0.7255,0.52,0.3191,0.3464
CJ6060080880,intermittent,seasonal,intermittent,是,22,7.0,sba,否,969.25,500.0,0.4346,469.25,0.3922,0.2727,0.3132,0.3001
CJ6060080935,intermittent,intermittent,intermittent,否,25,8.0,sba,否,551.53,400.0,0.1871,151.53,0.5686,0.52,0.4411,0.4201
CJ6060080976,seasonal,stable,seasonal,是,16,11.0,ma_3,否,15166.67,14700.0,0.0299,466.67,0.2157,0.125,0.4776,0.3803
CJ6060080977,stable,seasonal,stable,是,13,13.0,damped_trend,是,975.8,900.0,0.0877,75.8,0.1961,0.0769,0.324,0.3898
CJ6060080982,seasonal,seasonal,seasonal,否,13,32.0,optimized_des,否,279.01,350.0,0.1711,70.99,0.7451,0.5385,0.629,0.4883
CJ6060081006,intermittent,seasonal,intermittent,是,13,,sba,否,625.89,300.0,0.2831,325.89,0.549,0.6154,0.1871,0.0
CJ6060081009,intermittent,intermittent,intermittent,否,13,16.0,adida,是,197.06,200.0,0.009,2.94,0.5686,0.4615,0.3709,0.4485
CJ6060081497,sparse,lumpy,sparse,是,13,32.0,median_5,否,0.0,0.0,0.0,0.0,0.3725,0.8462,1.0717,0.76
CJ6060081498,seasonal,lumpy,seasonal,是,25,1.0,optimized_des,否,0.0,0.0,0.0,0.0,0.7255,0.84,0.7348,0.0
CJ6060081669,all_zero,seasonal,all_zero,是,13,3.0,ma_5,否,0.0,0.0,0.0,0.0,0.6471,1.0,0.8062,0.0
CJ6060081675,trending,seasonal,trending,是,26,1.0,seasonal_naive,否,14.0,10.0,0.0946,4.0,0.1373,0.1154,1.0878,0.6418
CJ6060081682,seasonal,seasonal,seasonal,否,20,5.0,median_5,否,25.0,28.0,0.1038,3.0,0.1373,0.1,0.9085,0.9354
CJ6060081683,erratic,trending,erratic,是,22,5.0,adida,是,53.3,52.0,0.0316,1.3,0.0784,0.0455,1.316,0.7046
CJ6060081704,stable,seasonal,stable,是,26,1.0,ma_3,否,6.67,5.0,0.0916,1.67,0.1569,0.1154,0.6576,0.5858
CJ6060081707,seasonal,seasonal,seasonal,否,25,3.0,optimized_hw,是,3.22,2.0,0.0528,1.22,0.1765,0.2,0.882,0.8696
CJ6060081758,intermittent,intermittent,intermittent,否,13,4.0,naive_drift,是,106.0,100.0,0.0833,6.0,0.5294,0.4615,0.3825,0.1884
CJ6060081771,intermittent,lumpy,intermittent,是,26,2.0,ma_5,否,2.0,2.0,0.0,0.0,0.4314,0.3846,0.8021,0.6547
CJ6060081789,intermittent,seasonal,intermittent,是,21,3.0,median_5,否,0.0,0.0,0.0,0.0,0.6275,0.7619,0.9308,0.3499
CJ6060081881,seasonal,seasonal,seasonal,否,13,3.0,median_5,否,0.0,1.0,0.2174,1.0,0.7451,0.7692,0.6319,0.4082
CJ6060081955,stable,intermittent,stable,是,13,4.0,interval_based,否,49.6,30.0,0.3229,19.6,0.3725,0.2308,0.5707,0.5886
CJ6060081961,stable,intermittent,stable,是,13,4.0,interval_based,否,49.6,30.0,0.3305,19.6,0.3725,0.2308,0.5429,0.6056
CJ6060081972,seasonal,seasonal,seasonal,否,13,20.0,seasonal_naive,否,0.0,0.0,0.0,0.0,0.6078,0.6923,0.6095,0.348
CJ6060082032,stable,trending,stable,是,25,17.0,ma_3,否,25.0,25.0,0.0,0.0,0.1569,0.12,0.8865,0.5596
CJ6060082040,intermittent,seasonal,intermittent,是,14,37.0,ma_3,否,50.0,50.0,0.0,0.0,0.5686,0.5714,0.3569,0.3194
CJ6060082042,stable,intermittent,stable,是,25,2.0,interval_based,否,34.98,40.0,0.1335,5.02,0.3333,0.24,0.3807,0.3465
CJ6060082043,intermittent,intermittent,intermittent,否,20,4.0,tsb_opt,否,323.24,200.0,0.1893,123.24,0.5098,0.6,0.2285,0.0164
CJ6060082044,intermittent,intermittent,intermittent,否,20,4.0,tsb_opt,否,319.96,200.0,0.1857,119.96,0.5098,0.6,0.2046,0.0
CJ6060082054,lumpy,lumpy,lumpy,否,25,3.0,median_5,否,15.0,13.0,0.1053,2.0,0.2549,0.28,0.752,0.866
CJ6060082055,seasonal,intermittent,seasonal,是,16,9.0,theta,是,3.3,0.0,0.4459,3.3,0.3529,0.375,0.5199,0.4492
CJ6060082056,intermittent,lumpy,intermittent,是,14,27.0,ma_5,否,6.0,6.0,0.0,0.0,0.6275,0.6429,0.9122,0.6519
CJ6060082061,erratic,lumpy,erratic,是,20,7.0,median_5,否,10.0,6.0,0.2094,4.0,0.2549,0.15,0.794,1.115
CJ6060082062,erratic,lumpy,erratic,是,16,18.0,adida,是,13.4,10.0,0.1932,3.4,0.2745,0.1875,1.051,0.8213
CJ6060082063,intermittent,intermittent,intermittent,否,13,10.0,croston,是,3.11,2.0,0.2213,1.11,0.6471,0.5385,0.348,0.2887
CJ6060082075,erratic,erratic,erratic,否,25,22.0,naive_drift,是,47.7,40.0,0.2232,7.7,0.1961,0.16,1.2363,1.302
CJ6060100020,intermittent,seasonal,intermittent,是,25,2.0,median_5,否,0.0,0.0,0.0,0.0,0.7059,0.76,0.657,0.0
CJ6060230004,intermittent,intermittent,intermittent,否,13,12.0,sba,否,1271.64,1000.0,0.1393,271.64,0.5098,0.4615,0.5668,0.3809
CJ6060230006,lumpy,trending,lumpy,是,23,24.0,interval_based,否,4676.92,4400.0,0.0675,276.92,0.6667,0.4783,0.9315,1.0061
CJ6060230009,seasonal,seasonal,seasonal,否,18,17.0,optimized_hw,是,22014.99,16000.0,0.3151,6014.99,0.1373,0.1111,0.3858,0.4002
CJ6060240002,sparse,seasonal,sparse,是,15,40.0,median_5,否,0.0,0.0,0.0,0.0,0.7255,0.8,0.866,0.7874
CJ6060240040,intermittent,intermittent,intermittent,否,13,26.0,median_5,否,0.0,200.0,0.1786,200.0,0.6275,0.4615,0.3366,0.3062
CJ6060260168,lumpy,lumpy,lumpy,否,26,10.0,croston,是,46.03,42.0,0.0512,4.03,0.6471,0.6923,0.7506,0.7295
CJ6060260176,intermittent,trending,intermittent,是,19,10.0,tsb_opt,否,147.82,150.0,0.0212,2.18,0.6078,0.3684,0.5289,0.4536
CJ6060260183,seasonal,seasonal,seasonal,否,17,7.0,ma_3,否,666.67,600.0,0.1856,66.67,0.5686,0.2941,0.4629,0.3102
CJ6060260206,intermittent,seasonal,intermittent,是,13,37.0,weighted_ma_5,是,28.33,40.0,1.3725,11.67,0.8039,0.4615,0.5125,0.5569
CJ6060260312,stable,stable,stable,否,17,1.0,holt_winters,否,5826.2,5000.0,0.1503,826.2,0.1961,0.1176,0.394,0.4372
CJ6060280006,intermittent,intermittent,intermittent,否,24,3.0,ma_3,否,333.33,200.0,0.2045,133.33,0.5294,0.5833,0.2102,0.0983
CJ6060390028,sparse,intermittent,sparse,是,23,2.0,ma_5,否,30.0,30.0,0.0,0.0,0.7451,0.8261,0.4308,0.4738
CJ6060390055,trending,intermittent,trending,是,13,14.0,optimized_hw,是,53.36,40.0,0.1995,13.36,0.7451,0.6923,0.4819,0.2
CJ7070050070,seasonal,intermittent,seasonal,是,16,3.0,optimized_hw,是,267.96,275.0,0.0198,7.04,0.7843,0.6875,0.3111,0.3644
CJ7070380003,intermittent,intermittent,intermittent,否,22,25.0,ma_3,否,50.0,70.0,0.4255,20.0,0.6863,0.7273,0.6211,0.4448
CJ7070480391,stable,intermittent,stable,是,18,4.0,optimized_ses,否,42.59,30.0,0.1985,12.59,0.3725,0.2222,0.6901,0.5339
CJ7070480392,stable,intermittent,stable,是,18,4.0,ma_5,否,48.0,30.0,0.2691,18.0,0.3725,0.2222,0.665,0.6036
CJ7070480397,seasonal,sparse,seasonal,是,13,30.0,theta,是,161.38,150.0,0.0421,11.38,0.8039,0.7692,0.6479,0.2828
CJ7070480398,seasonal,sparse,seasonal,是,13,30.0,theta,是,161.38,150.0,0.0421,11.38,0.8039,0.7692,0.6479,0.2828
CJ7070480399,intermittent,sparse,intermittent,是,16,30.0,weighted_ma_5,是,66.67,100.0,0.1282,33.33,0.8039,0.625,0.5978,0.5345
CJ7070480400,seasonal,trending,seasonal,是,16,30.0,theta,是,243.0,250.0,0.0304,7.0,0.8431,0.75,0.378,0.1925
CJ7070480402,intermittent,sparse,intermittent,是,17,28.0,ma_5,否,100.0,100.0,0.0,0.0,0.8235,0.7059,0.3955,0.3062
CJ7070480403,intermittent,trending,intermittent,是,16,29.0,adida,是,156.25,150.0,0.026,6.25,0.8039,0.625,0.3333,0.2828
CJ7070480404,intermittent,seasonal,intermittent,是,16,28.0,sba,否,261.43,250.0,0.0635,11.43,0.8431,0.6875,0.3333,0.2222
CJ7070480405,intermittent,sparse,intermittent,是,17,27.0,winsorized,是,37.5,50.0,0.0772,12.5,0.8235,0.7059,0.5791,0.4157
CJ7070480409,intermittent,trending,intermittent,是,16,29.0,winsorized,是,250.0,250.0,0.0,0.0,0.8235,0.625,0.3194,0.2033
CJ7070540079,sparse,intermittent,sparse,是,13,11.0,median_5,否,0.0,0.0,0.0,0.0,0.6863,0.8462,0.3287,0.0
CJ7070540080,all_zero,seasonal,all_zero,是,13,5.0,ma_5,否,0.0,0.0,0.0,0.0,0.8039,1.0,0.1579,0.0
CJ7070540101,sparse,intermittent,sparse,是,13,4.0,median_5,否,0.0,0.0,0.0,0.0,0.7843,0.9231,0.4714,0.0
CJ7070540108,trending,intermittent,trending,是,13,22.0,weighted_ma_5,是,1.0,1.0,0.0,0.0,0.7255,0.8462,0.3062,0.0
CJ7070540109,trending,intermittent,trending,是,13,22.0,weighted_ma_5,是,1.0,1.0,0.0,0.0,0.7255,0.8462,0.3062,0.0
CJ7070540114,intermittent,sparse,intermittent,是,13,23.0,ma_5,否,1.0,1.0,0.0,0.0,0.8039,0.7692,0.6374,0.3536
CJ7070540115,intermittent,sparse,intermittent,是,13,23.0,ma_5,否,1.0,1.0,0.0,0.0,0.8039,0.7692,0.6374,0.3536
CJ7070540186,intermittent,seasonal,intermittent,是,25,6.0,sba,否,460.22,460.0,0.0005,0.22,0.5294,0.32,0.5306,0.4756
CJ7070540187,intermittent,seasonal,intermittent,是,16,31.0,adida,是,105.21,100.0,0.033,5.21,0.7451,0.5625,0.5928,0.4176
CJ7070540188,intermittent,seasonal,intermittent,是,16,31.0,adida,是,105.21,100.0,0.033,5.21,0.7451,0.5625,0.5928,0.4176
CJ7070540189,stable,seasonal,stable,是,19,13.0,seasonal_naive,否,200.0,400.0,1.0741,200.0,0.6275,0.2105,0.5937,0.5751
CJ7070540200,intermittent,lumpy,intermittent,是,26,4.0,median_5,否,5.0,5.0,0.0,0.0,0.7843,0.7308,2.2154,0.3464
CJ7070540201,intermittent,lumpy,intermittent,是,26,4.0,median_5,否,5.0,5.0,0.0,0.0,0.7843,0.7308,2.2154,0.3464
CJ7070540233,seasonal,intermittent,seasonal,是,13,4.0,optimized_hw,是,0.77,1.0,0.1153,0.23,0.7843,0.8462,0.4865,0.0
CJ7070540234,seasonal,intermittent,seasonal,是,13,4.0,optimized_hw,是,0.77,1.0,0.1153,0.23,0.7843,0.8462,0.4865,0.0
CJ7070540235,stable,stable,stable,否,26,3.0,seasonal_naive,否,807.0,700.0,0.3069,107.0,0.0588,0.0385,0.3736,0.3529
CJ7070540236,stable,stable,stable,否,26,3.0,seasonal_naive,否,807.0,700.0,0.3062,107.0,0.0588,0.0385,0.3738,0.3525
CJ7070540237,stable,stable,stable,否,26,3.0,seasonal_naive,否,757.0,700.0,0.1552,57.0,0.0588,0.0385,0.3784,0.38
CJ7070540245,intermittent,intermittent,intermittent,否,13,2.0,ma_3,否,233.33,240.0,0.015,6.67,0.4706,0.3077,0.57,0.374
CJ7070540253,intermittent,seasonal,intermittent,是,25,2.0,interval_based,否,3.67,4.0,0.0859,0.33,0.5882,0.64,0.4493,0.2828
CJ7070540254,intermittent,seasonal,intermittent,是,25,2.0,interval_based,否,3.67,4.0,0.0859,0.33,0.5882,0.64,0.4493,0.2828
CJ7070540257,stable,lumpy,stable,是,16,19.0,seasonal_naive,否,9.0,9.0,0.0,0.0,0.4706,0.1875,0.8554,0.6893
CJ7070540271,intermittent,lumpy,intermittent,是,25,25.0,optimized_ses,否,4.25,4.0,0.0519,0.25,0.6667,0.68,1.0816,0.3333
CJ7070540272,intermittent,lumpy,intermittent,是,25,25.0,optimized_ses,否,4.25,4.0,0.0519,0.25,0.6667,0.68,1.0816,0.3333
CJ7070540280,intermittent,sparse,intermittent,是,13,2.0,winsorized,是,113.5,110.0,0.0254,3.5,0.8431,0.7692,0.4898,0.271
CJ7070540283,seasonal,intermittent,seasonal,是,14,4.0,seasonal_naive,否,8.0,6.0,0.1587,2.0,0.4706,0.5,0.6234,0.5944
CJ7070540284,intermittent,seasonal,intermittent,是,16,26.0,optimized_ses,否,2.82,3.0,0.0617,0.18,0.8039,0.5625,0.4492,0.4507
CJ7070540293,intermittent,seasonal,intermittent,是,13,5.0,ma_5,否,1.0,1.0,0.0,0.0,0.7843,0.6923,0.0,0.0
CJ7070540304,erratic,seasonal,erratic,是,13,43.0,naive_drift,是,0.0,2.0,0.3125,2.0,0.4118,0.0769,0.9815,0.7725
CJ7070540305,erratic,seasonal,erratic,是,13,43.0,naive_drift,是,0.0,2.0,0.3125,2.0,0.4118,0.0769,0.9815,0.7725
CJ7070540309,intermittent,sparse,intermittent,是,13,14.0,median_5,否,0.0,0.0,0.0,0.0,0.8039,0.6154,0.2727,0.0
CJ7070540310,intermittent,sparse,intermittent,是,13,14.0,median_5,否,0.0,0.0,0.0,0.0,0.8039,0.6154,0.2727,0.0
CJ7070540311,lumpy,lumpy,lumpy,否,13,45.0,median_5,否,0.0,0.0,0.0,0.0,0.7451,0.7692,1.6658,1.1362
CJ7070540340,erratic,erratic,erratic,否,13,13.0,sba,否,48.29,25.0,0.6194,23.29,0.0392,0.0,0.8963,0.7422
CJ7070540341,erratic,stable,erratic,是,13,18.0,adida,是,46.6,25.0,0.6506,21.6,0.0196,0.0,0.6838,0.7422
CJ7070540349,stable,seasonal,stable,是,13,43.0,naive_drift,是,211.1,220.0,0.1114,8.9,0.0392,0.0,0.7702,0.4487
CJ7070540350,stable,seasonal,stable,是,13,32.0,naive_drift,是,211.1,220.0,0.1031,8.9,0.0392,0.0,0.7682,0.4793
CJ7070540351,stable,seasonal,stable,是,13,31.0,naive_drift,是,211.1,220.0,0.1145,8.9,0.0392,0.0,0.7772,0.4487
CJ7070540354,seasonal,seasonal,seasonal,否,13,6.0,seasonal_naive,否,175.0,150.0,0.3255,25.0,0.098,0.0769,0.6649,0.5563
CJ7070540357,erratic,erratic,erratic,否,13,47.0,median_5,否,25.0,15.0,0.3125,10.0,0.0784,0.0769,1.3014,0.7159
CJ7070540358,erratic,erratic,erratic,否,13,47.0,median_5,否,25.0,15.0,0.3125,10.0,0.0784,0.0769,1.3014,0.7159
CJ7070540360,intermittent,lumpy,intermittent,是,13,36.0,median_5,否,0.0,0.0,0.0,0.0,0.6667,0.6154,0.7262,0.5376
CJ7070540361,intermittent,lumpy,intermittent,是,13,36.0,median_5,否,0.0,0.0,0.0,0.0,0.6667,0.6154,0.7262,0.5376
CJ7070540362,intermittent,intermittent,intermittent,否,26,21.0,theta,是,11.53,12.0,0.0606,0.47,0.2941,0.3077,0.6411,0.5122
CJ7070540363,intermittent,intermittent,intermittent,否,26,21.0,theta,是,11.53,12.0,0.0606,0.47,0.2941,0.3077,0.6411,0.5122
CJ7070540372,intermittent,intermittent,intermittent,否,26,3.0,optimized_ses,否,6.38,6.0,0.0602,0.38,0.4314,0.5769,0.4829,0.357
CJ7070540373,intermittent,intermittent,intermittent,否,26,3.0,croston,是,4.88,5.0,0.0196,0.12,0.4314,0.5769,0.4829,0.357
CJ7070540374,intermittent,intermittent,intermittent,否,26,3.0,median_5,否,5.0,5.0,0.0,0.0,0.4118,0.5385,0.4777,0.3401
CJ7070540391,seasonal,intermittent,seasonal,是,26,10.0,optimized_hw,是,2.35,3.0,0.1677,0.65,0.7843,0.7308,0.6057,0.691
CJ7070540392,seasonal,intermittent,seasonal,是,26,10.0,optimized_hw,是,2.35,3.0,0.1677,0.65,0.7843,0.7308,0.6057,0.691
CJ7070540393,seasonal,intermittent,seasonal,是,17,32.0,ma_5,否,2.0,2.0,0.0,0.0,0.7255,0.5882,0.3379,0.3464
CJ7070540394,seasonal,intermittent,seasonal,是,17,32.0,ma_5,否,2.0,2.0,0.0,0.0,0.7255,0.5882,0.3379,0.3464
CJ7070540433,intermittent,intermittent,intermittent,否,26,8.0,median_5,否,0.0,0.0,0.0,0.0,0.7647,0.7692,0.2041,0.172
CJ7070540442,intermittent,trending,intermittent,是,21,26.0,winsorized,是,102.5,98.0,0.0304,4.5,0.7451,0.5714,0.6036,0.5927
CJ7070540443,intermittent,trending,intermittent,是,21,26.0,winsorized,是,102.5,98.0,0.0304,4.5,0.7451,0.5714,0.6036,0.5927
CJ7070540466,stable,seasonal,stable,是,14,11.0,theta,是,414.39,350.0,0.222,64.39,0.549,0.2143,0.7508,0.539
CJ7070540467,stable,seasonal,stable,是,14,11.0,theta,是,418.0,350.0,0.2371,68.0,0.549,0.2143,0.73,0.5492
CJ7070540468,stable,seasonal,stable,是,13,8.0,naive_drift,是,1060.0,600.0,0.8493,460.0,0.4902,0.1538,0.7449,0.5409
CJ7070540469,lumpy,lumpy,lumpy,否,13,41.0,weighted_ma_5,是,1.0,1.0,0.0,0.0,0.7843,0.7692,1.0512,0.7874
CJ7070540472,lumpy,lumpy,lumpy,否,13,41.0,weighted_ma_5,是,1.0,1.0,0.0,0.0,0.7843,0.7692,1.0512,0.7874
CJ7070540496,stable,seasonal,stable,是,14,46.0,theta,是,147.3,203.0,1.914,55.7,0.2745,0.0714,1.3589,0.4334
CJ7070540503,seasonal,seasonal,seasonal,否,13,48.0,seasonal_naive,否,15.0,15.0,0.0,0.0,0.451,0.3846,1.1661,0.7873
CJ7070540504,seasonal,seasonal,seasonal,否,13,48.0,seasonal_naive,否,15.0,15.0,0.0,0.0,0.451,0.3846,1.1661,0.7873
CJ7070540534,erratic,seasonal,erratic,是,13,44.0,theta,是,68.0,72.0,0.0607,4.0,0.1961,0.0,1.0219,0.8242
CJ7070540563,lumpy,seasonal,lumpy,是,13,47.0,median_5,否,80.0,80.0,0.0,0.0,0.4314,0.3846,1.4477,0.8793
CJ7070540572,seasonal,intermittent,seasonal,是,22,30.0,median_5,否,0.0,1.0,0.2941,1.0,0.6863,0.6364,0.6667,0.7423
CJ7070540575,erratic,seasonal,erratic,是,13,36.0,ma_3,否,26.67,56.0,4.6561,29.33,0.7059,0.2308,0.8922,0.8403
CJ7070540576,erratic,seasonal,erratic,是,13,36.0,ma_3,否,26.67,56.0,4.6561,29.33,0.7059,0.2308,0.8922,0.8403
CJ7070540622,seasonal,seasonal,seasonal,否,13,40.0,damped_trend,是,134.43,150.0,0.2304,15.57,0.8431,0.5385,0.8823,1.0275
CJ7070540623,seasonal,seasonal,seasonal,否,13,40.0,damped_trend,是,145.53,150.0,0.0661,4.47,0.8431,0.5385,0.7676,0.8938
CJ7070540624,seasonal,seasonal,seasonal,否,13,40.0,optimized_ses,否,261.36,250.0,0.0987,11.36,0.8235,0.4615,0.7404,0.8921
CJ8080021308,seasonal,intermittent,seasonal,是,18,4.0,theta,是,0.0,0.0,0.0,0.0,0.7647,0.6667,0.6872,0.3194
CJ8080430619,lumpy,lumpy,lumpy,否,13,5.0,median_5,否,0.0,0.0,0.0,0.0,0.7451,0.4615,0.7926,0.7837
CJ9090050033,lumpy,lumpy,lumpy,否,13,36.0,theta,是,0.63,1.0,0.0924,0.37,0.7255,0.6154,0.7454,0.7273
CJ9090050095,intermittent,sparse,intermittent,是,13,18.0,median_5,否,0.0,0.0,0.0,0.0,0.8039,0.7692,0.8571,0.0
CJ9090050125,seasonal,seasonal,seasonal,否,21,21.0,optimized_ses,否,391.0,412.0,0.1175,21.0,0.549,0.3333,0.8986,0.895
